[0.000000] (-) TimerEvent: {}
[0.000178] (my_package) JobQueued: {'identifier': 'my_package', 'dependencies': OrderedDict()}
[0.000398] (py_pubsub) JobQueued: {'identifier': 'py_pubsub', 'dependencies': OrderedDict()}
[0.000494] (sim_utils) JobQueued: {'identifier': 'sim_utils', 'dependencies': OrderedDict()}
[0.000521] (task_1) JobQueued: {'identifier': 'task_1', 'dependencies': OrderedDict()}
[0.000546] (task_2_interfaces) JobQueued: {'identifier': 'task_2_interfaces', 'dependencies': OrderedDict()}
[0.000569] (turtlebot3_gazebo) JobQueued: {'identifier': 'turtlebot3_gazebo', 'dependencies': OrderedDict()}
[0.000592] (task_2) JobQueued: {'identifier': 'task_2', 'dependencies': OrderedDict([('task_2_interfaces', '/home/me597/ros2/sim_ws/install/task_2_interfaces')])}
[0.000618] (task_2_interfaces) JobStarted: {'identifier': 'task_2_interfaces'}
[0.004846] (my_package) JobStarted: {'identifier': 'my_package'}
[0.017379] (task_2_interfaces) JobProgress: {'identifier': 'task_2_interfaces', 'progress': 'cmake'}
[0.017440] (task_2_interfaces) Command: {'cmd': ['/usr/bin/cmake', '/home/me597/ros2/sim_ws/src/ME597/task_2_interfaces', '-DCMAKE_INSTALL_PREFIX=/home/me597/ros2/sim_ws/install/task_2_interfaces'], 'cwd': '/home/me597/ros2/sim_ws/build/task_2_interfaces', 'env': OrderedDict([('GJS_DEBUG_TOPICS', 'JS ERROR;JS LOG'), ('LESSOPEN', '| /usr/bin/lesspipe %s'), ('USER', 'me597'), ('GIO_MODULE_DIR', '/home/me597/snap/code/common/.cache/gio-modules'), ('XDG_SESSION_TYPE', 'wayland'), ('GIT_ASKPASS', '/snap/code/167/usr/share/code/resources/app/extensions/git/dist/askpass.sh'), ('GTK_EXE_PREFIX_VSCODE_SNAP_ORIG', ''), ('GDK_BACKEND_VSCODE_SNAP_ORIG', ''), ('SHLVL', '1'), ('LD_LIBRARY_PATH', '/usr/lib/x86_64-linux-gnu/gazebo-11/plugins:/opt/ros/humble/opt/rviz_ogre_vendor/lib:/opt/ros/humble/lib/x86_64-linux-gnu:/opt/ros/humble/lib'), ('HOME', '/home/me597'), ('CHROME_DESKTOP', 'code-url-handler.desktop'), ('LOCPATH_VSCODE_SNAP_ORIG', ''), ('TERM_PROGRAM_VERSION', '1.92.2'), ('DESKTOP_SESSION', 'ubuntu'), ('GTK_PATH', '/snap/code/167/usr/lib/x86_64-linux-gnu/gtk-3.0'), ('GTK_IM_MODULE_FILE', '/home/me597/snap/code/common/.cache/immodules/immodules.cache'), ('GIO_LAUNCHED_DESKTOP_FILE', '/var/lib/snapd/desktop/applications/code_code.desktop'), ('ROS_PYTHON_VERSION', '3'), ('GNOME_SHELL_SESSION_MODE', 'ubuntu'), ('GTK_MODULES', 'gail:atk-bridge'), ('GSETTINGS_SCHEMA_DIR_VSCODE_SNAP_ORIG', ''), ('VSCODE_GIT_ASKPASS_MAIN', '/snap/code/167/usr/share/code/resources/app/extensions/git/dist/askpass-main.js'), ('VSCODE_GIT_ASKPASS_NODE', '/snap/code/167/usr/share/code/code'), ('MANAGERPID', '1433'), ('PYDEVD_DISABLE_FILE_VALIDATION', '1'), ('SYSTEMD_EXEC_PID', '1589'), ('BUNDLED_DEBUGPY_PATH', '/home/me597/.vscode/extensions/ms-python.debugpy-2026.6.0-linux-x64/bundled/libs/debugpy'), ('IM_CONFIG_CHECK_ENV', '1'), ('DBUS_SESSION_BUS_ADDRESS', 'unix:path=/run/user/1000/bus'), ('COLORTERM', 'truecolor'), ('GIO_LAUNCHED_DESKTOP_FILE_PID', '26594'), ('IM_CONFIG_PHASE', '1'), ('WAYLAND_DISPLAY', 'wayland-0'), ('ROS_DISTRO', 'humble'), ('LOGNAME', 'me597'), ('JOURNAL_STREAM', '8:24741'), ('_', '/usr/bin/colcon'), ('ROS_VERSION', '2'), ('XDG_CONFIG_DIRS_VSCODE_SNAP_ORIG', '/etc/xdg/xdg-ubuntu:/etc/xdg'), ('XDG_SESSION_CLASS', 'user'), ('XDG_DATA_DIRS_VSCODE_SNAP_ORIG', '/usr/share/ubuntu:/usr/local/share/:/usr/share/:/var/lib/snapd/desktop'), ('USERNAME', 'me597'), ('TERM', 'xterm-256color'), ('GNOME_DESKTOP_SESSION_ID', 'this-is-deprecated'), ('ROS_LOCALHOST_ONLY', '1'), ('PATH', '/opt/ros/humble/bin:/usr/local/sbin:/usr/local/bin:/usr/sbin:/usr/bin:/sbin:/bin:/usr/games:/usr/local/games:/snap/bin:/snap/bin:/home/me597/.vscode/extensions/ms-python.debugpy-2026.6.0-linux-x64/bundled/scripts/noConfigScripts'), ('SESSION_MANAGER', 'local/me597:@/tmp/.ICE-unix/1557,unix/me597:/tmp/.ICE-unix/1557'), ('GTK_EXE_PREFIX', '/snap/code/167/usr'), ('INVOCATION_ID', '7cfc1821308f441bbaf5abc93b853ff0'), ('XDG_MENU_PREFIX', 'gnome-'), ('GNOME_SETUP_DISPLAY', ':1'), ('XDG_RUNTIME_DIR', '/run/user/1000'), ('GDK_BACKEND', 'x11'), ('DISPLAY', ':0'), ('LOCPATH', '/snap/code/167/usr/lib/locale'), ('VSCODE_DEBUGPY_ADAPTER_ENDPOINTS', '/home/me597/.vscode/extensions/ms-python.debugpy-2026.6.0-linux-x64/.noConfigDebugAdapterEndpoints/endpoint-6fbcccb471442029.txt'), ('LANG', 'en_US.UTF-8'), ('XDG_CURRENT_DESKTOP', 'Unity'), ('GIO_MODULE_DIR_VSCODE_SNAP_ORIG', ''), ('XMODIFIERS', '@im=ibus'), ('XDG_SESSION_DESKTOP', 'ubuntu'), ('XAUTHORITY', '/run/user/1000/.mutter-Xwaylandauth.M84UV3'), ('LS_COLORS', 'rs=0:di=01;34:ln=01;36:mh=00:pi=40;33:so=01;35:do=01;35:bd=40;33;01:cd=40;33;01:or=40;31;01:mi=00:su=37;41:sg=30;43:ca=30;41:tw=30;42:ow=34;42:st=37;44:ex=01;32:*.tar=01;31:*.tgz=01;31:*.arc=01;31:*.arj=01;31:*.taz=01;31:*.lha=01;31:*.lz4=01;31:*.lzh=01;31:*.lzma=01;31:*.tlz=01;31:*.txz=01;31:*.tzo=01;31:*.t7z=01;31:*.zip=01;31:*.z=01;31:*.dz=01;31:*.gz=01;31:*.lrz=01;31:*.lz=01;31:*.lzo=01;31:*.xz=01;31:*.zst=01;31:*.tzst=01;31:*.bz2=01;31:*.bz=01;31:*.tbz=01;31:*.tbz2=01;31:*.tz=01;31:*.deb=01;31:*.rpm=01;31:*.jar=01;31:*.war=01;31:*.ear=01;31:*.sar=01;31:*.rar=01;31:*.alz=01;31:*.ace=01;31:*.zoo=01;31:*.cpio=01;31:*.7z=01;31:*.rz=01;31:*.cab=01;31:*.wim=01;31:*.swm=01;31:*.dwm=01;31:*.esd=01;31:*.jpg=01;35:*.jpeg=01;35:*.mjpg=01;35:*.mjpeg=01;35:*.gif=01;35:*.bmp=01;35:*.pbm=01;35:*.pgm=01;35:*.ppm=01;35:*.tga=01;35:*.xbm=01;35:*.xpm=01;35:*.tif=01;35:*.tiff=01;35:*.png=01;35:*.svg=01;35:*.svgz=01;35:*.mng=01;35:*.pcx=01;35:*.mov=01;35:*.mpg=01;35:*.mpeg=01;35:*.m2v=01;35:*.mkv=01;35:*.webm=01;35:*.webp=01;35:*.ogm=01;35:*.mp4=01;35:*.m4v=01;35:*.mp4v=01;35:*.vob=01;35:*.qt=01;35:*.nuv=01;35:*.wmv=01;35:*.asf=01;35:*.rm=01;35:*.rmvb=01;35:*.flc=01;35:*.avi=01;35:*.fli=01;35:*.flv=01;35:*.gl=01;35:*.dl=01;35:*.xcf=01;35:*.xwd=01;35:*.yuv=01;35:*.cgm=01;35:*.emf=01;35:*.ogv=01;35:*.ogx=01;35:*.aac=00;36:*.au=00;36:*.flac=00;36:*.m4a=00;36:*.mid=00;36:*.midi=00;36:*.mka=00;36:*.mp3=00;36:*.mpc=00;36:*.ogg=00;36:*.ra=00;36:*.wav=00;36:*.oga=00;36:*.opus=00;36:*.spx=00;36:*.xspf=00;36:'), ('VSCODE_GIT_IPC_HANDLE', '/run/user/1000/vscode-git-5342160831.sock'), ('TERM_PROGRAM', 'vscode'), ('SSH_AGENT_LAUNCHER', 'gnome-keyring'), ('SSH_AUTH_SOCK', '/run/user/1000/keyring/ssh'), ('GSETTINGS_SCHEMA_DIR', '/home/me597/snap/code/167/.local/share/glib-2.0/schemas'), ('ROS_DOMAIN_ID', '06'), ('AMENT_PREFIX_PATH', '/opt/ros/humble'), ('ORIGINAL_XDG_CURRENT_DESKTOP', 'ubuntu:GNOME'), ('SHELL', '/bin/bash'), ('QT_ACCESSIBILITY', '1'), ('GDMSESSION', 'ubuntu'), ('LESSCLOSE', '/usr/bin/lesspipe %s %s'), ('GTK_PATH_VSCODE_SNAP_ORIG', ''), ('GTK_IM_MODULE_FILE_VSCODE_SNAP_ORIG', ''), ('GJS_DEBUG_OUTPUT', 'stderr'), ('VSCODE_GIT_ASKPASS_EXTRA_ARGS', ''), ('QT_IM_MODULE', 'ibus'), ('PWD', '/home/me597/ros2/sim_ws/build/task_2_interfaces'), ('TURTLEBOT3_MODEL', 'waffle'), ('LC_ALL', 'en_US.UTF-8'), ('XDG_CONFIG_DIRS', '/etc/xdg/xdg-ubuntu:/etc/xdg'), ('XDG_DATA_DIRS', '/home/me597/snap/code/167/.local/share:/home/me597/snap/code/167:/snap/code/167/usr/share:/usr/share/ubuntu:/usr/local/share/:/usr/share/:/var/lib/snapd/desktop'), ('PYTHONPATH', '/opt/ros/humble/lib/python3.10/site-packages:/opt/ros/humble/local/lib/python3.10/dist-packages'), ('COLCON', '1'), ('CMAKE_PREFIX_PATH', '/opt/ros/humble')]), 'shell': False}
[0.041360] (task_2_interfaces) StdoutLine: {'line': b'-- Found ament_cmake: 1.3.10 (/opt/ros/humble/share/ament_cmake/cmake)\n'}
[0.103725] (-) TimerEvent: {}
[0.209334] (-) TimerEvent: {}
[0.226727] (task_2_interfaces) StdoutLine: {'line': b'-- Override CMake install command with custom implementation using symlinks instead of copying resources\n'}
[0.232817] (task_2_interfaces) StdoutLine: {'line': b'-- Found geometry_msgs: 4.2.4 (/opt/ros/humble/share/geometry_msgs/cmake)\n'}
[0.282734] (task_2_interfaces) StdoutLine: {'line': b'-- Found rosidl_generator_c: 3.1.5 (/opt/ros/humble/share/rosidl_generator_c/cmake)\n'}
[0.282903] (task_2_interfaces) StdoutLine: {'line': b'-- Found rosidl_adapter: 3.1.5 (/opt/ros/humble/share/rosidl_adapter/cmake)\n'}
[0.282940] (task_2_interfaces) StdoutLine: {'line': b'-- Found rosidl_generator_cpp: 3.1.5 (/opt/ros/humble/share/rosidl_generator_cpp/cmake)\n'}
[0.292619] (task_2_interfaces) StdoutLine: {'line': b'-- Using all available rosidl_typesupport_c: rosidl_typesupport_fastrtps_c;rosidl_typesupport_introspection_c\n'}
[0.306402] (task_2_interfaces) StdoutLine: {'line': b'-- Using all available rosidl_typesupport_cpp: rosidl_typesupport_fastrtps_cpp;rosidl_typesupport_introspection_cpp\n'}
[0.311565] (-) TimerEvent: {}
[0.338753] (task_2_interfaces) StdoutLine: {'line': b'-- Found rosidl_default_generators: 1.2.0 (/opt/ros/humble/share/rosidl_default_generators/cmake)\n'}
[0.432225] (-) TimerEvent: {}
[0.548286] (-) TimerEvent: {}
[0.548515] (task_2_interfaces) StdoutLine: {'line': b'-- Found ament_cmake_ros: 0.10.0 (/opt/ros/humble/share/ament_cmake_ros/cmake)\n'}
[0.649827] (-) TimerEvent: {}
[0.729299] (my_package) Command: {'cmd': ['/usr/bin/python3', '-W', 'ignore:setup.py install is deprecated', 'setup.py', 'egg_info', '--egg-base', '../../../build/my_package', 'build', '--build-base', '/home/me597/ros2/sim_ws/build/my_package/build', 'install', '--record', '/home/me597/ros2/sim_ws/build/my_package/install.log', '--single-version-externally-managed', 'install_data'], 'cwd': '/home/me597/ros2/sim_ws/src/ME597/my_package', 'env': {'GJS_DEBUG_TOPICS': 'JS ERROR;JS LOG', 'LESSOPEN': '| /usr/bin/lesspipe %s', 'USER': 'me597', 'GIO_MODULE_DIR': '/home/me597/snap/code/common/.cache/gio-modules', 'XDG_SESSION_TYPE': 'wayland', 'GIT_ASKPASS': '/snap/code/167/usr/share/code/resources/app/extensions/git/dist/askpass.sh', 'GTK_EXE_PREFIX_VSCODE_SNAP_ORIG': '', 'GDK_BACKEND_VSCODE_SNAP_ORIG': '', 'SHLVL': '1', 'LD_LIBRARY_PATH': '/usr/lib/x86_64-linux-gnu/gazebo-11/plugins:/opt/ros/humble/opt/rviz_ogre_vendor/lib:/opt/ros/humble/lib/x86_64-linux-gnu:/opt/ros/humble/lib', 'HOME': '/home/me597', 'CHROME_DESKTOP': 'code-url-handler.desktop', 'LOCPATH_VSCODE_SNAP_ORIG': '', 'TERM_PROGRAM_VERSION': '1.92.2', 'DESKTOP_SESSION': 'ubuntu', 'GTK_PATH': '/snap/code/167/usr/lib/x86_64-linux-gnu/gtk-3.0', 'GTK_IM_MODULE_FILE': '/home/me597/snap/code/common/.cache/immodules/immodules.cache', 'GIO_LAUNCHED_DESKTOP_FILE': '/var/lib/snapd/desktop/applications/code_code.desktop', 'ROS_PYTHON_VERSION': '3', 'GNOME_SHELL_SESSION_MODE': 'ubuntu', 'GTK_MODULES': 'gail:atk-bridge', 'GSETTINGS_SCHEMA_DIR_VSCODE_SNAP_ORIG': '', 'VSCODE_GIT_ASKPASS_MAIN': '/snap/code/167/usr/share/code/resources/app/extensions/git/dist/askpass-main.js', 'VSCODE_GIT_ASKPASS_NODE': '/snap/code/167/usr/share/code/code', 'MANAGERPID': '1433', 'PYDEVD_DISABLE_FILE_VALIDATION': '1', 'SYSTEMD_EXEC_PID': '1589', 'BUNDLED_DEBUGPY_PATH': '/home/me597/.vscode/extensions/ms-python.debugpy-2026.6.0-linux-x64/bundled/libs/debugpy', 'IM_CONFIG_CHECK_ENV': '1', 'DBUS_SESSION_BUS_ADDRESS': 'unix:path=/run/user/1000/bus', 'COLORTERM': 'truecolor', 'GIO_LAUNCHED_DESKTOP_FILE_PID': '26594', 'IM_CONFIG_PHASE': '1', 'WAYLAND_DISPLAY': 'wayland-0', 'ROS_DISTRO': 'humble', 'LOGNAME': 'me597', 'JOURNAL_STREAM': '8:24741', '_': '/usr/bin/colcon', 'ROS_VERSION': '2', 'XDG_CONFIG_DIRS_VSCODE_SNAP_ORIG': '/etc/xdg/xdg-ubuntu:/etc/xdg', 'XDG_SESSION_CLASS': 'user', 'XDG_DATA_DIRS_VSCODE_SNAP_ORIG': '/usr/share/ubuntu:/usr/local/share/:/usr/share/:/var/lib/snapd/desktop', 'USERNAME': 'me597', 'TERM': 'xterm-256color', 'GNOME_DESKTOP_SESSION_ID': 'this-is-deprecated', 'ROS_LOCALHOST_ONLY': '1', 'PATH': '/opt/ros/humble/bin:/usr/local/sbin:/usr/local/bin:/usr/sbin:/usr/bin:/sbin:/bin:/usr/games:/usr/local/games:/snap/bin:/snap/bin:/home/me597/.vscode/extensions/ms-python.debugpy-2026.6.0-linux-x64/bundled/scripts/noConfigScripts', 'SESSION_MANAGER': 'local/me597:@/tmp/.ICE-unix/1557,unix/me597:/tmp/.ICE-unix/1557', 'GTK_EXE_PREFIX': '/snap/code/167/usr', 'INVOCATION_ID': '7cfc1821308f441bbaf5abc93b853ff0', 'XDG_MENU_PREFIX': 'gnome-', 'GNOME_SETUP_DISPLAY': ':1', 'XDG_RUNTIME_DIR': '/run/user/1000', 'GDK_BACKEND': 'x11', 'DISPLAY': ':0', 'LOCPATH': '/snap/code/167/usr/lib/locale', 'VSCODE_DEBUGPY_ADAPTER_ENDPOINTS': '/home/me597/.vscode/extensions/ms-python.debugpy-2026.6.0-linux-x64/.noConfigDebugAdapterEndpoints/endpoint-6fbcccb471442029.txt', 'LANG': 'en_US.UTF-8', 'XDG_CURRENT_DESKTOP': 'Unity', 'GIO_MODULE_DIR_VSCODE_SNAP_ORIG': '', 'XMODIFIERS': '@im=ibus', 'XDG_SESSION_DESKTOP': 'ubuntu', 'XAUTHORITY': '/run/user/1000/.mutter-Xwaylandauth.M84UV3', 'LS_COLORS': 'rs=0:di=01;34:ln=01;36:mh=00:pi=40;33:so=01;35:do=01;35:bd=40;33;01:cd=40;33;01:or=40;31;01:mi=00:su=37;41:sg=30;43:ca=30;41:tw=30;42:ow=34;42:st=37;44:ex=01;32:*.tar=01;31:*.tgz=01;31:*.arc=01;31:*.arj=01;31:*.taz=01;31:*.lha=01;31:*.lz4=01;31:*.lzh=01;31:*.lzma=01;31:*.tlz=01;31:*.txz=01;31:*.tzo=01;31:*.t7z=01;31:*.zip=01;31:*.z=01;31:*.dz=01;31:*.gz=01;31:*.lrz=01;31:*.lz=01;31:*.lzo=01;31:*.xz=01;31:*.zst=01;31:*.tzst=01;31:*.bz2=01;31:*.bz=01;31:*.tbz=01;31:*.tbz2=01;31:*.tz=01;31:*.deb=01;31:*.rpm=01;31:*.jar=01;31:*.war=01;31:*.ear=01;31:*.sar=01;31:*.rar=01;31:*.alz=01;31:*.ace=01;31:*.zoo=01;31:*.cpio=01;31:*.7z=01;31:*.rz=01;31:*.cab=01;31:*.wim=01;31:*.swm=01;31:*.dwm=01;31:*.esd=01;31:*.jpg=01;35:*.jpeg=01;35:*.mjpg=01;35:*.mjpeg=01;35:*.gif=01;35:*.bmp=01;35:*.pbm=01;35:*.pgm=01;35:*.ppm=01;35:*.tga=01;35:*.xbm=01;35:*.xpm=01;35:*.tif=01;35:*.tiff=01;35:*.png=01;35:*.svg=01;35:*.svgz=01;35:*.mng=01;35:*.pcx=01;35:*.mov=01;35:*.mpg=01;35:*.mpeg=01;35:*.m2v=01;35:*.mkv=01;35:*.webm=01;35:*.webp=01;35:*.ogm=01;35:*.mp4=01;35:*.m4v=01;35:*.mp4v=01;35:*.vob=01;35:*.qt=01;35:*.nuv=01;35:*.wmv=01;35:*.asf=01;35:*.rm=01;35:*.rmvb=01;35:*.flc=01;35:*.avi=01;35:*.fli=01;35:*.flv=01;35:*.gl=01;35:*.dl=01;35:*.xcf=01;35:*.xwd=01;35:*.yuv=01;35:*.cgm=01;35:*.emf=01;35:*.ogv=01;35:*.ogx=01;35:*.aac=00;36:*.au=00;36:*.flac=00;36:*.m4a=00;36:*.mid=00;36:*.midi=00;36:*.mka=00;36:*.mp3=00;36:*.mpc=00;36:*.ogg=00;36:*.ra=00;36:*.wav=00;36:*.oga=00;36:*.opus=00;36:*.spx=00;36:*.xspf=00;36:', 'VSCODE_GIT_IPC_HANDLE': '/run/user/1000/vscode-git-5342160831.sock', 'TERM_PROGRAM': 'vscode', 'SSH_AGENT_LAUNCHER': 'gnome-keyring', 'SSH_AUTH_SOCK': '/run/user/1000/keyring/ssh', 'GSETTINGS_SCHEMA_DIR': '/home/me597/snap/code/167/.local/share/glib-2.0/schemas', 'ROS_DOMAIN_ID': '06', 'AMENT_PREFIX_PATH': '/opt/ros/humble', 'ORIGINAL_XDG_CURRENT_DESKTOP': 'ubuntu:GNOME', 'SHELL': '/bin/bash', 'QT_ACCESSIBILITY': '1', 'GDMSESSION': 'ubuntu', 'LESSCLOSE': '/usr/bin/lesspipe %s %s', 'GTK_PATH_VSCODE_SNAP_ORIG': '', 'GTK_IM_MODULE_FILE_VSCODE_SNAP_ORIG': '', 'GJS_DEBUG_OUTPUT': 'stderr', 'VSCODE_GIT_ASKPASS_EXTRA_ARGS': '', 'QT_IM_MODULE': 'ibus', 'PWD': '/home/me597/ros2/sim_ws/build/my_package', 'TURTLEBOT3_MODEL': 'waffle', 'LC_ALL': 'en_US.UTF-8', 'XDG_CONFIG_DIRS': '/etc/xdg/xdg-ubuntu:/etc/xdg', 'XDG_DATA_DIRS': '/home/me597/snap/code/167/.local/share:/home/me597/snap/code/167:/snap/code/167/usr/share:/usr/share/ubuntu:/usr/local/share/:/usr/share/:/var/lib/snapd/desktop', 'PYTHONPATH': '/home/me597/ros2/sim_ws/build/my_package/prefix_override:/usr/lib/python3/dist-packages/colcon_core/task/python/colcon_distutils_commands:/home/me597/ros2/sim_ws/install/my_package/lib/python3.10/site-packages:/opt/ros/humble/lib/python3.10/site-packages:/opt/ros/humble/local/lib/python3.10/dist-packages', 'COLCON': '1'}, 'shell': False}
[0.755825] (-) TimerEvent: {}
[0.866878] (-) TimerEvent: {}
[0.965477] (my_package) StdoutLine: {'line': b'running egg_info\n'}
[0.965868] (my_package) StdoutLine: {'line': b'creating ../../../build/my_package/my_package.egg-info\n'}
[0.966010] (my_package) StdoutLine: {'line': b'writing ../../../build/my_package/my_package.egg-info/PKG-INFO\n'}
[0.966180] (my_package) StdoutLine: {'line': b'writing dependency_links to ../../../build/my_package/my_package.egg-info/dependency_links.txt\n'}
[0.966311] (my_package) StdoutLine: {'line': b'writing entry points to ../../../build/my_package/my_package.egg-info/entry_points.txt\n'}
[0.966437] (my_package) StdoutLine: {'line': b'writing requirements to ../../../build/my_package/my_package.egg-info/requires.txt\n'}
[0.966540] (my_package) StdoutLine: {'line': b'writing top-level names to ../../../build/my_package/my_package.egg-info/top_level.txt\n'}
[0.969494] (my_package) StdoutLine: {'line': b"writing manifest file '../../../build/my_package/my_package.egg-info/SOURCES.txt'\n"}
[0.969827] (-) TimerEvent: {}
[0.969956] (my_package) StdoutLine: {'line': b"reading manifest file '../../../build/my_package/my_package.egg-info/SOURCES.txt'\n"}
[0.970001] (my_package) StdoutLine: {'line': b"adding license file 'LICENSE'\n"}
[0.970029] (my_package) StdoutLine: {'line': b"writing manifest file '../../../build/my_package/my_package.egg-info/SOURCES.txt'\n"}
[0.970053] (my_package) StdoutLine: {'line': b'running build\n'}
[0.970077] (my_package) StdoutLine: {'line': b'running build_py\n'}
[0.974291] (my_package) StdoutLine: {'line': b'creating /home/me597/ros2/sim_ws/build/my_package/build\n'}
[0.974389] (my_package) StdoutLine: {'line': b'creating /home/me597/ros2/sim_ws/build/my_package/build/lib\n'}
[0.974475] (my_package) StdoutLine: {'line': b'creating /home/me597/ros2/sim_ws/build/my_package/build/lib/my_package\n'}
[0.974554] (my_package) StdoutLine: {'line': b'copying my_package/__init__.py -> /home/me597/ros2/sim_ws/build/my_package/build/lib/my_package\n'}
[0.974632] (my_package) StdoutLine: {'line': b'copying my_package/my_node.py -> /home/me597/ros2/sim_ws/build/my_package/build/lib/my_package\n'}
[0.974709] (my_package) StdoutLine: {'line': b'running install\n'}
[0.974786] (my_package) StdoutLine: {'line': b'running install_lib\n'}
[0.974864] (my_package) StdoutLine: {'line': b'creating /home/me597/ros2/sim_ws/install/my_package/lib/python3.10/site-packages/my_package\n'}
[0.974941] (my_package) StdoutLine: {'line': b'copying /home/me597/ros2/sim_ws/build/my_package/build/lib/my_package/__init__.py -> /home/me597/ros2/sim_ws/install/my_package/lib/python3.10/site-packages/my_package\n'}
[0.975030] (my_package) StdoutLine: {'line': b'copying /home/me597/ros2/sim_ws/build/my_package/build/lib/my_package/my_node.py -> /home/me597/ros2/sim_ws/install/my_package/lib/python3.10/site-packages/my_package\n'}
[0.975124] (my_package) StdoutLine: {'line': b'byte-compiling /home/me597/ros2/sim_ws/install/my_package/lib/python3.10/site-packages/my_package/__init__.py to __init__.cpython-310.pyc\n'}
[0.975311] (my_package) StdoutLine: {'line': b'byte-compiling /home/me597/ros2/sim_ws/install/my_package/lib/python3.10/site-packages/my_package/my_node.py to my_node.cpython-310.pyc\n'}
[0.975354] (my_package) StdoutLine: {'line': b'running install_data\n'}
[0.975383] (my_package) StdoutLine: {'line': b'creating /home/me597/ros2/sim_ws/install/my_package/share/ament_index\n'}
[0.975409] (my_package) StdoutLine: {'line': b'creating /home/me597/ros2/sim_ws/install/my_package/share/ament_index/resource_index\n'}
[0.975435] (my_package) StdoutLine: {'line': b'creating /home/me597/ros2/sim_ws/install/my_package/share/ament_index/resource_index/packages\n'}
[0.975462] (my_package) StdoutLine: {'line': b'copying resource/my_package -> /home/me597/ros2/sim_ws/install/my_package/share/ament_index/resource_index/packages\n'}
[0.975487] (my_package) StdoutLine: {'line': b'copying package.xml -> /home/me597/ros2/sim_ws/install/my_package/share/my_package\n'}
[0.975513] (my_package) StdoutLine: {'line': b'running install_egg_info\n'}
[0.975537] (my_package) StdoutLine: {'line': b'Copying ../../../build/my_package/my_package.egg-info to /home/me597/ros2/sim_ws/install/my_package/lib/python3.10/site-packages/my_package-0.0.0-py3.10.egg-info\n'}
[0.975562] (my_package) StdoutLine: {'line': b'running install_scripts\n'}
[1.025841] (my_package) StdoutLine: {'line': b'Installing my_node script to /home/me597/ros2/sim_ws/install/my_package/lib/my_package\n'}
[1.026081] (my_package) StdoutLine: {'line': b"writing list of installed files to '/home/me597/ros2/sim_ws/build/my_package/install.log'\n"}
[1.059239] (my_package) CommandEnded: {'returncode': 0}
[1.072315] (-) TimerEvent: {}
[1.090260] (my_package) JobEnded: {'identifier': 'my_package', 'rc': 0}
[1.091101] (py_pubsub) JobStarted: {'identifier': 'py_pubsub'}
[1.111661] (task_2_interfaces) StdoutLine: {'line': b'-- Using all available rosidl_typesupport_c: rosidl_typesupport_fastrtps_c;rosidl_typesupport_introspection_c\n'}
[1.175248] (-) TimerEvent: {}
[1.296790] (-) TimerEvent: {}
[1.324368] (task_2_interfaces) StdoutLine: {'line': b'-- Using all available rosidl_typesupport_cpp: rosidl_typesupport_fastrtps_cpp;rosidl_typesupport_introspection_cpp\n'}
[1.338162] (task_2_interfaces) StdoutLine: {'line': b'-- Found python_cmake_module: 0.10.0 (/opt/ros/humble/share/python_cmake_module/cmake)\n'}
[1.357858] (task_2_interfaces) StdoutLine: {'line': b'-- Using PYTHON_EXECUTABLE: /usr/bin/python3\n'}
[1.358008] (task_2_interfaces) StdoutLine: {'line': b'-- Using PYTHON_INCLUDE_DIRS: /usr/include/python3.10\n'}
[1.358047] (task_2_interfaces) StdoutLine: {'line': b'-- Using PYTHON_LIBRARIES: /usr/lib/x86_64-linux-gnu/libpython3.10.so\n'}
[1.403508] (task_2_interfaces) StdoutLine: {'line': b'-- Found ament_lint_auto: 0.12.11 (/opt/ros/humble/share/ament_lint_auto/cmake)\n'}
[1.403668] (-) TimerEvent: {}
[1.446130] (task_2_interfaces) StdoutLine: {'line': b"-- Added test 'lint_cmake' to check CMake code style\n"}
[1.446376] (task_2_interfaces) StdoutLine: {'line': b"-- Added test 'xmllint' to check XML markup files\n"}
[1.449854] (task_2_interfaces) StdoutLine: {'line': b'-- Configuring done\n'}
[1.510361] (-) TimerEvent: {}
[1.511153] (task_2_interfaces) StdoutLine: {'line': b'-- Generating done\n'}
[1.528818] (task_2_interfaces) StdoutLine: {'line': b'-- Build files have been written to: /home/me597/ros2/sim_ws/build/task_2_interfaces\n'}
[1.555312] (task_2_interfaces) CommandEnded: {'returncode': 0}
[1.556001] (task_2_interfaces) JobProgress: {'identifier': 'task_2_interfaces', 'progress': 'build'}
[1.556022] (task_2_interfaces) Command: {'cmd': ['/usr/bin/cmake', '--build', '/home/me597/ros2/sim_ws/build/task_2_interfaces', '--', '-j2', '-l2'], 'cwd': '/home/me597/ros2/sim_ws/build/task_2_interfaces', 'env': OrderedDict([('GJS_DEBUG_TOPICS', 'JS ERROR;JS LOG'), ('LESSOPEN', '| /usr/bin/lesspipe %s'), ('USER', 'me597'), ('GIO_MODULE_DIR', '/home/me597/snap/code/common/.cache/gio-modules'), ('XDG_SESSION_TYPE', 'wayland'), ('GIT_ASKPASS', '/snap/code/167/usr/share/code/resources/app/extensions/git/dist/askpass.sh'), ('GTK_EXE_PREFIX_VSCODE_SNAP_ORIG', ''), ('GDK_BACKEND_VSCODE_SNAP_ORIG', ''), ('SHLVL', '1'), ('LD_LIBRARY_PATH', '/usr/lib/x86_64-linux-gnu/gazebo-11/plugins:/opt/ros/humble/opt/rviz_ogre_vendor/lib:/opt/ros/humble/lib/x86_64-linux-gnu:/opt/ros/humble/lib'), ('HOME', '/home/me597'), ('CHROME_DESKTOP', 'code-url-handler.desktop'), ('LOCPATH_VSCODE_SNAP_ORIG', ''), ('TERM_PROGRAM_VERSION', '1.92.2'), ('DESKTOP_SESSION', 'ubuntu'), ('GTK_PATH', '/snap/code/167/usr/lib/x86_64-linux-gnu/gtk-3.0'), ('GTK_IM_MODULE_FILE', '/home/me597/snap/code/common/.cache/immodules/immodules.cache'), ('GIO_LAUNCHED_DESKTOP_FILE', '/var/lib/snapd/desktop/applications/code_code.desktop'), ('ROS_PYTHON_VERSION', '3'), ('GNOME_SHELL_SESSION_MODE', 'ubuntu'), ('GTK_MODULES', 'gail:atk-bridge'), ('GSETTINGS_SCHEMA_DIR_VSCODE_SNAP_ORIG', ''), ('VSCODE_GIT_ASKPASS_MAIN', '/snap/code/167/usr/share/code/resources/app/extensions/git/dist/askpass-main.js'), ('VSCODE_GIT_ASKPASS_NODE', '/snap/code/167/usr/share/code/code'), ('MANAGERPID', '1433'), ('PYDEVD_DISABLE_FILE_VALIDATION', '1'), ('SYSTEMD_EXEC_PID', '1589'), ('BUNDLED_DEBUGPY_PATH', '/home/me597/.vscode/extensions/ms-python.debugpy-2026.6.0-linux-x64/bundled/libs/debugpy'), ('IM_CONFIG_CHECK_ENV', '1'), ('DBUS_SESSION_BUS_ADDRESS', 'unix:path=/run/user/1000/bus'), ('COLORTERM', 'truecolor'), ('GIO_LAUNCHED_DESKTOP_FILE_PID', '26594'), ('IM_CONFIG_PHASE', '1'), ('WAYLAND_DISPLAY', 'wayland-0'), ('ROS_DISTRO', 'humble'), ('LOGNAME', 'me597'), ('JOURNAL_STREAM', '8:24741'), ('_', '/usr/bin/colcon'), ('ROS_VERSION', '2'), ('XDG_CONFIG_DIRS_VSCODE_SNAP_ORIG', '/etc/xdg/xdg-ubuntu:/etc/xdg'), ('XDG_SESSION_CLASS', 'user'), ('XDG_DATA_DIRS_VSCODE_SNAP_ORIG', '/usr/share/ubuntu:/usr/local/share/:/usr/share/:/var/lib/snapd/desktop'), ('USERNAME', 'me597'), ('TERM', 'xterm-256color'), ('GNOME_DESKTOP_SESSION_ID', 'this-is-deprecated'), ('ROS_LOCALHOST_ONLY', '1'), ('PATH', '/opt/ros/humble/bin:/usr/local/sbin:/usr/local/bin:/usr/sbin:/usr/bin:/sbin:/bin:/usr/games:/usr/local/games:/snap/bin:/snap/bin:/home/me597/.vscode/extensions/ms-python.debugpy-2026.6.0-linux-x64/bundled/scripts/noConfigScripts'), ('SESSION_MANAGER', 'local/me597:@/tmp/.ICE-unix/1557,unix/me597:/tmp/.ICE-unix/1557'), ('GTK_EXE_PREFIX', '/snap/code/167/usr'), ('INVOCATION_ID', '7cfc1821308f441bbaf5abc93b853ff0'), ('XDG_MENU_PREFIX', 'gnome-'), ('GNOME_SETUP_DISPLAY', ':1'), ('XDG_RUNTIME_DIR', '/run/user/1000'), ('GDK_BACKEND', 'x11'), ('DISPLAY', ':0'), ('LOCPATH', '/snap/code/167/usr/lib/locale'), ('VSCODE_DEBUGPY_ADAPTER_ENDPOINTS', '/home/me597/.vscode/extensions/ms-python.debugpy-2026.6.0-linux-x64/.noConfigDebugAdapterEndpoints/endpoint-6fbcccb471442029.txt'), ('LANG', 'en_US.UTF-8'), ('XDG_CURRENT_DESKTOP', 'Unity'), ('GIO_MODULE_DIR_VSCODE_SNAP_ORIG', ''), ('XMODIFIERS', '@im=ibus'), ('XDG_SESSION_DESKTOP', 'ubuntu'), ('XAUTHORITY', '/run/user/1000/.mutter-Xwaylandauth.M84UV3'), ('LS_COLORS', 'rs=0:di=01;34:ln=01;36:mh=00:pi=40;33:so=01;35:do=01;35:bd=40;33;01:cd=40;33;01:or=40;31;01:mi=00:su=37;41:sg=30;43:ca=30;41:tw=30;42:ow=34;42:st=37;44:ex=01;32:*.tar=01;31:*.tgz=01;31:*.arc=01;31:*.arj=01;31:*.taz=01;31:*.lha=01;31:*.lz4=01;31:*.lzh=01;31:*.lzma=01;31:*.tlz=01;31:*.txz=01;31:*.tzo=01;31:*.t7z=01;31:*.zip=01;31:*.z=01;31:*.dz=01;31:*.gz=01;31:*.lrz=01;31:*.lz=01;31:*.lzo=01;31:*.xz=01;31:*.zst=01;31:*.tzst=01;31:*.bz2=01;31:*.bz=01;31:*.tbz=01;31:*.tbz2=01;31:*.tz=01;31:*.deb=01;31:*.rpm=01;31:*.jar=01;31:*.war=01;31:*.ear=01;31:*.sar=01;31:*.rar=01;31:*.alz=01;31:*.ace=01;31:*.zoo=01;31:*.cpio=01;31:*.7z=01;31:*.rz=01;31:*.cab=01;31:*.wim=01;31:*.swm=01;31:*.dwm=01;31:*.esd=01;31:*.jpg=01;35:*.jpeg=01;35:*.mjpg=01;35:*.mjpeg=01;35:*.gif=01;35:*.bmp=01;35:*.pbm=01;35:*.pgm=01;35:*.ppm=01;35:*.tga=01;35:*.xbm=01;35:*.xpm=01;35:*.tif=01;35:*.tiff=01;35:*.png=01;35:*.svg=01;35:*.svgz=01;35:*.mng=01;35:*.pcx=01;35:*.mov=01;35:*.mpg=01;35:*.mpeg=01;35:*.m2v=01;35:*.mkv=01;35:*.webm=01;35:*.webp=01;35:*.ogm=01;35:*.mp4=01;35:*.m4v=01;35:*.mp4v=01;35:*.vob=01;35:*.qt=01;35:*.nuv=01;35:*.wmv=01;35:*.asf=01;35:*.rm=01;35:*.rmvb=01;35:*.flc=01;35:*.avi=01;35:*.fli=01;35:*.flv=01;35:*.gl=01;35:*.dl=01;35:*.xcf=01;35:*.xwd=01;35:*.yuv=01;35:*.cgm=01;35:*.emf=01;35:*.ogv=01;35:*.ogx=01;35:*.aac=00;36:*.au=00;36:*.flac=00;36:*.m4a=00;36:*.mid=00;36:*.midi=00;36:*.mka=00;36:*.mp3=00;36:*.mpc=00;36:*.ogg=00;36:*.ra=00;36:*.wav=00;36:*.oga=00;36:*.opus=00;36:*.spx=00;36:*.xspf=00;36:'), ('VSCODE_GIT_IPC_HANDLE', '/run/user/1000/vscode-git-5342160831.sock'), ('TERM_PROGRAM', 'vscode'), ('SSH_AGENT_LAUNCHER', 'gnome-keyring'), ('SSH_AUTH_SOCK', '/run/user/1000/keyring/ssh'), ('GSETTINGS_SCHEMA_DIR', '/home/me597/snap/code/167/.local/share/glib-2.0/schemas'), ('ROS_DOMAIN_ID', '06'), ('AMENT_PREFIX_PATH', '/opt/ros/humble'), ('ORIGINAL_XDG_CURRENT_DESKTOP', 'ubuntu:GNOME'), ('SHELL', '/bin/bash'), ('QT_ACCESSIBILITY', '1'), ('GDMSESSION', 'ubuntu'), ('LESSCLOSE', '/usr/bin/lesspipe %s %s'), ('GTK_PATH_VSCODE_SNAP_ORIG', ''), ('GTK_IM_MODULE_FILE_VSCODE_SNAP_ORIG', ''), ('GJS_DEBUG_OUTPUT', 'stderr'), ('VSCODE_GIT_ASKPASS_EXTRA_ARGS', ''), ('QT_IM_MODULE', 'ibus'), ('PWD', '/home/me597/ros2/sim_ws/build/task_2_interfaces'), ('TURTLEBOT3_MODEL', 'waffle'), ('LC_ALL', 'en_US.UTF-8'), ('XDG_CONFIG_DIRS', '/etc/xdg/xdg-ubuntu:/etc/xdg'), ('XDG_DATA_DIRS', '/home/me597/snap/code/167/.local/share:/home/me597/snap/code/167:/snap/code/167/usr/share:/usr/share/ubuntu:/usr/local/share/:/usr/share/:/var/lib/snapd/desktop'), ('PYTHONPATH', '/opt/ros/humble/lib/python3.10/site-packages:/opt/ros/humble/local/lib/python3.10/dist-packages'), ('COLCON', '1'), ('CMAKE_PREFIX_PATH', '/opt/ros/humble')]), 'shell': False}
[1.601835] (task_2_interfaces) StdoutLine: {'line': b'\x1b[35m\x1b[1mConsolidate compiler generated dependencies of target task_2_interfaces__rosidl_generator_c\x1b[0m\n'}
[1.617087] (-) TimerEvent: {}
[1.626328] (task_2_interfaces) StdoutLine: {'line': b'[ 10%] Built target task_2_interfaces__rosidl_generator_c\n'}
[1.644881] (task_2_interfaces) StdoutLine: {'line': b'[ 12%] Built target task_2_interfaces__cpp\n'}
[1.695526] (task_2_interfaces) StdoutLine: {'line': b'\x1b[35m\x1b[1mConsolidate compiler generated dependencies of target task_2_interfaces__rosidl_typesupport_cpp\x1b[0m\n'}
[1.721202] (-) TimerEvent: {}
[1.757194] (task_2_interfaces) StdoutLine: {'line': b'[ 23%] Built target task_2_interfaces__rosidl_typesupport_cpp\n'}
[1.757378] (task_2_interfaces) StdoutLine: {'line': b'[ 23%] Built target ament_cmake_python_symlink_task_2_interfaces\n'}
[1.767406] (task_2_interfaces) StdoutLine: {'line': b'\x1b[35m\x1b[1mConsolidate compiler generated dependencies of target task_2_interfaces__rosidl_typesupport_fastrtps_c\x1b[0m\n'}
[1.789398] (task_2_interfaces) StdoutLine: {'line': b'\x1b[35m\x1b[1mConsolidate compiler generated dependencies of target task_2_interfaces__rosidl_typesupport_fastrtps_cpp\x1b[0m\n'}
[1.800745] (task_2_interfaces) StdoutLine: {'line': b'[ 33%] Built target task_2_interfaces__rosidl_typesupport_fastrtps_c\n'}
[1.835684] (-) TimerEvent: {}
[1.835879] (task_2_interfaces) StdoutLine: {'line': b'[ 43%] Built target task_2_interfaces__rosidl_typesupport_fastrtps_cpp\n'}
[1.847786] (task_2_interfaces) StdoutLine: {'line': b'\x1b[35m\x1b[1mConsolidate compiler generated dependencies of target task_2_interfaces__rosidl_typesupport_c\x1b[0m\n'}
[1.849716] (task_2_interfaces) StdoutLine: {'line': b'\x1b[35m\x1b[1mConsolidate compiler generated dependencies of target task_2_interfaces__rosidl_typesupport_introspection_c\x1b[0m\n'}
[1.868399] (task_2_interfaces) StdoutLine: {'line': b'[ 53%] Built target task_2_interfaces__rosidl_typesupport_c\n'}
[1.890573] (task_2_interfaces) StdoutLine: {'line': b'[ 64%] Built target task_2_interfaces__rosidl_typesupport_introspection_c\n'}
[1.904454] (task_2_interfaces) StdoutLine: {'line': b'\x1b[35m\x1b[1mConsolidate compiler generated dependencies of target task_2_interfaces__rosidl_typesupport_introspection_cpp\x1b[0m\n'}
[1.934710] (task_2_interfaces) StdoutLine: {'line': b'[ 74%] Built target task_2_interfaces__rosidl_typesupport_introspection_cpp\n'}
[1.937275] (-) TimerEvent: {}
[2.002870] (task_2_interfaces) StdoutLine: {'line': b'[ 74%] Built target task_2_interfaces\n'}
[2.011646] (py_pubsub) Command: {'cmd': ['/usr/bin/python3', '-W', 'ignore:setup.py install is deprecated', 'setup.py', 'egg_info', '--egg-base', '../../../build/py_pubsub', 'build', '--build-base', '/home/me597/ros2/sim_ws/build/py_pubsub/build', 'install', '--record', '/home/me597/ros2/sim_ws/build/py_pubsub/install.log', '--single-version-externally-managed', 'install_data'], 'cwd': '/home/me597/ros2/sim_ws/src/ME597/py_pubsub', 'env': {'GJS_DEBUG_TOPICS': 'JS ERROR;JS LOG', 'LESSOPEN': '| /usr/bin/lesspipe %s', 'USER': 'me597', 'GIO_MODULE_DIR': '/home/me597/snap/code/common/.cache/gio-modules', 'XDG_SESSION_TYPE': 'wayland', 'GIT_ASKPASS': '/snap/code/167/usr/share/code/resources/app/extensions/git/dist/askpass.sh', 'GTK_EXE_PREFIX_VSCODE_SNAP_ORIG': '', 'GDK_BACKEND_VSCODE_SNAP_ORIG': '', 'SHLVL': '1', 'LD_LIBRARY_PATH': '/usr/lib/x86_64-linux-gnu/gazebo-11/plugins:/opt/ros/humble/opt/rviz_ogre_vendor/lib:/opt/ros/humble/lib/x86_64-linux-gnu:/opt/ros/humble/lib', 'HOME': '/home/me597', 'CHROME_DESKTOP': 'code-url-handler.desktop', 'LOCPATH_VSCODE_SNAP_ORIG': '', 'TERM_PROGRAM_VERSION': '1.92.2', 'DESKTOP_SESSION': 'ubuntu', 'GTK_PATH': '/snap/code/167/usr/lib/x86_64-linux-gnu/gtk-3.0', 'GTK_IM_MODULE_FILE': '/home/me597/snap/code/common/.cache/immodules/immodules.cache', 'GIO_LAUNCHED_DESKTOP_FILE': '/var/lib/snapd/desktop/applications/code_code.desktop', 'ROS_PYTHON_VERSION': '3', 'GNOME_SHELL_SESSION_MODE': 'ubuntu', 'GTK_MODULES': 'gail:atk-bridge', 'GSETTINGS_SCHEMA_DIR_VSCODE_SNAP_ORIG': '', 'VSCODE_GIT_ASKPASS_MAIN': '/snap/code/167/usr/share/code/resources/app/extensions/git/dist/askpass-main.js', 'VSCODE_GIT_ASKPASS_NODE': '/snap/code/167/usr/share/code/code', 'MANAGERPID': '1433', 'PYDEVD_DISABLE_FILE_VALIDATION': '1', 'SYSTEMD_EXEC_PID': '1589', 'BUNDLED_DEBUGPY_PATH': '/home/me597/.vscode/extensions/ms-python.debugpy-2026.6.0-linux-x64/bundled/libs/debugpy', 'IM_CONFIG_CHECK_ENV': '1', 'DBUS_SESSION_BUS_ADDRESS': 'unix:path=/run/user/1000/bus', 'COLORTERM': 'truecolor', 'GIO_LAUNCHED_DESKTOP_FILE_PID': '26594', 'IM_CONFIG_PHASE': '1', 'WAYLAND_DISPLAY': 'wayland-0', 'ROS_DISTRO': 'humble', 'LOGNAME': 'me597', 'JOURNAL_STREAM': '8:24741', '_': '/usr/bin/colcon', 'ROS_VERSION': '2', 'XDG_CONFIG_DIRS_VSCODE_SNAP_ORIG': '/etc/xdg/xdg-ubuntu:/etc/xdg', 'XDG_SESSION_CLASS': 'user', 'XDG_DATA_DIRS_VSCODE_SNAP_ORIG': '/usr/share/ubuntu:/usr/local/share/:/usr/share/:/var/lib/snapd/desktop', 'USERNAME': 'me597', 'TERM': 'xterm-256color', 'GNOME_DESKTOP_SESSION_ID': 'this-is-deprecated', 'ROS_LOCALHOST_ONLY': '1', 'PATH': '/opt/ros/humble/bin:/usr/local/sbin:/usr/local/bin:/usr/sbin:/usr/bin:/sbin:/bin:/usr/games:/usr/local/games:/snap/bin:/snap/bin:/home/me597/.vscode/extensions/ms-python.debugpy-2026.6.0-linux-x64/bundled/scripts/noConfigScripts', 'SESSION_MANAGER': 'local/me597:@/tmp/.ICE-unix/1557,unix/me597:/tmp/.ICE-unix/1557', 'GTK_EXE_PREFIX': '/snap/code/167/usr', 'INVOCATION_ID': '7cfc1821308f441bbaf5abc93b853ff0', 'XDG_MENU_PREFIX': 'gnome-', 'GNOME_SETUP_DISPLAY': ':1', 'XDG_RUNTIME_DIR': '/run/user/1000', 'GDK_BACKEND': 'x11', 'DISPLAY': ':0', 'LOCPATH': '/snap/code/167/usr/lib/locale', 'VSCODE_DEBUGPY_ADAPTER_ENDPOINTS': '/home/me597/.vscode/extensions/ms-python.debugpy-2026.6.0-linux-x64/.noConfigDebugAdapterEndpoints/endpoint-6fbcccb471442029.txt', 'LANG': 'en_US.UTF-8', 'XDG_CURRENT_DESKTOP': 'Unity', 'GIO_MODULE_DIR_VSCODE_SNAP_ORIG': '', 'XMODIFIERS': '@im=ibus', 'XDG_SESSION_DESKTOP': 'ubuntu', 'XAUTHORITY': '/run/user/1000/.mutter-Xwaylandauth.M84UV3', 'LS_COLORS': 'rs=0:di=01;34:ln=01;36:mh=00:pi=40;33:so=01;35:do=01;35:bd=40;33;01:cd=40;33;01:or=40;31;01:mi=00:su=37;41:sg=30;43:ca=30;41:tw=30;42:ow=34;42:st=37;44:ex=01;32:*.tar=01;31:*.tgz=01;31:*.arc=01;31:*.arj=01;31:*.taz=01;31:*.lha=01;31:*.lz4=01;31:*.lzh=01;31:*.lzma=01;31:*.tlz=01;31:*.txz=01;31:*.tzo=01;31:*.t7z=01;31:*.zip=01;31:*.z=01;31:*.dz=01;31:*.gz=01;31:*.lrz=01;31:*.lz=01;31:*.lzo=01;31:*.xz=01;31:*.zst=01;31:*.tzst=01;31:*.bz2=01;31:*.bz=01;31:*.tbz=01;31:*.tbz2=01;31:*.tz=01;31:*.deb=01;31:*.rpm=01;31:*.jar=01;31:*.war=01;31:*.ear=01;31:*.sar=01;31:*.rar=01;31:*.alz=01;31:*.ace=01;31:*.zoo=01;31:*.cpio=01;31:*.7z=01;31:*.rz=01;31:*.cab=01;31:*.wim=01;31:*.swm=01;31:*.dwm=01;31:*.esd=01;31:*.jpg=01;35:*.jpeg=01;35:*.mjpg=01;35:*.mjpeg=01;35:*.gif=01;35:*.bmp=01;35:*.pbm=01;35:*.pgm=01;35:*.ppm=01;35:*.tga=01;35:*.xbm=01;35:*.xpm=01;35:*.tif=01;35:*.tiff=01;35:*.png=01;35:*.svg=01;35:*.svgz=01;35:*.mng=01;35:*.pcx=01;35:*.mov=01;35:*.mpg=01;35:*.mpeg=01;35:*.m2v=01;35:*.mkv=01;35:*.webm=01;35:*.webp=01;35:*.ogm=01;35:*.mp4=01;35:*.m4v=01;35:*.mp4v=01;35:*.vob=01;35:*.qt=01;35:*.nuv=01;35:*.wmv=01;35:*.asf=01;35:*.rm=01;35:*.rmvb=01;35:*.flc=01;35:*.avi=01;35:*.fli=01;35:*.flv=01;35:*.gl=01;35:*.dl=01;35:*.xcf=01;35:*.xwd=01;35:*.yuv=01;35:*.cgm=01;35:*.emf=01;35:*.ogv=01;35:*.ogx=01;35:*.aac=00;36:*.au=00;36:*.flac=00;36:*.m4a=00;36:*.mid=00;36:*.midi=00;36:*.mka=00;36:*.mp3=00;36:*.mpc=00;36:*.ogg=00;36:*.ra=00;36:*.wav=00;36:*.oga=00;36:*.opus=00;36:*.spx=00;36:*.xspf=00;36:', 'VSCODE_GIT_IPC_HANDLE': '/run/user/1000/vscode-git-5342160831.sock', 'TERM_PROGRAM': 'vscode', 'SSH_AGENT_LAUNCHER': 'gnome-keyring', 'SSH_AUTH_SOCK': '/run/user/1000/keyring/ssh', 'GSETTINGS_SCHEMA_DIR': '/home/me597/snap/code/167/.local/share/glib-2.0/schemas', 'ROS_DOMAIN_ID': '06', 'AMENT_PREFIX_PATH': '/opt/ros/humble', 'ORIGINAL_XDG_CURRENT_DESKTOP': 'ubuntu:GNOME', 'SHELL': '/bin/bash', 'QT_ACCESSIBILITY': '1', 'GDMSESSION': 'ubuntu', 'LESSCLOSE': '/usr/bin/lesspipe %s %s', 'GTK_PATH_VSCODE_SNAP_ORIG': '', 'GTK_IM_MODULE_FILE_VSCODE_SNAP_ORIG': '', 'GJS_DEBUG_OUTPUT': 'stderr', 'VSCODE_GIT_ASKPASS_EXTRA_ARGS': '', 'QT_IM_MODULE': 'ibus', 'PWD': '/home/me597/ros2/sim_ws/build/py_pubsub', 'TURTLEBOT3_MODEL': 'waffle', 'LC_ALL': 'en_US.UTF-8', 'XDG_CONFIG_DIRS': '/etc/xdg/xdg-ubuntu:/etc/xdg', 'XDG_DATA_DIRS': '/home/me597/snap/code/167/.local/share:/home/me597/snap/code/167:/snap/code/167/usr/share:/usr/share/ubuntu:/usr/local/share/:/usr/share/:/var/lib/snapd/desktop', 'PYTHONPATH': '/home/me597/ros2/sim_ws/build/py_pubsub/prefix_override:/usr/lib/python3/dist-packages/colcon_core/task/python/colcon_distutils_commands:/home/me597/ros2/sim_ws/install/py_pubsub/lib/python3.10/site-packages:/opt/ros/humble/lib/python3.10/site-packages:/opt/ros/humble/local/lib/python3.10/dist-packages', 'COLCON': '1'}, 'shell': False}
[2.054693] (-) TimerEvent: {}
[2.094368] (task_2_interfaces) StdoutLine: {'line': b'[ 76%] Built target task_2_interfaces__py\n'}
[2.121385] (task_2_interfaces) StdoutLine: {'line': b'\x1b[35m\x1b[1mConsolidate compiler generated dependencies of target task_2_interfaces__rosidl_generator_py\x1b[0m\n'}
[2.154902] (-) TimerEvent: {}
[2.158205] (task_2_interfaces) StdoutLine: {'line': b'[ 84%] Built target task_2_interfaces__rosidl_generator_py\n'}
[2.204448] (task_2_interfaces) StdoutLine: {'line': b'\x1b[35m\x1b[1mConsolidate compiler generated dependencies of target task_2_interfaces__rosidl_typesupport_fastrtps_c__pyext\x1b[0m\n'}
[2.243389] (task_2_interfaces) StdoutLine: {'line': b'[ 89%] Built target task_2_interfaces__rosidl_typesupport_fastrtps_c__pyext\n'}
[2.260802] (-) TimerEvent: {}
[2.262615] (task_2_interfaces) StdoutLine: {'line': b'\x1b[35m\x1b[1mConsolidate compiler generated dependencies of target task_2_interfaces__rosidl_typesupport_introspection_c__pyext\x1b[0m\n'}
[2.300338] (task_2_interfaces) StdoutLine: {'line': b'[ 94%] Built target task_2_interfaces__rosidl_typesupport_introspection_c__pyext\n'}
[2.328572] (task_2_interfaces) StdoutLine: {'line': b'running egg_info\n'}
[2.328712] (task_2_interfaces) StdoutLine: {'line': b'writing task_2_interfaces.egg-info/PKG-INFO\n'}
[2.328751] (task_2_interfaces) StdoutLine: {'line': b'writing dependency_links to task_2_interfaces.egg-info/dependency_links.txt\n'}
[2.328781] (task_2_interfaces) StdoutLine: {'line': b'writing top-level names to task_2_interfaces.egg-info/top_level.txt\n'}
[2.328810] (task_2_interfaces) StdoutLine: {'line': b"reading manifest file 'task_2_interfaces.egg-info/SOURCES.txt'\n"}
[2.328837] (task_2_interfaces) StdoutLine: {'line': b"writing manifest file 'task_2_interfaces.egg-info/SOURCES.txt'\n"}
[2.347543] (task_2_interfaces) StdoutLine: {'line': b'\x1b[35m\x1b[1mConsolidate compiler generated dependencies of target task_2_interfaces__rosidl_typesupport_c__pyext\x1b[0m\n'}
[2.377994] (-) TimerEvent: {}
[2.379467] (task_2_interfaces) StdoutLine: {'line': b'[100%] Built target task_2_interfaces__rosidl_typesupport_c__pyext\n'}
[2.395337] (py_pubsub) StdoutLine: {'line': b'running egg_info\n'}
[2.395478] (py_pubsub) StdoutLine: {'line': b'creating ../../../build/py_pubsub/py_pubsub.egg-info\n'}
[2.395513] (py_pubsub) StdoutLine: {'line': b'writing ../../../build/py_pubsub/py_pubsub.egg-info/PKG-INFO\n'}
[2.395540] (py_pubsub) StdoutLine: {'line': b'writing dependency_links to ../../../build/py_pubsub/py_pubsub.egg-info/dependency_links.txt\n'}
[2.395565] (py_pubsub) StdoutLine: {'line': b'writing entry points to ../../../build/py_pubsub/py_pubsub.egg-info/entry_points.txt\n'}
[2.395588] (py_pubsub) StdoutLine: {'line': b'writing requirements to ../../../build/py_pubsub/py_pubsub.egg-info/requires.txt\n'}
[2.395611] (py_pubsub) StdoutLine: {'line': b'writing top-level names to ../../../build/py_pubsub/py_pubsub.egg-info/top_level.txt\n'}
[2.395634] (py_pubsub) StdoutLine: {'line': b"writing manifest file '../../../build/py_pubsub/py_pubsub.egg-info/SOURCES.txt'\n"}
[2.395656] (py_pubsub) StdoutLine: {'line': b"reading manifest file '../../../build/py_pubsub/py_pubsub.egg-info/SOURCES.txt'\n"}
[2.395679] (py_pubsub) StdoutLine: {'line': b"adding license file 'LICENSE'\n"}
[2.395701] (py_pubsub) StdoutLine: {'line': b"writing manifest file '../../../build/py_pubsub/py_pubsub.egg-info/SOURCES.txt'\n"}
[2.400795] (task_2_interfaces) StdoutLine: {'line': b'[100%] Built target ament_cmake_python_build_task_2_interfaces_egg\n'}
[2.400958] (py_pubsub) StdoutLine: {'line': b'running build\n'}
[2.401025] (py_pubsub) StdoutLine: {'line': b'running build_py\n'}
[2.414870] (py_pubsub) StdoutLine: {'line': b'creating /home/me597/ros2/sim_ws/build/py_pubsub/build\n'}
[2.415040] (py_pubsub) StdoutLine: {'line': b'creating /home/me597/ros2/sim_ws/build/py_pubsub/build/lib\n'}
[2.415365] (py_pubsub) StdoutLine: {'line': b'creating /home/me597/ros2/sim_ws/build/py_pubsub/build/lib/py_pubsub\n'}
[2.415668] (py_pubsub) StdoutLine: {'line': b'copying py_pubsub/publisher_member_function.py -> /home/me597/ros2/sim_ws/build/py_pubsub/build/lib/py_pubsub\n'}
[2.415772] (py_pubsub) StdoutLine: {'line': b'copying py_pubsub/__init__.py -> /home/me597/ros2/sim_ws/build/py_pubsub/build/lib/py_pubsub\n'}
[2.415804] (py_pubsub) StdoutLine: {'line': b'copying py_pubsub/subscriber_member_function.py -> /home/me597/ros2/sim_ws/build/py_pubsub/build/lib/py_pubsub\n'}
[2.415832] (py_pubsub) StdoutLine: {'line': b'running install\n'}
[2.415859] (py_pubsub) StdoutLine: {'line': b'running install_lib\n'}
[2.424889] (py_pubsub) StdoutLine: {'line': b'creating /home/me597/ros2/sim_ws/install/py_pubsub/lib/python3.10/site-packages/py_pubsub\n'}
[2.425067] (py_pubsub) StdoutLine: {'line': b'copying /home/me597/ros2/sim_ws/build/py_pubsub/build/lib/py_pubsub/publisher_member_function.py -> /home/me597/ros2/sim_ws/install/py_pubsub/lib/python3.10/site-packages/py_pubsub\n'}
[2.425104] (py_pubsub) StdoutLine: {'line': b'copying /home/me597/ros2/sim_ws/build/py_pubsub/build/lib/py_pubsub/__init__.py -> /home/me597/ros2/sim_ws/install/py_pubsub/lib/python3.10/site-packages/py_pubsub\n'}
[2.425132] (py_pubsub) StdoutLine: {'line': b'copying /home/me597/ros2/sim_ws/build/py_pubsub/build/lib/py_pubsub/subscriber_member_function.py -> /home/me597/ros2/sim_ws/install/py_pubsub/lib/python3.10/site-packages/py_pubsub\n'}
[2.425159] (py_pubsub) StdoutLine: {'line': b'byte-compiling /home/me597/ros2/sim_ws/install/py_pubsub/lib/python3.10/site-packages/py_pubsub/publisher_member_function.py to publisher_member_function.cpython-310.pyc\n'}
[2.425184] (py_pubsub) StdoutLine: {'line': b'byte-compiling /home/me597/ros2/sim_ws/install/py_pubsub/lib/python3.10/site-packages/py_pubsub/__init__.py to __init__.cpython-310.pyc\n'}
[2.425208] (py_pubsub) StdoutLine: {'line': b'byte-compiling /home/me597/ros2/sim_ws/install/py_pubsub/lib/python3.10/site-packages/py_pubsub/subscriber_member_function.py to subscriber_member_function.cpython-310.pyc\n'}
[2.428182] (py_pubsub) StdoutLine: {'line': b'running install_data\n'}
[2.428306] (py_pubsub) StdoutLine: {'line': b'creating /home/me597/ros2/sim_ws/install/py_pubsub/share/ament_index\n'}
[2.428338] (py_pubsub) StdoutLine: {'line': b'creating /home/me597/ros2/sim_ws/install/py_pubsub/share/ament_index/resource_index\n'}
[2.428365] (py_pubsub) StdoutLine: {'line': b'creating /home/me597/ros2/sim_ws/install/py_pubsub/share/ament_index/resource_index/packages\n'}
[2.428391] (py_pubsub) StdoutLine: {'line': b'copying resource/py_pubsub -> /home/me597/ros2/sim_ws/install/py_pubsub/share/ament_index/resource_index/packages\n'}
[2.428418] (py_pubsub) StdoutLine: {'line': b'copying package.xml -> /home/me597/ros2/sim_ws/install/py_pubsub/share/py_pubsub\n'}
[2.428441] (py_pubsub) StdoutLine: {'line': b'running install_egg_info\n'}
[2.428466] (py_pubsub) StdoutLine: {'line': b'Copying ../../../build/py_pubsub/py_pubsub.egg-info to /home/me597/ros2/sim_ws/install/py_pubsub/lib/python3.10/site-packages/py_pubsub-0.0.0-py3.10.egg-info\n'}
[2.428491] (py_pubsub) StdoutLine: {'line': b'running install_scripts\n'}
[2.449761] (task_2_interfaces) CommandEnded: {'returncode': 0}
[2.455895] (py_pubsub) StdoutLine: {'line': b'Installing listener script to /home/me597/ros2/sim_ws/install/py_pubsub/lib/py_pubsub\n'}
[2.456065] (py_pubsub) StdoutLine: {'line': b'Installing talker script to /home/me597/ros2/sim_ws/install/py_pubsub/lib/py_pubsub\n'}
[2.456100] (py_pubsub) StdoutLine: {'line': b"writing list of installed files to '/home/me597/ros2/sim_ws/build/py_pubsub/install.log'\n"}
[2.478412] (-) TimerEvent: {}
[2.508174] (py_pubsub) CommandEnded: {'returncode': 0}
[2.514268] (py_pubsub) JobEnded: {'identifier': 'py_pubsub', 'rc': 0}
[2.514705] (sim_utils) JobStarted: {'identifier': 'sim_utils'}
[2.579182] (-) TimerEvent: {}
[2.680068] (-) TimerEvent: {}
[2.784584] (-) TimerEvent: {}
[2.792057] (task_2_interfaces) JobProgress: {'identifier': 'task_2_interfaces', 'progress': 'install'}
[2.809389] (task_2_interfaces) Command: {'cmd': ['/usr/bin/cmake', '--install', '/home/me597/ros2/sim_ws/build/task_2_interfaces'], 'cwd': '/home/me597/ros2/sim_ws/build/task_2_interfaces', 'env': OrderedDict([('GJS_DEBUG_TOPICS', 'JS ERROR;JS LOG'), ('LESSOPEN', '| /usr/bin/lesspipe %s'), ('USER', 'me597'), ('GIO_MODULE_DIR', '/home/me597/snap/code/common/.cache/gio-modules'), ('XDG_SESSION_TYPE', 'wayland'), ('GIT_ASKPASS', '/snap/code/167/usr/share/code/resources/app/extensions/git/dist/askpass.sh'), ('GTK_EXE_PREFIX_VSCODE_SNAP_ORIG', ''), ('GDK_BACKEND_VSCODE_SNAP_ORIG', ''), ('SHLVL', '1'), ('LD_LIBRARY_PATH', '/usr/lib/x86_64-linux-gnu/gazebo-11/plugins:/opt/ros/humble/opt/rviz_ogre_vendor/lib:/opt/ros/humble/lib/x86_64-linux-gnu:/opt/ros/humble/lib'), ('HOME', '/home/me597'), ('CHROME_DESKTOP', 'code-url-handler.desktop'), ('LOCPATH_VSCODE_SNAP_ORIG', ''), ('TERM_PROGRAM_VERSION', '1.92.2'), ('DESKTOP_SESSION', 'ubuntu'), ('GTK_PATH', '/snap/code/167/usr/lib/x86_64-linux-gnu/gtk-3.0'), ('GTK_IM_MODULE_FILE', '/home/me597/snap/code/common/.cache/immodules/immodules.cache'), ('GIO_LAUNCHED_DESKTOP_FILE', '/var/lib/snapd/desktop/applications/code_code.desktop'), ('ROS_PYTHON_VERSION', '3'), ('GNOME_SHELL_SESSION_MODE', 'ubuntu'), ('GTK_MODULES', 'gail:atk-bridge'), ('GSETTINGS_SCHEMA_DIR_VSCODE_SNAP_ORIG', ''), ('VSCODE_GIT_ASKPASS_MAIN', '/snap/code/167/usr/share/code/resources/app/extensions/git/dist/askpass-main.js'), ('VSCODE_GIT_ASKPASS_NODE', '/snap/code/167/usr/share/code/code'), ('MANAGERPID', '1433'), ('PYDEVD_DISABLE_FILE_VALIDATION', '1'), ('SYSTEMD_EXEC_PID', '1589'), ('BUNDLED_DEBUGPY_PATH', '/home/me597/.vscode/extensions/ms-python.debugpy-2026.6.0-linux-x64/bundled/libs/debugpy'), ('IM_CONFIG_CHECK_ENV', '1'), ('DBUS_SESSION_BUS_ADDRESS', 'unix:path=/run/user/1000/bus'), ('COLORTERM', 'truecolor'), ('GIO_LAUNCHED_DESKTOP_FILE_PID', '26594'), ('IM_CONFIG_PHASE', '1'), ('WAYLAND_DISPLAY', 'wayland-0'), ('ROS_DISTRO', 'humble'), ('LOGNAME', 'me597'), ('JOURNAL_STREAM', '8:24741'), ('_', '/usr/bin/colcon'), ('ROS_VERSION', '2'), ('XDG_CONFIG_DIRS_VSCODE_SNAP_ORIG', '/etc/xdg/xdg-ubuntu:/etc/xdg'), ('XDG_SESSION_CLASS', 'user'), ('XDG_DATA_DIRS_VSCODE_SNAP_ORIG', '/usr/share/ubuntu:/usr/local/share/:/usr/share/:/var/lib/snapd/desktop'), ('USERNAME', 'me597'), ('TERM', 'xterm-256color'), ('GNOME_DESKTOP_SESSION_ID', 'this-is-deprecated'), ('ROS_LOCALHOST_ONLY', '1'), ('PATH', '/opt/ros/humble/bin:/usr/local/sbin:/usr/local/bin:/usr/sbin:/usr/bin:/sbin:/bin:/usr/games:/usr/local/games:/snap/bin:/snap/bin:/home/me597/.vscode/extensions/ms-python.debugpy-2026.6.0-linux-x64/bundled/scripts/noConfigScripts'), ('SESSION_MANAGER', 'local/me597:@/tmp/.ICE-unix/1557,unix/me597:/tmp/.ICE-unix/1557'), ('GTK_EXE_PREFIX', '/snap/code/167/usr'), ('INVOCATION_ID', '7cfc1821308f441bbaf5abc93b853ff0'), ('XDG_MENU_PREFIX', 'gnome-'), ('GNOME_SETUP_DISPLAY', ':1'), ('XDG_RUNTIME_DIR', '/run/user/1000'), ('GDK_BACKEND', 'x11'), ('DISPLAY', ':0'), ('LOCPATH', '/snap/code/167/usr/lib/locale'), ('VSCODE_DEBUGPY_ADAPTER_ENDPOINTS', '/home/me597/.vscode/extensions/ms-python.debugpy-2026.6.0-linux-x64/.noConfigDebugAdapterEndpoints/endpoint-6fbcccb471442029.txt'), ('LANG', 'en_US.UTF-8'), ('XDG_CURRENT_DESKTOP', 'Unity'), ('GIO_MODULE_DIR_VSCODE_SNAP_ORIG', ''), ('XMODIFIERS', '@im=ibus'), ('XDG_SESSION_DESKTOP', 'ubuntu'), ('XAUTHORITY', '/run/user/1000/.mutter-Xwaylandauth.M84UV3'), ('LS_COLORS', 'rs=0:di=01;34:ln=01;36:mh=00:pi=40;33:so=01;35:do=01;35:bd=40;33;01:cd=40;33;01:or=40;31;01:mi=00:su=37;41:sg=30;43:ca=30;41:tw=30;42:ow=34;42:st=37;44:ex=01;32:*.tar=01;31:*.tgz=01;31:*.arc=01;31:*.arj=01;31:*.taz=01;31:*.lha=01;31:*.lz4=01;31:*.lzh=01;31:*.lzma=01;31:*.tlz=01;31:*.txz=01;31:*.tzo=01;31:*.t7z=01;31:*.zip=01;31:*.z=01;31:*.dz=01;31:*.gz=01;31:*.lrz=01;31:*.lz=01;31:*.lzo=01;31:*.xz=01;31:*.zst=01;31:*.tzst=01;31:*.bz2=01;31:*.bz=01;31:*.tbz=01;31:*.tbz2=01;31:*.tz=01;31:*.deb=01;31:*.rpm=01;31:*.jar=01;31:*.war=01;31:*.ear=01;31:*.sar=01;31:*.rar=01;31:*.alz=01;31:*.ace=01;31:*.zoo=01;31:*.cpio=01;31:*.7z=01;31:*.rz=01;31:*.cab=01;31:*.wim=01;31:*.swm=01;31:*.dwm=01;31:*.esd=01;31:*.jpg=01;35:*.jpeg=01;35:*.mjpg=01;35:*.mjpeg=01;35:*.gif=01;35:*.bmp=01;35:*.pbm=01;35:*.pgm=01;35:*.ppm=01;35:*.tga=01;35:*.xbm=01;35:*.xpm=01;35:*.tif=01;35:*.tiff=01;35:*.png=01;35:*.svg=01;35:*.svgz=01;35:*.mng=01;35:*.pcx=01;35:*.mov=01;35:*.mpg=01;35:*.mpeg=01;35:*.m2v=01;35:*.mkv=01;35:*.webm=01;35:*.webp=01;35:*.ogm=01;35:*.mp4=01;35:*.m4v=01;35:*.mp4v=01;35:*.vob=01;35:*.qt=01;35:*.nuv=01;35:*.wmv=01;35:*.asf=01;35:*.rm=01;35:*.rmvb=01;35:*.flc=01;35:*.avi=01;35:*.fli=01;35:*.flv=01;35:*.gl=01;35:*.dl=01;35:*.xcf=01;35:*.xwd=01;35:*.yuv=01;35:*.cgm=01;35:*.emf=01;35:*.ogv=01;35:*.ogx=01;35:*.aac=00;36:*.au=00;36:*.flac=00;36:*.m4a=00;36:*.mid=00;36:*.midi=00;36:*.mka=00;36:*.mp3=00;36:*.mpc=00;36:*.ogg=00;36:*.ra=00;36:*.wav=00;36:*.oga=00;36:*.opus=00;36:*.spx=00;36:*.xspf=00;36:'), ('VSCODE_GIT_IPC_HANDLE', '/run/user/1000/vscode-git-5342160831.sock'), ('TERM_PROGRAM', 'vscode'), ('SSH_AGENT_LAUNCHER', 'gnome-keyring'), ('SSH_AUTH_SOCK', '/run/user/1000/keyring/ssh'), ('GSETTINGS_SCHEMA_DIR', '/home/me597/snap/code/167/.local/share/glib-2.0/schemas'), ('ROS_DOMAIN_ID', '06'), ('AMENT_PREFIX_PATH', '/opt/ros/humble'), ('ORIGINAL_XDG_CURRENT_DESKTOP', 'ubuntu:GNOME'), ('SHELL', '/bin/bash'), ('QT_ACCESSIBILITY', '1'), ('GDMSESSION', 'ubuntu'), ('LESSCLOSE', '/usr/bin/lesspipe %s %s'), ('GTK_PATH_VSCODE_SNAP_ORIG', ''), ('GTK_IM_MODULE_FILE_VSCODE_SNAP_ORIG', ''), ('GJS_DEBUG_OUTPUT', 'stderr'), ('VSCODE_GIT_ASKPASS_EXTRA_ARGS', ''), ('QT_IM_MODULE', 'ibus'), ('PWD', '/home/me597/ros2/sim_ws/build/task_2_interfaces'), ('TURTLEBOT3_MODEL', 'waffle'), ('LC_ALL', 'en_US.UTF-8'), ('XDG_CONFIG_DIRS', '/etc/xdg/xdg-ubuntu:/etc/xdg'), ('XDG_DATA_DIRS', '/home/me597/snap/code/167/.local/share:/home/me597/snap/code/167:/snap/code/167/usr/share:/usr/share/ubuntu:/usr/local/share/:/usr/share/:/var/lib/snapd/desktop'), ('PYTHONPATH', '/opt/ros/humble/lib/python3.10/site-packages:/opt/ros/humble/local/lib/python3.10/dist-packages'), ('COLCON', '1'), ('CMAKE_PREFIX_PATH', '/opt/ros/humble')]), 'shell': False}
[2.821804] (task_2_interfaces) StdoutLine: {'line': b'-- Install configuration: ""\n'}
[2.821945] (task_2_interfaces) StdoutLine: {'line': b'-- Execute custom install script\n'}
[2.821982] (task_2_interfaces) StdoutLine: {'line': b'-- Up-to-date symlink: /home/me597/ros2/sim_ws/install/task_2_interfaces/share/ament_index/resource_index/rosidl_interfaces/task_2_interfaces\n'}
[2.822370] (task_2_interfaces) StdoutLine: {'line': b'-- Up-to-date symlink: /home/me597/ros2/sim_ws/install/task_2_interfaces/include/task_2_interfaces/task_2_interfaces/msg/detail/joint_data__functions.h\n'}
[2.822552] (task_2_interfaces) StdoutLine: {'line': b'-- Up-to-date symlink: /home/me597/ros2/sim_ws/install/task_2_interfaces/include/task_2_interfaces/task_2_interfaces/msg/detail/joint_data__struct.h\n'}
[2.822690] (task_2_interfaces) StdoutLine: {'line': b'-- Up-to-date symlink: /home/me597/ros2/sim_ws/install/task_2_interfaces/include/task_2_interfaces/task_2_interfaces/msg/detail/joint_data__type_support.h\n'}
[2.822817] (task_2_interfaces) StdoutLine: {'line': b'-- Up-to-date symlink: /home/me597/ros2/sim_ws/install/task_2_interfaces/include/task_2_interfaces/task_2_interfaces/msg/joint_data.h\n'}
[2.822937] (task_2_interfaces) StdoutLine: {'line': b'-- Up-to-date symlink: /home/me597/ros2/sim_ws/install/task_2_interfaces/include/task_2_interfaces/task_2_interfaces/msg/rosidl_generator_c__visibility_control.h\n'}
[2.833387] (task_2_interfaces) StdoutLine: {'line': b'-- Up-to-date symlink: /home/me597/ros2/sim_ws/install/task_2_interfaces/include/task_2_interfaces/task_2_interfaces/srv/detail/joint_state__functions.h\n'}
[2.833757] (task_2_interfaces) StdoutLine: {'line': b'-- Up-to-date symlink: /home/me597/ros2/sim_ws/install/task_2_interfaces/include/task_2_interfaces/task_2_interfaces/srv/detail/joint_state__struct.h\n'}
[2.833951] (task_2_interfaces) StdoutLine: {'line': b'-- Up-to-date symlink: /home/me597/ros2/sim_ws/install/task_2_interfaces/include/task_2_interfaces/task_2_interfaces/srv/detail/joint_state__type_support.h\n'}
[2.834128] (task_2_interfaces) StdoutLine: {'line': b'-- Up-to-date symlink: /home/me597/ros2/sim_ws/install/task_2_interfaces/include/task_2_interfaces/task_2_interfaces/srv/joint_state.h\n'}
[2.834304] (task_2_interfaces) StdoutLine: {'line': b'-- Up-to-date symlink: /home/me597/ros2/sim_ws/install/task_2_interfaces/share/task_2_interfaces/environment/library_path.sh\n'}
[2.834568] (task_2_interfaces) StdoutLine: {'line': b'-- Up-to-date symlink: /home/me597/ros2/sim_ws/install/task_2_interfaces/share/task_2_interfaces/environment/library_path.dsv\n'}
[2.834775] (task_2_interfaces) StdoutLine: {'line': b'-- Up-to-date symlink: /home/me597/ros2/sim_ws/install/task_2_interfaces/include/task_2_interfaces/task_2_interfaces/msg/detail/joint_data__rosidl_typesupport_fastrtps_c.h\n'}
[2.834949] (task_2_interfaces) StdoutLine: {'line': b'-- Up-to-date symlink: /home/me597/ros2/sim_ws/install/task_2_interfaces/include/task_2_interfaces/task_2_interfaces/msg/rosidl_typesupport_fastrtps_c__visibility_control.h\n'}
[2.835126] (task_2_interfaces) StdoutLine: {'line': b'-- Up-to-date symlink: /home/me597/ros2/sim_ws/install/task_2_interfaces/include/task_2_interfaces/task_2_interfaces/srv/detail/joint_state__rosidl_typesupport_fastrtps_c.h\n'}
[2.835297] (task_2_interfaces) StdoutLine: {'line': b'-- Up-to-date symlink: /home/me597/ros2/sim_ws/install/task_2_interfaces/include/task_2_interfaces/task_2_interfaces/msg/detail/joint_data__builder.hpp\n'}
[2.835465] (task_2_interfaces) StdoutLine: {'line': b'-- Up-to-date symlink: /home/me597/ros2/sim_ws/install/task_2_interfaces/include/task_2_interfaces/task_2_interfaces/msg/detail/joint_data__struct.hpp\n'}
[2.835776] (task_2_interfaces) StdoutLine: {'line': b'-- Up-to-date symlink: /home/me597/ros2/sim_ws/install/task_2_interfaces/include/task_2_interfaces/task_2_interfaces/msg/detail/joint_data__traits.hpp\n'}
[2.835966] (task_2_interfaces) StdoutLine: {'line': b'-- Up-to-date symlink: /home/me597/ros2/sim_ws/install/task_2_interfaces/include/task_2_interfaces/task_2_interfaces/msg/joint_data.hpp\n'}
[2.836137] (task_2_interfaces) StdoutLine: {'line': b'-- Up-to-date symlink: /home/me597/ros2/sim_ws/install/task_2_interfaces/include/task_2_interfaces/task_2_interfaces/srv/detail/joint_state__builder.hpp\n'}
[2.836306] (task_2_interfaces) StdoutLine: {'line': b'-- Up-to-date symlink: /home/me597/ros2/sim_ws/install/task_2_interfaces/include/task_2_interfaces/task_2_interfaces/srv/detail/joint_state__struct.hpp\n'}
[2.836475] (task_2_interfaces) StdoutLine: {'line': b'-- Up-to-date symlink: /home/me597/ros2/sim_ws/install/task_2_interfaces/include/task_2_interfaces/task_2_interfaces/srv/detail/joint_state__traits.hpp\n'}
[2.836650] (task_2_interfaces) StdoutLine: {'line': b'-- Up-to-date symlink: /home/me597/ros2/sim_ws/install/task_2_interfaces/include/task_2_interfaces/task_2_interfaces/srv/joint_state.hpp\n'}
[2.836834] (task_2_interfaces) StdoutLine: {'line': b'-- Up-to-date symlink: /home/me597/ros2/sim_ws/install/task_2_interfaces/include/task_2_interfaces/task_2_interfaces/msg/detail/joint_data__rosidl_typesupport_fastrtps_cpp.hpp\n'}
[2.837017] (task_2_interfaces) StdoutLine: {'line': b'-- Up-to-date symlink: /home/me597/ros2/sim_ws/install/task_2_interfaces/include/task_2_interfaces/task_2_interfaces/msg/rosidl_typesupport_fastrtps_cpp__visibility_control.h\n'}
[2.837204] (task_2_interfaces) StdoutLine: {'line': b'-- Up-to-date symlink: /home/me597/ros2/sim_ws/install/task_2_interfaces/include/task_2_interfaces/task_2_interfaces/srv/detail/joint_state__rosidl_typesupport_fastrtps_cpp.hpp\n'}
[2.837413] (task_2_interfaces) StdoutLine: {'line': b'-- Up-to-date symlink: /home/me597/ros2/sim_ws/install/task_2_interfaces/include/task_2_interfaces/task_2_interfaces/msg/detail/joint_data__rosidl_typesupport_introspection_c.h\n'}
[2.837617] (task_2_interfaces) StdoutLine: {'line': b'-- Up-to-date symlink: /home/me597/ros2/sim_ws/install/task_2_interfaces/include/task_2_interfaces/task_2_interfaces/msg/rosidl_typesupport_introspection_c__visibility_control.h\n'}
[2.837821] (task_2_interfaces) StdoutLine: {'line': b'-- Up-to-date symlink: /home/me597/ros2/sim_ws/install/task_2_interfaces/include/task_2_interfaces/task_2_interfaces/srv/detail/joint_state__rosidl_typesupport_introspection_c.h\n'}
[2.838028] (task_2_interfaces) StdoutLine: {'line': b'-- Up-to-date symlink: /home/me597/ros2/sim_ws/install/task_2_interfaces/include/task_2_interfaces/task_2_interfaces/msg/detail/joint_data__rosidl_typesupport_introspection_cpp.hpp\n'}
[2.838228] (task_2_interfaces) StdoutLine: {'line': b'-- Up-to-date symlink: /home/me597/ros2/sim_ws/install/task_2_interfaces/include/task_2_interfaces/task_2_interfaces/srv/detail/joint_state__rosidl_typesupport_introspection_cpp.hpp\n'}
[2.838257] (task_2_interfaces) StdoutLine: {'line': b'-- Up-to-date symlink: /home/me597/ros2/sim_ws/install/task_2_interfaces/share/task_2_interfaces/environment/pythonpath.sh\n'}
[2.838284] (task_2_interfaces) StdoutLine: {'line': b'-- Up-to-date symlink: /home/me597/ros2/sim_ws/install/task_2_interfaces/share/task_2_interfaces/environment/pythonpath.dsv\n'}
[2.838310] (task_2_interfaces) StdoutLine: {'line': b'-- Up-to-date symlink: /home/me597/ros2/sim_ws/install/task_2_interfaces/local/lib/python3.10/dist-packages/task_2_interfaces-0.0.0-py3.10.egg-info/PKG-INFO\n'}
[2.838337] (task_2_interfaces) StdoutLine: {'line': b'-- Up-to-date symlink: /home/me597/ros2/sim_ws/install/task_2_interfaces/local/lib/python3.10/dist-packages/task_2_interfaces-0.0.0-py3.10.egg-info/SOURCES.txt\n'}
[2.838364] (task_2_interfaces) StdoutLine: {'line': b'-- Up-to-date symlink: /home/me597/ros2/sim_ws/install/task_2_interfaces/local/lib/python3.10/dist-packages/task_2_interfaces-0.0.0-py3.10.egg-info/dependency_links.txt\n'}
[2.838390] (task_2_interfaces) StdoutLine: {'line': b'-- Up-to-date symlink: /home/me597/ros2/sim_ws/install/task_2_interfaces/local/lib/python3.10/dist-packages/task_2_interfaces-0.0.0-py3.10.egg-info/top_level.txt\n'}
[2.838417] (task_2_interfaces) StdoutLine: {'line': b'-- Up-to-date symlink: /home/me597/ros2/sim_ws/install/task_2_interfaces/local/lib/python3.10/dist-packages/task_2_interfaces/__init__.py\n'}
[2.838445] (task_2_interfaces) StdoutLine: {'line': b'-- Up-to-date symlink: /home/me597/ros2/sim_ws/install/task_2_interfaces/local/lib/python3.10/dist-packages/task_2_interfaces/_task_2_interfaces_s.ep.rosidl_typesupport_c.c\n'}
[2.838473] (task_2_interfaces) StdoutLine: {'line': b'-- Up-to-date symlink: /home/me597/ros2/sim_ws/install/task_2_interfaces/local/lib/python3.10/dist-packages/task_2_interfaces/_task_2_interfaces_s.ep.rosidl_typesupport_fastrtps_c.c\n'}
[2.838498] (task_2_interfaces) StdoutLine: {'line': b'-- Up-to-date symlink: /home/me597/ros2/sim_ws/install/task_2_interfaces/local/lib/python3.10/dist-packages/task_2_interfaces/_task_2_interfaces_s.ep.rosidl_typesupport_introspection_c.c\n'}
[2.838525] (task_2_interfaces) StdoutLine: {'line': b'-- Up-to-date symlink: /home/me597/ros2/sim_ws/install/task_2_interfaces/local/lib/python3.10/dist-packages/task_2_interfaces/libtask_2_interfaces__rosidl_generator_py.so\n'}
[2.838550] (task_2_interfaces) StdoutLine: {'line': b'-- Up-to-date symlink: /home/me597/ros2/sim_ws/install/task_2_interfaces/local/lib/python3.10/dist-packages/task_2_interfaces/msg/__init__.py\n'}
[2.838577] (task_2_interfaces) StdoutLine: {'line': b'-- Up-to-date symlink: /home/me597/ros2/sim_ws/install/task_2_interfaces/local/lib/python3.10/dist-packages/task_2_interfaces/msg/_joint_data.py\n'}
[2.838604] (task_2_interfaces) StdoutLine: {'line': b'-- Up-to-date symlink: /home/me597/ros2/sim_ws/install/task_2_interfaces/local/lib/python3.10/dist-packages/task_2_interfaces/msg/_joint_data_s.c\n'}
[2.838629] (task_2_interfaces) StdoutLine: {'line': b'-- Up-to-date symlink: /home/me597/ros2/sim_ws/install/task_2_interfaces/local/lib/python3.10/dist-packages/task_2_interfaces/srv/__init__.py\n'}
[2.838655] (task_2_interfaces) StdoutLine: {'line': b'-- Up-to-date symlink: /home/me597/ros2/sim_ws/install/task_2_interfaces/local/lib/python3.10/dist-packages/task_2_interfaces/srv/_joint_state.py\n'}
[2.838681] (task_2_interfaces) StdoutLine: {'line': b'-- Up-to-date symlink: /home/me597/ros2/sim_ws/install/task_2_interfaces/local/lib/python3.10/dist-packages/task_2_interfaces/srv/_joint_state_s.c\n'}
[2.838706] (task_2_interfaces) StdoutLine: {'line': b'-- Up-to-date symlink: /home/me597/ros2/sim_ws/install/task_2_interfaces/local/lib/python3.10/dist-packages/task_2_interfaces/task_2_interfaces_s__rosidl_typesupport_c.cpython-310-x86_64-linux-gnu.so\n'}
[2.838734] (task_2_interfaces) StdoutLine: {'line': b'-- Up-to-date symlink: /home/me597/ros2/sim_ws/install/task_2_interfaces/local/lib/python3.10/dist-packages/task_2_interfaces/task_2_interfaces_s__rosidl_typesupport_fastrtps_c.cpython-310-x86_64-linux-gnu.so\n'}
[2.838760] (task_2_interfaces) StdoutLine: {'line': b'-- Up-to-date symlink: /home/me597/ros2/sim_ws/install/task_2_interfaces/local/lib/python3.10/dist-packages/task_2_interfaces/task_2_interfaces_s__rosidl_typesupport_introspection_c.cpython-310-x86_64-linux-gnu.so\n'}
[2.838790] (task_2_interfaces) StdoutLine: {'line': b'-- Up-to-date symlink: /home/me597/ros2/sim_ws/install/task_2_interfaces/local/lib/python3.10/dist-packages/task_2_interfaces/task_2_interfaces_s__rosidl_typesupport_fastrtps_c.cpython-310-x86_64-linux-gnu.so\n'}
[2.838816] (task_2_interfaces) StdoutLine: {'line': b'-- Up-to-date symlink: /home/me597/ros2/sim_ws/install/task_2_interfaces/local/lib/python3.10/dist-packages/task_2_interfaces/task_2_interfaces_s__rosidl_typesupport_introspection_c.cpython-310-x86_64-linux-gnu.so\n'}
[2.838843] (task_2_interfaces) StdoutLine: {'line': b'-- Up-to-date symlink: /home/me597/ros2/sim_ws/install/task_2_interfaces/local/lib/python3.10/dist-packages/task_2_interfaces/task_2_interfaces_s__rosidl_typesupport_c.cpython-310-x86_64-linux-gnu.so\n'}
[2.838868] (task_2_interfaces) StdoutLine: {'line': b'-- Up-to-date symlink: /home/me597/ros2/sim_ws/install/task_2_interfaces/share/task_2_interfaces/msg/JointData.idl\n'}
[2.838893] (task_2_interfaces) StdoutLine: {'line': b'-- Up-to-date symlink: /home/me597/ros2/sim_ws/install/task_2_interfaces/share/task_2_interfaces/srv/JointState.idl\n'}
[2.838918] (task_2_interfaces) StdoutLine: {'line': b'-- Up-to-date symlink: /home/me597/ros2/sim_ws/install/task_2_interfaces/share/task_2_interfaces/msg/JointData.msg\n'}
[2.838943] (task_2_interfaces) StdoutLine: {'line': b'-- Up-to-date symlink: /home/me597/ros2/sim_ws/install/task_2_interfaces/share/task_2_interfaces/srv/JointState.srv\n'}
[2.838968] (task_2_interfaces) StdoutLine: {'line': b'-- Up-to-date symlink: /home/me597/ros2/sim_ws/install/task_2_interfaces/share/task_2_interfaces/srv/JointState_Request.msg\n'}
[2.838994] (task_2_interfaces) StdoutLine: {'line': b'-- Up-to-date symlink: /home/me597/ros2/sim_ws/install/task_2_interfaces/share/task_2_interfaces/srv/JointState_Response.msg\n'}
[2.839019] (task_2_interfaces) StdoutLine: {'line': b'-- Up-to-date symlink: /home/me597/ros2/sim_ws/install/task_2_interfaces/share/ament_index/resource_index/package_run_dependencies/task_2_interfaces\n'}
[2.839045] (task_2_interfaces) StdoutLine: {'line': b'-- Up-to-date symlink: /home/me597/ros2/sim_ws/install/task_2_interfaces/share/ament_index/resource_index/parent_prefix_path/task_2_interfaces\n'}
[2.839070] (task_2_interfaces) StdoutLine: {'line': b'-- Up-to-date symlink: /home/me597/ros2/sim_ws/install/task_2_interfaces/share/task_2_interfaces/environment/ament_prefix_path.sh\n'}
[2.839100] (task_2_interfaces) StdoutLine: {'line': b'-- Up-to-date symlink: /home/me597/ros2/sim_ws/install/task_2_interfaces/share/task_2_interfaces/environment/ament_prefix_path.dsv\n'}
[2.839126] (task_2_interfaces) StdoutLine: {'line': b'-- Up-to-date symlink: /home/me597/ros2/sim_ws/install/task_2_interfaces/share/task_2_interfaces/environment/path.sh\n'}
[2.839153] (task_2_interfaces) StdoutLine: {'line': b'-- Up-to-date symlink: /home/me597/ros2/sim_ws/install/task_2_interfaces/share/task_2_interfaces/environment/path.dsv\n'}
[2.839177] (task_2_interfaces) StdoutLine: {'line': b'-- Up-to-date symlink: /home/me597/ros2/sim_ws/install/task_2_interfaces/share/task_2_interfaces/local_setup.bash\n'}
[2.839202] (task_2_interfaces) StdoutLine: {'line': b'-- Up-to-date symlink: /home/me597/ros2/sim_ws/install/task_2_interfaces/share/task_2_interfaces/local_setup.sh\n'}
[2.839226] (task_2_interfaces) StdoutLine: {'line': b'-- Up-to-date symlink: /home/me597/ros2/sim_ws/install/task_2_interfaces/share/task_2_interfaces/local_setup.zsh\n'}
[2.839251] (task_2_interfaces) StdoutLine: {'line': b'-- Up-to-date symlink: /home/me597/ros2/sim_ws/install/task_2_interfaces/share/task_2_interfaces/local_setup.dsv\n'}
[2.839276] (task_2_interfaces) StdoutLine: {'line': b'-- Symlinking: /home/me597/ros2/sim_ws/install/task_2_interfaces/share/task_2_interfaces/package.dsv\n'}
[2.865574] (task_2_interfaces) StdoutLine: {'line': b'-- Up-to-date symlink: /home/me597/ros2/sim_ws/install/task_2_interfaces/share/ament_index/resource_index/packages/task_2_interfaces\n'}
[2.865707] (task_2_interfaces) StdoutLine: {'line': b'-- Up-to-date symlink: /home/me597/ros2/sim_ws/install/task_2_interfaces/share/task_2_interfaces/cmake/rosidl_cmake-extras.cmake\n'}
[2.865742] (task_2_interfaces) StdoutLine: {'line': b'-- Up-to-date symlink: /home/me597/ros2/sim_ws/install/task_2_interfaces/share/task_2_interfaces/cmake/ament_cmake_export_dependencies-extras.cmake\n'}
[2.865770] (task_2_interfaces) StdoutLine: {'line': b'-- Up-to-date symlink: /home/me597/ros2/sim_ws/install/task_2_interfaces/share/task_2_interfaces/cmake/ament_cmake_export_include_directories-extras.cmake\n'}
[2.865798] (task_2_interfaces) StdoutLine: {'line': b'-- Up-to-date symlink: /home/me597/ros2/sim_ws/install/task_2_interfaces/share/task_2_interfaces/cmake/ament_cmake_export_libraries-extras.cmake\n'}
[2.865825] (task_2_interfaces) StdoutLine: {'line': b'-- Up-to-date symlink: /home/me597/ros2/sim_ws/install/task_2_interfaces/share/task_2_interfaces/cmake/ament_cmake_export_targets-extras.cmake\n'}
[2.865850] (task_2_interfaces) StdoutLine: {'line': b'-- Up-to-date symlink: /home/me597/ros2/sim_ws/install/task_2_interfaces/share/task_2_interfaces/cmake/rosidl_cmake_export_typesupport_targets-extras.cmake\n'}
[2.865875] (task_2_interfaces) StdoutLine: {'line': b'-- Up-to-date symlink: /home/me597/ros2/sim_ws/install/task_2_interfaces/share/task_2_interfaces/cmake/rosidl_cmake_export_typesupport_libraries-extras.cmake\n'}
[2.865900] (task_2_interfaces) StdoutLine: {'line': b'-- Up-to-date symlink: /home/me597/ros2/sim_ws/install/task_2_interfaces/share/task_2_interfaces/cmake/task_2_interfacesConfig.cmake\n'}
[2.865933] (task_2_interfaces) StdoutLine: {'line': b'-- Up-to-date symlink: /home/me597/ros2/sim_ws/install/task_2_interfaces/share/task_2_interfaces/cmake/task_2_interfacesConfig-version.cmake\n'}
[2.865955] (task_2_interfaces) StdoutLine: {'line': b'-- Up-to-date symlink: /home/me597/ros2/sim_ws/install/task_2_interfaces/share/task_2_interfaces/package.xml\n'}
[2.865977] (task_2_interfaces) StdoutLine: {'line': b'-- Up-to-date: /home/me597/ros2/sim_ws/install/task_2_interfaces/lib/libtask_2_interfaces__rosidl_generator_c.so\n'}
[2.866436] (task_2_interfaces) StdoutLine: {'line': b'-- Up-to-date: /home/me597/ros2/sim_ws/install/task_2_interfaces/lib/libtask_2_interfaces__rosidl_typesupport_fastrtps_c.so\n'}
[2.866510] (task_2_interfaces) StdoutLine: {'line': b'-- Up-to-date: /home/me597/ros2/sim_ws/install/task_2_interfaces/lib/libtask_2_interfaces__rosidl_typesupport_fastrtps_cpp.so\n'}
[2.866555] (task_2_interfaces) StdoutLine: {'line': b'-- Up-to-date: /home/me597/ros2/sim_ws/install/task_2_interfaces/lib/libtask_2_interfaces__rosidl_typesupport_introspection_c.so\n'}
[2.867382] (task_2_interfaces) StdoutLine: {'line': b'-- Up-to-date: /home/me597/ros2/sim_ws/install/task_2_interfaces/lib/libtask_2_interfaces__rosidl_typesupport_c.so\n'}
[2.867511] (task_2_interfaces) StdoutLine: {'line': b'-- Up-to-date: /home/me597/ros2/sim_ws/install/task_2_interfaces/lib/libtask_2_interfaces__rosidl_typesupport_introspection_cpp.so\n'}
[2.867553] (task_2_interfaces) StdoutLine: {'line': b'-- Up-to-date: /home/me597/ros2/sim_ws/install/task_2_interfaces/lib/libtask_2_interfaces__rosidl_typesupport_cpp.so\n'}
[2.891810] (-) TimerEvent: {}
[2.925238] (task_2_interfaces) StdoutLine: {'line': b"Listing '/home/me597/ros2/sim_ws/install/task_2_interfaces/local/lib/python3.10/dist-packages/task_2_interfaces'...\n"}
[2.925369] (task_2_interfaces) StdoutLine: {'line': b"Compiling '/home/me597/ros2/sim_ws/install/task_2_interfaces/local/lib/python3.10/dist-packages/task_2_interfaces/__init__.py'...\n"}
[2.925406] (task_2_interfaces) StdoutLine: {'line': b"Listing '/home/me597/ros2/sim_ws/install/task_2_interfaces/local/lib/python3.10/dist-packages/task_2_interfaces/msg'...\n"}
[2.925434] (task_2_interfaces) StdoutLine: {'line': b"Listing '/home/me597/ros2/sim_ws/install/task_2_interfaces/local/lib/python3.10/dist-packages/task_2_interfaces/srv'...\n"}
[2.932153] (task_2_interfaces) StdoutLine: {'line': b'-- Up-to-date: /home/me597/ros2/sim_ws/install/task_2_interfaces/lib/libtask_2_interfaces__rosidl_generator_py.so\n'}
[2.932458] (task_2_interfaces) StdoutLine: {'line': b'-- Up-to-date: /home/me597/ros2/sim_ws/install/task_2_interfaces/share/task_2_interfaces/cmake/export_task_2_interfaces__rosidl_generator_cExport.cmake\n'}
[2.932589] (task_2_interfaces) StdoutLine: {'line': b'-- Up-to-date: /home/me597/ros2/sim_ws/install/task_2_interfaces/share/task_2_interfaces/cmake/export_task_2_interfaces__rosidl_generator_cExport-noconfig.cmake\n'}
[2.934645] (task_2_interfaces) StdoutLine: {'line': b'-- Up-to-date: /home/me597/ros2/sim_ws/install/task_2_interfaces/share/task_2_interfaces/cmake/export_task_2_interfaces__rosidl_typesupport_fastrtps_cExport.cmake\n'}
[2.934729] (task_2_interfaces) StdoutLine: {'line': b'-- Up-to-date: /home/me597/ros2/sim_ws/install/task_2_interfaces/share/task_2_interfaces/cmake/export_task_2_interfaces__rosidl_typesupport_fastrtps_cExport-noconfig.cmake\n'}
[2.934761] (task_2_interfaces) StdoutLine: {'line': b'-- Up-to-date: /home/me597/ros2/sim_ws/install/task_2_interfaces/share/task_2_interfaces/cmake/export_task_2_interfaces__rosidl_generator_cppExport.cmake\n'}
[2.934788] (task_2_interfaces) StdoutLine: {'line': b'-- Up-to-date: /home/me597/ros2/sim_ws/install/task_2_interfaces/share/task_2_interfaces/cmake/export_task_2_interfaces__rosidl_typesupport_fastrtps_cppExport.cmake\n'}
[2.934813] (task_2_interfaces) StdoutLine: {'line': b'-- Up-to-date: /home/me597/ros2/sim_ws/install/task_2_interfaces/share/task_2_interfaces/cmake/export_task_2_interfaces__rosidl_typesupport_fastrtps_cppExport-noconfig.cmake\n'}
[2.934838] (task_2_interfaces) StdoutLine: {'line': b'-- Up-to-date: /home/me597/ros2/sim_ws/install/task_2_interfaces/share/task_2_interfaces/cmake/task_2_interfaces__rosidl_typesupport_introspection_cExport.cmake\n'}
[2.934862] (task_2_interfaces) StdoutLine: {'line': b'-- Up-to-date: /home/me597/ros2/sim_ws/install/task_2_interfaces/share/task_2_interfaces/cmake/task_2_interfaces__rosidl_typesupport_introspection_cExport-noconfig.cmake\n'}
[2.934886] (task_2_interfaces) StdoutLine: {'line': b'-- Up-to-date: /home/me597/ros2/sim_ws/install/task_2_interfaces/share/task_2_interfaces/cmake/task_2_interfaces__rosidl_typesupport_cExport.cmake\n'}
[2.934910] (task_2_interfaces) StdoutLine: {'line': b'-- Up-to-date: /home/me597/ros2/sim_ws/install/task_2_interfaces/share/task_2_interfaces/cmake/task_2_interfaces__rosidl_typesupport_cExport-noconfig.cmake\n'}
[2.934934] (task_2_interfaces) StdoutLine: {'line': b'-- Up-to-date: /home/me597/ros2/sim_ws/install/task_2_interfaces/share/task_2_interfaces/cmake/task_2_interfaces__rosidl_typesupport_introspection_cppExport.cmake\n'}
[2.934959] (task_2_interfaces) StdoutLine: {'line': b'-- Up-to-date: /home/me597/ros2/sim_ws/install/task_2_interfaces/share/task_2_interfaces/cmake/task_2_interfaces__rosidl_typesupport_introspection_cppExport-noconfig.cmake\n'}
[2.934987] (task_2_interfaces) StdoutLine: {'line': b'-- Up-to-date: /home/me597/ros2/sim_ws/install/task_2_interfaces/share/task_2_interfaces/cmake/task_2_interfaces__rosidl_typesupport_cppExport.cmake\n'}
[2.935010] (task_2_interfaces) StdoutLine: {'line': b'-- Up-to-date: /home/me597/ros2/sim_ws/install/task_2_interfaces/share/task_2_interfaces/cmake/task_2_interfaces__rosidl_typesupport_cppExport-noconfig.cmake\n'}
[2.935037] (task_2_interfaces) StdoutLine: {'line': b'-- Up-to-date: /home/me597/ros2/sim_ws/install/task_2_interfaces/share/task_2_interfaces/cmake/export_task_2_interfaces__rosidl_generator_pyExport.cmake\n'}
[2.935061] (task_2_interfaces) StdoutLine: {'line': b'-- Up-to-date: /home/me597/ros2/sim_ws/install/task_2_interfaces/share/task_2_interfaces/cmake/export_task_2_interfaces__rosidl_generator_pyExport-noconfig.cmake\n'}
[2.970340] (task_2_interfaces) CommandEnded: {'returncode': 0}
[2.992303] (-) TimerEvent: {}
[3.093441] (-) TimerEvent: {}
[3.156586] (sim_utils) Command: {'cmd': ['/usr/bin/python3', '-W', 'ignore:setup.py install is deprecated', 'setup.py', 'egg_info', '--egg-base', '../../build/sim_utils', 'build', '--build-base', '/home/me597/ros2/sim_ws/build/sim_utils/build', 'install', '--record', '/home/me597/ros2/sim_ws/build/sim_utils/install.log', '--single-version-externally-managed', 'install_data'], 'cwd': '/home/me597/ros2/sim_ws/src/sim_utils', 'env': {'GJS_DEBUG_TOPICS': 'JS ERROR;JS LOG', 'LESSOPEN': '| /usr/bin/lesspipe %s', 'USER': 'me597', 'GIO_MODULE_DIR': '/home/me597/snap/code/common/.cache/gio-modules', 'XDG_SESSION_TYPE': 'wayland', 'GIT_ASKPASS': '/snap/code/167/usr/share/code/resources/app/extensions/git/dist/askpass.sh', 'GTK_EXE_PREFIX_VSCODE_SNAP_ORIG': '', 'GDK_BACKEND_VSCODE_SNAP_ORIG': '', 'SHLVL': '1', 'LD_LIBRARY_PATH': '/usr/lib/x86_64-linux-gnu/gazebo-11/plugins:/opt/ros/humble/opt/rviz_ogre_vendor/lib:/opt/ros/humble/lib/x86_64-linux-gnu:/opt/ros/humble/lib', 'HOME': '/home/me597', 'CHROME_DESKTOP': 'code-url-handler.desktop', 'LOCPATH_VSCODE_SNAP_ORIG': '', 'TERM_PROGRAM_VERSION': '1.92.2', 'DESKTOP_SESSION': 'ubuntu', 'GTK_PATH': '/snap/code/167/usr/lib/x86_64-linux-gnu/gtk-3.0', 'GTK_IM_MODULE_FILE': '/home/me597/snap/code/common/.cache/immodules/immodules.cache', 'GIO_LAUNCHED_DESKTOP_FILE': '/var/lib/snapd/desktop/applications/code_code.desktop', 'ROS_PYTHON_VERSION': '3', 'GNOME_SHELL_SESSION_MODE': 'ubuntu', 'GTK_MODULES': 'gail:atk-bridge', 'GSETTINGS_SCHEMA_DIR_VSCODE_SNAP_ORIG': '', 'VSCODE_GIT_ASKPASS_MAIN': '/snap/code/167/usr/share/code/resources/app/extensions/git/dist/askpass-main.js', 'VSCODE_GIT_ASKPASS_NODE': '/snap/code/167/usr/share/code/code', 'MANAGERPID': '1433', 'PYDEVD_DISABLE_FILE_VALIDATION': '1', 'SYSTEMD_EXEC_PID': '1589', 'BUNDLED_DEBUGPY_PATH': '/home/me597/.vscode/extensions/ms-python.debugpy-2026.6.0-linux-x64/bundled/libs/debugpy', 'IM_CONFIG_CHECK_ENV': '1', 'DBUS_SESSION_BUS_ADDRESS': 'unix:path=/run/user/1000/bus', 'COLORTERM': 'truecolor', 'GIO_LAUNCHED_DESKTOP_FILE_PID': '26594', 'IM_CONFIG_PHASE': '1', 'WAYLAND_DISPLAY': 'wayland-0', 'ROS_DISTRO': 'humble', 'LOGNAME': 'me597', 'JOURNAL_STREAM': '8:24741', '_': '/usr/bin/colcon', 'ROS_VERSION': '2', 'XDG_CONFIG_DIRS_VSCODE_SNAP_ORIG': '/etc/xdg/xdg-ubuntu:/etc/xdg', 'XDG_SESSION_CLASS': 'user', 'XDG_DATA_DIRS_VSCODE_SNAP_ORIG': '/usr/share/ubuntu:/usr/local/share/:/usr/share/:/var/lib/snapd/desktop', 'USERNAME': 'me597', 'TERM': 'xterm-256color', 'GNOME_DESKTOP_SESSION_ID': 'this-is-deprecated', 'ROS_LOCALHOST_ONLY': '1', 'PATH': '/opt/ros/humble/bin:/usr/local/sbin:/usr/local/bin:/usr/sbin:/usr/bin:/sbin:/bin:/usr/games:/usr/local/games:/snap/bin:/snap/bin:/home/me597/.vscode/extensions/ms-python.debugpy-2026.6.0-linux-x64/bundled/scripts/noConfigScripts', 'SESSION_MANAGER': 'local/me597:@/tmp/.ICE-unix/1557,unix/me597:/tmp/.ICE-unix/1557', 'GTK_EXE_PREFIX': '/snap/code/167/usr', 'INVOCATION_ID': '7cfc1821308f441bbaf5abc93b853ff0', 'XDG_MENU_PREFIX': 'gnome-', 'GNOME_SETUP_DISPLAY': ':1', 'XDG_RUNTIME_DIR': '/run/user/1000', 'GDK_BACKEND': 'x11', 'DISPLAY': ':0', 'LOCPATH': '/snap/code/167/usr/lib/locale', 'VSCODE_DEBUGPY_ADAPTER_ENDPOINTS': '/home/me597/.vscode/extensions/ms-python.debugpy-2026.6.0-linux-x64/.noConfigDebugAdapterEndpoints/endpoint-6fbcccb471442029.txt', 'LANG': 'en_US.UTF-8', 'XDG_CURRENT_DESKTOP': 'Unity', 'GIO_MODULE_DIR_VSCODE_SNAP_ORIG': '', 'XMODIFIERS': '@im=ibus', 'XDG_SESSION_DESKTOP': 'ubuntu', 'XAUTHORITY': '/run/user/1000/.mutter-Xwaylandauth.M84UV3', 'LS_COLORS': 'rs=0:di=01;34:ln=01;36:mh=00:pi=40;33:so=01;35:do=01;35:bd=40;33;01:cd=40;33;01:or=40;31;01:mi=00:su=37;41:sg=30;43:ca=30;41:tw=30;42:ow=34;42:st=37;44:ex=01;32:*.tar=01;31:*.tgz=01;31:*.arc=01;31:*.arj=01;31:*.taz=01;31:*.lha=01;31:*.lz4=01;31:*.lzh=01;31:*.lzma=01;31:*.tlz=01;31:*.txz=01;31:*.tzo=01;31:*.t7z=01;31:*.zip=01;31:*.z=01;31:*.dz=01;31:*.gz=01;31:*.lrz=01;31:*.lz=01;31:*.lzo=01;31:*.xz=01;31:*.zst=01;31:*.tzst=01;31:*.bz2=01;31:*.bz=01;31:*.tbz=01;31:*.tbz2=01;31:*.tz=01;31:*.deb=01;31:*.rpm=01;31:*.jar=01;31:*.war=01;31:*.ear=01;31:*.sar=01;31:*.rar=01;31:*.alz=01;31:*.ace=01;31:*.zoo=01;31:*.cpio=01;31:*.7z=01;31:*.rz=01;31:*.cab=01;31:*.wim=01;31:*.swm=01;31:*.dwm=01;31:*.esd=01;31:*.jpg=01;35:*.jpeg=01;35:*.mjpg=01;35:*.mjpeg=01;35:*.gif=01;35:*.bmp=01;35:*.pbm=01;35:*.pgm=01;35:*.ppm=01;35:*.tga=01;35:*.xbm=01;35:*.xpm=01;35:*.tif=01;35:*.tiff=01;35:*.png=01;35:*.svg=01;35:*.svgz=01;35:*.mng=01;35:*.pcx=01;35:*.mov=01;35:*.mpg=01;35:*.mpeg=01;35:*.m2v=01;35:*.mkv=01;35:*.webm=01;35:*.webp=01;35:*.ogm=01;35:*.mp4=01;35:*.m4v=01;35:*.mp4v=01;35:*.vob=01;35:*.qt=01;35:*.nuv=01;35:*.wmv=01;35:*.asf=01;35:*.rm=01;35:*.rmvb=01;35:*.flc=01;35:*.avi=01;35:*.fli=01;35:*.flv=01;35:*.gl=01;35:*.dl=01;35:*.xcf=01;35:*.xwd=01;35:*.yuv=01;35:*.cgm=01;35:*.emf=01;35:*.ogv=01;35:*.ogx=01;35:*.aac=00;36:*.au=00;36:*.flac=00;36:*.m4a=00;36:*.mid=00;36:*.midi=00;36:*.mka=00;36:*.mp3=00;36:*.mpc=00;36:*.ogg=00;36:*.ra=00;36:*.wav=00;36:*.oga=00;36:*.opus=00;36:*.spx=00;36:*.xspf=00;36:', 'VSCODE_GIT_IPC_HANDLE': '/run/user/1000/vscode-git-5342160831.sock', 'TERM_PROGRAM': 'vscode', 'SSH_AGENT_LAUNCHER': 'gnome-keyring', 'SSH_AUTH_SOCK': '/run/user/1000/keyring/ssh', 'GSETTINGS_SCHEMA_DIR': '/home/me597/snap/code/167/.local/share/glib-2.0/schemas', 'ROS_DOMAIN_ID': '06', 'AMENT_PREFIX_PATH': '/opt/ros/humble', 'ORIGINAL_XDG_CURRENT_DESKTOP': 'ubuntu:GNOME', 'SHELL': '/bin/bash', 'QT_ACCESSIBILITY': '1', 'GDMSESSION': 'ubuntu', 'LESSCLOSE': '/usr/bin/lesspipe %s %s', 'GTK_PATH_VSCODE_SNAP_ORIG': '', 'GTK_IM_MODULE_FILE_VSCODE_SNAP_ORIG': '', 'GJS_DEBUG_OUTPUT': 'stderr', 'VSCODE_GIT_ASKPASS_EXTRA_ARGS': '', 'QT_IM_MODULE': 'ibus', 'PWD': '/home/me597/ros2/sim_ws/build/sim_utils', 'TURTLEBOT3_MODEL': 'waffle', 'LC_ALL': 'en_US.UTF-8', 'XDG_CONFIG_DIRS': '/etc/xdg/xdg-ubuntu:/etc/xdg', 'XDG_DATA_DIRS': '/home/me597/snap/code/167/.local/share:/home/me597/snap/code/167:/snap/code/167/usr/share:/usr/share/ubuntu:/usr/local/share/:/usr/share/:/var/lib/snapd/desktop', 'PYTHONPATH': '/home/me597/ros2/sim_ws/build/sim_utils/prefix_override:/usr/lib/python3/dist-packages/colcon_core/task/python/colcon_distutils_commands:/home/me597/ros2/sim_ws/install/sim_utils/lib/python3.10/site-packages:/opt/ros/humble/lib/python3.10/site-packages:/opt/ros/humble/local/lib/python3.10/dist-packages', 'COLCON': '1'}, 'shell': False}
[3.196115] (-) TimerEvent: {}
[3.297139] (-) TimerEvent: {}
[3.322607] (task_2_interfaces) JobEnded: {'identifier': 'task_2_interfaces', 'rc': 0}
[3.324120] (task_1) JobStarted: {'identifier': 'task_1'}
[3.397762] (-) TimerEvent: {}
[3.473496] (sim_utils) StdoutLine: {'line': b'running egg_info\n'}
[3.473662] (sim_utils) StdoutLine: {'line': b'creating ../../build/sim_utils/sim_utils.egg-info\n'}
[3.473699] (sim_utils) StdoutLine: {'line': b'writing ../../build/sim_utils/sim_utils.egg-info/PKG-INFO\n'}
[3.473727] (sim_utils) StdoutLine: {'line': b'writing dependency_links to ../../build/sim_utils/sim_utils.egg-info/dependency_links.txt\n'}
[3.473755] (sim_utils) StdoutLine: {'line': b'writing entry points to ../../build/sim_utils/sim_utils.egg-info/entry_points.txt\n'}
[3.473783] (sim_utils) StdoutLine: {'line': b'writing requirements to ../../build/sim_utils/sim_utils.egg-info/requires.txt\n'}
[3.473809] (sim_utils) StdoutLine: {'line': b'writing top-level names to ../../build/sim_utils/sim_utils.egg-info/top_level.txt\n'}
[3.473833] (sim_utils) StdoutLine: {'line': b"writing manifest file '../../build/sim_utils/sim_utils.egg-info/SOURCES.txt'\n"}
[3.473858] (sim_utils) StdoutLine: {'line': b"reading manifest file '../../build/sim_utils/sim_utils.egg-info/SOURCES.txt'\n"}
[3.473882] (sim_utils) StdoutLine: {'line': b"writing manifest file '../../build/sim_utils/sim_utils.egg-info/SOURCES.txt'\n"}
[3.480873] (sim_utils) StdoutLine: {'line': b'running build\n'}
[3.481007] (sim_utils) StdoutLine: {'line': b'running build_py\n'}
[3.481039] (sim_utils) StdoutLine: {'line': b'creating /home/me597/ros2/sim_ws/build/sim_utils/build\n'}
[3.481069] (sim_utils) StdoutLine: {'line': b'creating /home/me597/ros2/sim_ws/build/sim_utils/build/lib\n'}
[3.481095] (sim_utils) StdoutLine: {'line': b'creating /home/me597/ros2/sim_ws/build/sim_utils/build/lib/sim_utils\n'}
[3.481122] (sim_utils) StdoutLine: {'line': b'copying sim_utils/red_ball_control.py -> /home/me597/ros2/sim_ws/build/sim_utils/build/lib/sim_utils\n'}
[3.481148] (sim_utils) StdoutLine: {'line': b'copying sim_utils/__init__.py -> /home/me597/ros2/sim_ws/build/sim_utils/build/lib/sim_utils\n'}
[3.481172] (sim_utils) StdoutLine: {'line': b'running install\n'}
[3.481196] (sim_utils) StdoutLine: {'line': b'running install_lib\n'}
[3.481220] (sim_utils) StdoutLine: {'line': b'creating /home/me597/ros2/sim_ws/install/sim_utils/lib/python3.10/site-packages/sim_utils\n'}
[3.481245] (sim_utils) StdoutLine: {'line': b'copying /home/me597/ros2/sim_ws/build/sim_utils/build/lib/sim_utils/red_ball_control.py -> /home/me597/ros2/sim_ws/install/sim_utils/lib/python3.10/site-packages/sim_utils\n'}
[3.481271] (sim_utils) StdoutLine: {'line': b'copying /home/me597/ros2/sim_ws/build/sim_utils/build/lib/sim_utils/__init__.py -> /home/me597/ros2/sim_ws/install/sim_utils/lib/python3.10/site-packages/sim_utils\n'}
[3.481297] (sim_utils) StdoutLine: {'line': b'byte-compiling /home/me597/ros2/sim_ws/install/sim_utils/lib/python3.10/site-packages/sim_utils/red_ball_control.py to red_ball_control.cpython-310.pyc\n'}
[3.484560] (sim_utils) StdoutLine: {'line': b'byte-compiling /home/me597/ros2/sim_ws/install/sim_utils/lib/python3.10/site-packages/sim_utils/__init__.py to __init__.cpython-310.pyc\n'}
[3.484669] (sim_utils) StdoutLine: {'line': b'running install_data\n'}
[3.484702] (sim_utils) StdoutLine: {'line': b'creating /home/me597/ros2/sim_ws/install/sim_utils/share/ament_index\n'}
[3.484729] (sim_utils) StdoutLine: {'line': b'creating /home/me597/ros2/sim_ws/install/sim_utils/share/ament_index/resource_index\n'}
[3.484754] (sim_utils) StdoutLine: {'line': b'creating /home/me597/ros2/sim_ws/install/sim_utils/share/ament_index/resource_index/packages\n'}
[3.484778] (sim_utils) StdoutLine: {'line': b'copying resource/sim_utils -> /home/me597/ros2/sim_ws/install/sim_utils/share/ament_index/resource_index/packages\n'}
[3.484804] (sim_utils) StdoutLine: {'line': b'copying package.xml -> /home/me597/ros2/sim_ws/install/sim_utils/share/sim_utils\n'}
[3.484828] (sim_utils) StdoutLine: {'line': b'running install_egg_info\n'}
[3.484852] (sim_utils) StdoutLine: {'line': b'Copying ../../build/sim_utils/sim_utils.egg-info to /home/me597/ros2/sim_ws/install/sim_utils/lib/python3.10/site-packages/sim_utils-0.0.0-py3.10.egg-info\n'}
[3.491307] (sim_utils) StdoutLine: {'line': b'running install_scripts\n'}
[3.506178] (-) TimerEvent: {}
[3.538214] (sim_utils) StdoutLine: {'line': b'Installing red_ball_controller script to /home/me597/ros2/sim_ws/install/sim_utils/lib/sim_utils\n'}
[3.562118] (sim_utils) StdoutLine: {'line': b"writing list of installed files to '/home/me597/ros2/sim_ws/build/sim_utils/install.log'\n"}
[3.608494] (-) TimerEvent: {}
[3.678679] (sim_utils) CommandEnded: {'returncode': 0}
[3.694270] (sim_utils) JobEnded: {'identifier': 'sim_utils', 'rc': 0}
[3.694733] (turtlebot3_gazebo) JobStarted: {'identifier': 'turtlebot3_gazebo'}
[3.705210] (turtlebot3_gazebo) JobProgress: {'identifier': 'turtlebot3_gazebo', 'progress': 'cmake'}
[3.705271] (turtlebot3_gazebo) Command: {'cmd': ['/usr/bin/cmake', '/home/me597/ros2/sim_ws/src/turtlebot3_gazebo', '-DCMAKE_INSTALL_PREFIX=/home/me597/ros2/sim_ws/install/turtlebot3_gazebo'], 'cwd': '/home/me597/ros2/sim_ws/build/turtlebot3_gazebo', 'env': OrderedDict([('GJS_DEBUG_TOPICS', 'JS ERROR;JS LOG'), ('LESSOPEN', '| /usr/bin/lesspipe %s'), ('USER', 'me597'), ('GIO_MODULE_DIR', '/home/me597/snap/code/common/.cache/gio-modules'), ('XDG_SESSION_TYPE', 'wayland'), ('GIT_ASKPASS', '/snap/code/167/usr/share/code/resources/app/extensions/git/dist/askpass.sh'), ('GTK_EXE_PREFIX_VSCODE_SNAP_ORIG', ''), ('GDK_BACKEND_VSCODE_SNAP_ORIG', ''), ('SHLVL', '1'), ('LD_LIBRARY_PATH', '/usr/lib/x86_64-linux-gnu/gazebo-11/plugins:/opt/ros/humble/opt/rviz_ogre_vendor/lib:/opt/ros/humble/lib/x86_64-linux-gnu:/opt/ros/humble/lib'), ('HOME', '/home/me597'), ('CHROME_DESKTOP', 'code-url-handler.desktop'), ('LOCPATH_VSCODE_SNAP_ORIG', ''), ('TERM_PROGRAM_VERSION', '1.92.2'), ('DESKTOP_SESSION', 'ubuntu'), ('GTK_PATH', '/snap/code/167/usr/lib/x86_64-linux-gnu/gtk-3.0'), ('GTK_IM_MODULE_FILE', '/home/me597/snap/code/common/.cache/immodules/immodules.cache'), ('GIO_LAUNCHED_DESKTOP_FILE', '/var/lib/snapd/desktop/applications/code_code.desktop'), ('ROS_PYTHON_VERSION', '3'), ('GNOME_SHELL_SESSION_MODE', 'ubuntu'), ('GTK_MODULES', 'gail:atk-bridge'), ('GSETTINGS_SCHEMA_DIR_VSCODE_SNAP_ORIG', ''), ('VSCODE_GIT_ASKPASS_MAIN', '/snap/code/167/usr/share/code/resources/app/extensions/git/dist/askpass-main.js'), ('VSCODE_GIT_ASKPASS_NODE', '/snap/code/167/usr/share/code/code'), ('MANAGERPID', '1433'), ('PYDEVD_DISABLE_FILE_VALIDATION', '1'), ('SYSTEMD_EXEC_PID', '1589'), ('BUNDLED_DEBUGPY_PATH', '/home/me597/.vscode/extensions/ms-python.debugpy-2026.6.0-linux-x64/bundled/libs/debugpy'), ('IM_CONFIG_CHECK_ENV', '1'), ('DBUS_SESSION_BUS_ADDRESS', 'unix:path=/run/user/1000/bus'), ('COLORTERM', 'truecolor'), ('GIO_LAUNCHED_DESKTOP_FILE_PID', '26594'), ('IM_CONFIG_PHASE', '1'), ('WAYLAND_DISPLAY', 'wayland-0'), ('ROS_DISTRO', 'humble'), ('LOGNAME', 'me597'), ('JOURNAL_STREAM', '8:24741'), ('_', '/usr/bin/colcon'), ('ROS_VERSION', '2'), ('XDG_CONFIG_DIRS_VSCODE_SNAP_ORIG', '/etc/xdg/xdg-ubuntu:/etc/xdg'), ('XDG_SESSION_CLASS', 'user'), ('XDG_DATA_DIRS_VSCODE_SNAP_ORIG', '/usr/share/ubuntu:/usr/local/share/:/usr/share/:/var/lib/snapd/desktop'), ('USERNAME', 'me597'), ('TERM', 'xterm-256color'), ('GNOME_DESKTOP_SESSION_ID', 'this-is-deprecated'), ('ROS_LOCALHOST_ONLY', '1'), ('PATH', '/opt/ros/humble/bin:/usr/local/sbin:/usr/local/bin:/usr/sbin:/usr/bin:/sbin:/bin:/usr/games:/usr/local/games:/snap/bin:/snap/bin:/home/me597/.vscode/extensions/ms-python.debugpy-2026.6.0-linux-x64/bundled/scripts/noConfigScripts'), ('SESSION_MANAGER', 'local/me597:@/tmp/.ICE-unix/1557,unix/me597:/tmp/.ICE-unix/1557'), ('GTK_EXE_PREFIX', '/snap/code/167/usr'), ('INVOCATION_ID', '7cfc1821308f441bbaf5abc93b853ff0'), ('XDG_MENU_PREFIX', 'gnome-'), ('GNOME_SETUP_DISPLAY', ':1'), ('XDG_RUNTIME_DIR', '/run/user/1000'), ('GDK_BACKEND', 'x11'), ('DISPLAY', ':0'), ('LOCPATH', '/snap/code/167/usr/lib/locale'), ('VSCODE_DEBUGPY_ADAPTER_ENDPOINTS', '/home/me597/.vscode/extensions/ms-python.debugpy-2026.6.0-linux-x64/.noConfigDebugAdapterEndpoints/endpoint-6fbcccb471442029.txt'), ('LANG', 'en_US.UTF-8'), ('XDG_CURRENT_DESKTOP', 'Unity'), ('GIO_MODULE_DIR_VSCODE_SNAP_ORIG', ''), ('XMODIFIERS', '@im=ibus'), ('XDG_SESSION_DESKTOP', 'ubuntu'), ('XAUTHORITY', '/run/user/1000/.mutter-Xwaylandauth.M84UV3'), ('LS_COLORS', 'rs=0:di=01;34:ln=01;36:mh=00:pi=40;33:so=01;35:do=01;35:bd=40;33;01:cd=40;33;01:or=40;31;01:mi=00:su=37;41:sg=30;43:ca=30;41:tw=30;42:ow=34;42:st=37;44:ex=01;32:*.tar=01;31:*.tgz=01;31:*.arc=01;31:*.arj=01;31:*.taz=01;31:*.lha=01;31:*.lz4=01;31:*.lzh=01;31:*.lzma=01;31:*.tlz=01;31:*.txz=01;31:*.tzo=01;31:*.t7z=01;31:*.zip=01;31:*.z=01;31:*.dz=01;31:*.gz=01;31:*.lrz=01;31:*.lz=01;31:*.lzo=01;31:*.xz=01;31:*.zst=01;31:*.tzst=01;31:*.bz2=01;31:*.bz=01;31:*.tbz=01;31:*.tbz2=01;31:*.tz=01;31:*.deb=01;31:*.rpm=01;31:*.jar=01;31:*.war=01;31:*.ear=01;31:*.sar=01;31:*.rar=01;31:*.alz=01;31:*.ace=01;31:*.zoo=01;31:*.cpio=01;31:*.7z=01;31:*.rz=01;31:*.cab=01;31:*.wim=01;31:*.swm=01;31:*.dwm=01;31:*.esd=01;31:*.jpg=01;35:*.jpeg=01;35:*.mjpg=01;35:*.mjpeg=01;35:*.gif=01;35:*.bmp=01;35:*.pbm=01;35:*.pgm=01;35:*.ppm=01;35:*.tga=01;35:*.xbm=01;35:*.xpm=01;35:*.tif=01;35:*.tiff=01;35:*.png=01;35:*.svg=01;35:*.svgz=01;35:*.mng=01;35:*.pcx=01;35:*.mov=01;35:*.mpg=01;35:*.mpeg=01;35:*.m2v=01;35:*.mkv=01;35:*.webm=01;35:*.webp=01;35:*.ogm=01;35:*.mp4=01;35:*.m4v=01;35:*.mp4v=01;35:*.vob=01;35:*.qt=01;35:*.nuv=01;35:*.wmv=01;35:*.asf=01;35:*.rm=01;35:*.rmvb=01;35:*.flc=01;35:*.avi=01;35:*.fli=01;35:*.flv=01;35:*.gl=01;35:*.dl=01;35:*.xcf=01;35:*.xwd=01;35:*.yuv=01;35:*.cgm=01;35:*.emf=01;35:*.ogv=01;35:*.ogx=01;35:*.aac=00;36:*.au=00;36:*.flac=00;36:*.m4a=00;36:*.mid=00;36:*.midi=00;36:*.mka=00;36:*.mp3=00;36:*.mpc=00;36:*.ogg=00;36:*.ra=00;36:*.wav=00;36:*.oga=00;36:*.opus=00;36:*.spx=00;36:*.xspf=00;36:'), ('VSCODE_GIT_IPC_HANDLE', '/run/user/1000/vscode-git-5342160831.sock'), ('TERM_PROGRAM', 'vscode'), ('SSH_AGENT_LAUNCHER', 'gnome-keyring'), ('SSH_AUTH_SOCK', '/run/user/1000/keyring/ssh'), ('GSETTINGS_SCHEMA_DIR', '/home/me597/snap/code/167/.local/share/glib-2.0/schemas'), ('ROS_DOMAIN_ID', '06'), ('AMENT_PREFIX_PATH', '/opt/ros/humble'), ('ORIGINAL_XDG_CURRENT_DESKTOP', 'ubuntu:GNOME'), ('SHELL', '/bin/bash'), ('QT_ACCESSIBILITY', '1'), ('GDMSESSION', 'ubuntu'), ('LESSCLOSE', '/usr/bin/lesspipe %s %s'), ('GTK_PATH_VSCODE_SNAP_ORIG', ''), ('GTK_IM_MODULE_FILE_VSCODE_SNAP_ORIG', ''), ('GJS_DEBUG_OUTPUT', 'stderr'), ('VSCODE_GIT_ASKPASS_EXTRA_ARGS', ''), ('QT_IM_MODULE', 'ibus'), ('PWD', '/home/me597/ros2/sim_ws/build/turtlebot3_gazebo'), ('TURTLEBOT3_MODEL', 'waffle'), ('LC_ALL', 'en_US.UTF-8'), ('XDG_CONFIG_DIRS', '/etc/xdg/xdg-ubuntu:/etc/xdg'), ('XDG_DATA_DIRS', '/home/me597/snap/code/167/.local/share:/home/me597/snap/code/167:/snap/code/167/usr/share:/usr/share/ubuntu:/usr/local/share/:/usr/share/:/var/lib/snapd/desktop'), ('PYTHONPATH', '/opt/ros/humble/lib/python3.10/site-packages:/opt/ros/humble/local/lib/python3.10/dist-packages'), ('COLCON', '1'), ('CMAKE_PREFIX_PATH', '/opt/ros/humble')]), 'shell': False}
[3.718440] (-) TimerEvent: {}
[3.824765] (-) TimerEvent: {}
[3.865706] (turtlebot3_gazebo) StdoutLine: {'line': b'-- The C compiler identification is GNU 11.4.0\n'}
[3.924963] (-) TimerEvent: {}
[4.019200] (turtlebot3_gazebo) StdoutLine: {'line': b'-- The CXX compiler identification is GNU 11.4.0\n'}
[4.025046] (-) TimerEvent: {}
[4.041196] (turtlebot3_gazebo) StdoutLine: {'line': b'-- Detecting C compiler ABI info\n'}
[4.127624] (-) TimerEvent: {}
[4.200804] (turtlebot3_gazebo) StdoutLine: {'line': b'-- Detecting C compiler ABI info - done\n'}
[4.200994] (turtlebot3_gazebo) StdoutLine: {'line': b'-- Check for working C compiler: /usr/bin/cc - skipped\n'}
[4.201186] (turtlebot3_gazebo) StdoutLine: {'line': b'-- Detecting C compile features\n'}
[4.201272] (turtlebot3_gazebo) StdoutLine: {'line': b'-- Detecting C compile features - done\n'}
[4.201355] (turtlebot3_gazebo) StdoutLine: {'line': b'-- Detecting CXX compiler ABI info\n'}
[4.202914] (task_1) Command: {'cmd': ['/usr/bin/python3', '-W', 'ignore:setup.py install is deprecated', 'setup.py', 'develop', '--uninstall', '--editable', '--build-directory', '/home/me597/ros2/sim_ws/build/task_1/build'], 'cwd': '/home/me597/ros2/sim_ws/build/task_1', 'env': {'GJS_DEBUG_TOPICS': 'JS ERROR;JS LOG', 'LESSOPEN': '| /usr/bin/lesspipe %s', 'USER': 'me597', 'GIO_MODULE_DIR': '/home/me597/snap/code/common/.cache/gio-modules', 'XDG_SESSION_TYPE': 'wayland', 'GIT_ASKPASS': '/snap/code/167/usr/share/code/resources/app/extensions/git/dist/askpass.sh', 'GTK_EXE_PREFIX_VSCODE_SNAP_ORIG': '', 'GDK_BACKEND_VSCODE_SNAP_ORIG': '', 'SHLVL': '1', 'LD_LIBRARY_PATH': '/usr/lib/x86_64-linux-gnu/gazebo-11/plugins:/opt/ros/humble/opt/rviz_ogre_vendor/lib:/opt/ros/humble/lib/x86_64-linux-gnu:/opt/ros/humble/lib', 'HOME': '/home/me597', 'CHROME_DESKTOP': 'code-url-handler.desktop', 'LOCPATH_VSCODE_SNAP_ORIG': '', 'TERM_PROGRAM_VERSION': '1.92.2', 'DESKTOP_SESSION': 'ubuntu', 'GTK_PATH': '/snap/code/167/usr/lib/x86_64-linux-gnu/gtk-3.0', 'GTK_IM_MODULE_FILE': '/home/me597/snap/code/common/.cache/immodules/immodules.cache', 'GIO_LAUNCHED_DESKTOP_FILE': '/var/lib/snapd/desktop/applications/code_code.desktop', 'ROS_PYTHON_VERSION': '3', 'GNOME_SHELL_SESSION_MODE': 'ubuntu', 'GTK_MODULES': 'gail:atk-bridge', 'GSETTINGS_SCHEMA_DIR_VSCODE_SNAP_ORIG': '', 'VSCODE_GIT_ASKPASS_MAIN': '/snap/code/167/usr/share/code/resources/app/extensions/git/dist/askpass-main.js', 'VSCODE_GIT_ASKPASS_NODE': '/snap/code/167/usr/share/code/code', 'MANAGERPID': '1433', 'PYDEVD_DISABLE_FILE_VALIDATION': '1', 'SYSTEMD_EXEC_PID': '1589', 'BUNDLED_DEBUGPY_PATH': '/home/me597/.vscode/extensions/ms-python.debugpy-2026.6.0-linux-x64/bundled/libs/debugpy', 'IM_CONFIG_CHECK_ENV': '1', 'DBUS_SESSION_BUS_ADDRESS': 'unix:path=/run/user/1000/bus', 'COLORTERM': 'truecolor', 'GIO_LAUNCHED_DESKTOP_FILE_PID': '26594', 'IM_CONFIG_PHASE': '1', 'WAYLAND_DISPLAY': 'wayland-0', 'ROS_DISTRO': 'humble', 'LOGNAME': 'me597', 'JOURNAL_STREAM': '8:24741', '_': '/usr/bin/colcon', 'ROS_VERSION': '2', 'XDG_CONFIG_DIRS_VSCODE_SNAP_ORIG': '/etc/xdg/xdg-ubuntu:/etc/xdg', 'XDG_SESSION_CLASS': 'user', 'XDG_DATA_DIRS_VSCODE_SNAP_ORIG': '/usr/share/ubuntu:/usr/local/share/:/usr/share/:/var/lib/snapd/desktop', 'USERNAME': 'me597', 'TERM': 'xterm-256color', 'GNOME_DESKTOP_SESSION_ID': 'this-is-deprecated', 'ROS_LOCALHOST_ONLY': '1', 'PATH': '/opt/ros/humble/bin:/usr/local/sbin:/usr/local/bin:/usr/sbin:/usr/bin:/sbin:/bin:/usr/games:/usr/local/games:/snap/bin:/snap/bin:/home/me597/.vscode/extensions/ms-python.debugpy-2026.6.0-linux-x64/bundled/scripts/noConfigScripts', 'SESSION_MANAGER': 'local/me597:@/tmp/.ICE-unix/1557,unix/me597:/tmp/.ICE-unix/1557', 'GTK_EXE_PREFIX': '/snap/code/167/usr', 'INVOCATION_ID': '7cfc1821308f441bbaf5abc93b853ff0', 'XDG_MENU_PREFIX': 'gnome-', 'GNOME_SETUP_DISPLAY': ':1', 'XDG_RUNTIME_DIR': '/run/user/1000', 'GDK_BACKEND': 'x11', 'DISPLAY': ':0', 'LOCPATH': '/snap/code/167/usr/lib/locale', 'VSCODE_DEBUGPY_ADAPTER_ENDPOINTS': '/home/me597/.vscode/extensions/ms-python.debugpy-2026.6.0-linux-x64/.noConfigDebugAdapterEndpoints/endpoint-6fbcccb471442029.txt', 'LANG': 'en_US.UTF-8', 'XDG_CURRENT_DESKTOP': 'Unity', 'GIO_MODULE_DIR_VSCODE_SNAP_ORIG': '', 'XMODIFIERS': '@im=ibus', 'XDG_SESSION_DESKTOP': 'ubuntu', 'XAUTHORITY': '/run/user/1000/.mutter-Xwaylandauth.M84UV3', 'LS_COLORS': 'rs=0:di=01;34:ln=01;36:mh=00:pi=40;33:so=01;35:do=01;35:bd=40;33;01:cd=40;33;01:or=40;31;01:mi=00:su=37;41:sg=30;43:ca=30;41:tw=30;42:ow=34;42:st=37;44:ex=01;32:*.tar=01;31:*.tgz=01;31:*.arc=01;31:*.arj=01;31:*.taz=01;31:*.lha=01;31:*.lz4=01;31:*.lzh=01;31:*.lzma=01;31:*.tlz=01;31:*.txz=01;31:*.tzo=01;31:*.t7z=01;31:*.zip=01;31:*.z=01;31:*.dz=01;31:*.gz=01;31:*.lrz=01;31:*.lz=01;31:*.lzo=01;31:*.xz=01;31:*.zst=01;31:*.tzst=01;31:*.bz2=01;31:*.bz=01;31:*.tbz=01;31:*.tbz2=01;31:*.tz=01;31:*.deb=01;31:*.rpm=01;31:*.jar=01;31:*.war=01;31:*.ear=01;31:*.sar=01;31:*.rar=01;31:*.alz=01;31:*.ace=01;31:*.zoo=01;31:*.cpio=01;31:*.7z=01;31:*.rz=01;31:*.cab=01;31:*.wim=01;31:*.swm=01;31:*.dwm=01;31:*.esd=01;31:*.jpg=01;35:*.jpeg=01;35:*.mjpg=01;35:*.mjpeg=01;35:*.gif=01;35:*.bmp=01;35:*.pbm=01;35:*.pgm=01;35:*.ppm=01;35:*.tga=01;35:*.xbm=01;35:*.xpm=01;35:*.tif=01;35:*.tiff=01;35:*.png=01;35:*.svg=01;35:*.svgz=01;35:*.mng=01;35:*.pcx=01;35:*.mov=01;35:*.mpg=01;35:*.mpeg=01;35:*.m2v=01;35:*.mkv=01;35:*.webm=01;35:*.webp=01;35:*.ogm=01;35:*.mp4=01;35:*.m4v=01;35:*.mp4v=01;35:*.vob=01;35:*.qt=01;35:*.nuv=01;35:*.wmv=01;35:*.asf=01;35:*.rm=01;35:*.rmvb=01;35:*.flc=01;35:*.avi=01;35:*.fli=01;35:*.flv=01;35:*.gl=01;35:*.dl=01;35:*.xcf=01;35:*.xwd=01;35:*.yuv=01;35:*.cgm=01;35:*.emf=01;35:*.ogv=01;35:*.ogx=01;35:*.aac=00;36:*.au=00;36:*.flac=00;36:*.m4a=00;36:*.mid=00;36:*.midi=00;36:*.mka=00;36:*.mp3=00;36:*.mpc=00;36:*.ogg=00;36:*.ra=00;36:*.wav=00;36:*.oga=00;36:*.opus=00;36:*.spx=00;36:*.xspf=00;36:', 'VSCODE_GIT_IPC_HANDLE': '/run/user/1000/vscode-git-5342160831.sock', 'TERM_PROGRAM': 'vscode', 'SSH_AGENT_LAUNCHER': 'gnome-keyring', 'SSH_AUTH_SOCK': '/run/user/1000/keyring/ssh', 'GSETTINGS_SCHEMA_DIR': '/home/me597/snap/code/167/.local/share/glib-2.0/schemas', 'ROS_DOMAIN_ID': '06', 'AMENT_PREFIX_PATH': '/opt/ros/humble', 'ORIGINAL_XDG_CURRENT_DESKTOP': 'ubuntu:GNOME', 'SHELL': '/bin/bash', 'QT_ACCESSIBILITY': '1', 'GDMSESSION': 'ubuntu', 'LESSCLOSE': '/usr/bin/lesspipe %s %s', 'GTK_PATH_VSCODE_SNAP_ORIG': '', 'GTK_IM_MODULE_FILE_VSCODE_SNAP_ORIG': '', 'GJS_DEBUG_OUTPUT': 'stderr', 'VSCODE_GIT_ASKPASS_EXTRA_ARGS': '', 'QT_IM_MODULE': 'ibus', 'PWD': '/home/me597/ros2/sim_ws/build/task_1', 'TURTLEBOT3_MODEL': 'waffle', 'LC_ALL': 'en_US.UTF-8', 'XDG_CONFIG_DIRS': '/etc/xdg/xdg-ubuntu:/etc/xdg', 'XDG_DATA_DIRS': '/home/me597/snap/code/167/.local/share:/home/me597/snap/code/167:/snap/code/167/usr/share:/usr/share/ubuntu:/usr/local/share/:/usr/share/:/var/lib/snapd/desktop', 'PYTHONPATH': '/home/me597/ros2/sim_ws/build/task_1/prefix_override:/usr/lib/python3/dist-packages/colcon_core/task/python/colcon_distutils_commands:/home/me597/ros2/sim_ws/install/task_1/lib/python3.10/site-packages:/opt/ros/humble/lib/python3.10/site-packages:/opt/ros/humble/local/lib/python3.10/dist-packages', 'COLCON': '1'}, 'shell': False}
[4.228324] (-) TimerEvent: {}
[4.337775] (-) TimerEvent: {}
[4.349257] (turtlebot3_gazebo) StdoutLine: {'line': b'-- Detecting CXX compiler ABI info - done\n'}
[4.392823] (turtlebot3_gazebo) StdoutLine: {'line': b'-- Check for working CXX compiler: /usr/bin/c++ - skipped\n'}
[4.392966] (turtlebot3_gazebo) StdoutLine: {'line': b'-- Detecting CXX compile features\n'}
[4.393004] (turtlebot3_gazebo) StdoutLine: {'line': b'-- Detecting CXX compile features - done\n'}
[4.393034] (turtlebot3_gazebo) StdoutLine: {'line': b'-- Found ament_cmake: 1.3.10 (/opt/ros/humble/share/ament_cmake/cmake)\n'}
[4.441101] (-) TimerEvent: {}
[4.499965] (task_1) StdoutLine: {'line': b'running develop\n'}
[4.518310] (task_1) StderrLine: {'line': b'/usr/lib/python3/dist-packages/setuptools/command/easy_install.py:158: EasyInstallDeprecationWarning: easy_install command is deprecated. Use build and pip and other standards-based tools.\n'}
[4.518466] (task_1) StderrLine: {'line': b'  warnings.warn(\n'}
[4.542224] (-) TimerEvent: {}
[4.604328] (turtlebot3_gazebo) StdoutLine: {'line': b'-- Found Python3: /usr/bin/python3 (found version "3.10.12") found components: Interpreter \n'}
[4.654071] (-) TimerEvent: {}
[4.714007] (task_1) StdoutLine: {'line': b'Removing /home/me597/ros2/sim_ws/install/task_1/lib/python3.10/site-packages/task-1.egg-link (link to .)\n'}
[4.740333] (turtlebot3_gazebo) StdoutLine: {'line': b'-- Found PkgConfig: /usr/bin/pkg-config (found version "0.29.2") \n'}
[4.748311] (turtlebot3_gazebo) StderrLine: {'line': b'\x1b[33mCMake Warning (dev) at /usr/share/cmake-3.22/Modules/FindPackageHandleStandardArgs.cmake:438 (message):\n'}
[4.748478] (turtlebot3_gazebo) StderrLine: {'line': b'  The package name passed to `find_package_handle_standard_args` (PkgConfig)\n'}
[4.748513] (turtlebot3_gazebo) StderrLine: {'line': b'  does not match the name of the calling package (gazebo).  This can lead to\n'}
[4.748542] (turtlebot3_gazebo) StderrLine: {'line': b'  problems in calling code that expects `find_package` result variables\n'}
[4.748570] (turtlebot3_gazebo) StderrLine: {'line': b'  (e.g., `_FOUND`) to follow a certain pattern.\n'}
[4.748598] (turtlebot3_gazebo) StderrLine: {'line': b'Call Stack (most recent call first):\n'}
[4.748623] (turtlebot3_gazebo) StderrLine: {'line': b'  /usr/share/cmake-3.22/Modules/FindPkgConfig.cmake:99 (find_package_handle_standard_args)\n'}
[4.748650] (turtlebot3_gazebo) StderrLine: {'line': b'  /usr/lib/x86_64-linux-gnu/cmake/gazebo/gazebo-config.cmake:72 (include)\n'}
[4.748675] (turtlebot3_gazebo) StderrLine: {'line': b'  CMakeLists.txt:23 (find_package)\n'}
[4.748700] (turtlebot3_gazebo) StderrLine: {'line': b'This warning is for project developers.  Use -Wno-dev to suppress it.\n'}
[4.748728] (turtlebot3_gazebo) StderrLine: {'line': b'\x1b[0m\n'}
[4.751693] (turtlebot3_gazebo) StdoutLine: {'line': b"-- Checking for module 'bullet>=2.82'\n"}
[4.754255] (-) TimerEvent: {}
[4.757127] (task_1) CommandEnded: {'returncode': 0}
[4.761857] (task_1) Command: {'cmd': ['/usr/bin/python3', '-W', 'ignore:setup.py install is deprecated', 'setup.py', 'egg_info', '--egg-base', '../../../build/task_1', 'build', '--build-base', '/home/me597/ros2/sim_ws/build/task_1/build', 'install', '--record', '/home/me597/ros2/sim_ws/build/task_1/install.log', '--single-version-externally-managed', 'install_data', '--force'], 'cwd': '/home/me597/ros2/sim_ws/src/ME597/task_1', 'env': {'GJS_DEBUG_TOPICS': 'JS ERROR;JS LOG', 'LESSOPEN': '| /usr/bin/lesspipe %s', 'USER': 'me597', 'GIO_MODULE_DIR': '/home/me597/snap/code/common/.cache/gio-modules', 'XDG_SESSION_TYPE': 'wayland', 'GIT_ASKPASS': '/snap/code/167/usr/share/code/resources/app/extensions/git/dist/askpass.sh', 'GTK_EXE_PREFIX_VSCODE_SNAP_ORIG': '', 'GDK_BACKEND_VSCODE_SNAP_ORIG': '', 'SHLVL': '1', 'LD_LIBRARY_PATH': '/usr/lib/x86_64-linux-gnu/gazebo-11/plugins:/opt/ros/humble/opt/rviz_ogre_vendor/lib:/opt/ros/humble/lib/x86_64-linux-gnu:/opt/ros/humble/lib', 'HOME': '/home/me597', 'CHROME_DESKTOP': 'code-url-handler.desktop', 'LOCPATH_VSCODE_SNAP_ORIG': '', 'TERM_PROGRAM_VERSION': '1.92.2', 'DESKTOP_SESSION': 'ubuntu', 'GTK_PATH': '/snap/code/167/usr/lib/x86_64-linux-gnu/gtk-3.0', 'GTK_IM_MODULE_FILE': '/home/me597/snap/code/common/.cache/immodules/immodules.cache', 'GIO_LAUNCHED_DESKTOP_FILE': '/var/lib/snapd/desktop/applications/code_code.desktop', 'ROS_PYTHON_VERSION': '3', 'GNOME_SHELL_SESSION_MODE': 'ubuntu', 'GTK_MODULES': 'gail:atk-bridge', 'GSETTINGS_SCHEMA_DIR_VSCODE_SNAP_ORIG': '', 'VSCODE_GIT_ASKPASS_MAIN': '/snap/code/167/usr/share/code/resources/app/extensions/git/dist/askpass-main.js', 'VSCODE_GIT_ASKPASS_NODE': '/snap/code/167/usr/share/code/code', 'MANAGERPID': '1433', 'PYDEVD_DISABLE_FILE_VALIDATION': '1', 'SYSTEMD_EXEC_PID': '1589', 'BUNDLED_DEBUGPY_PATH': '/home/me597/.vscode/extensions/ms-python.debugpy-2026.6.0-linux-x64/bundled/libs/debugpy', 'IM_CONFIG_CHECK_ENV': '1', 'DBUS_SESSION_BUS_ADDRESS': 'unix:path=/run/user/1000/bus', 'COLORTERM': 'truecolor', 'GIO_LAUNCHED_DESKTOP_FILE_PID': '26594', 'IM_CONFIG_PHASE': '1', 'WAYLAND_DISPLAY': 'wayland-0', 'ROS_DISTRO': 'humble', 'LOGNAME': 'me597', 'JOURNAL_STREAM': '8:24741', '_': '/usr/bin/colcon', 'ROS_VERSION': '2', 'XDG_CONFIG_DIRS_VSCODE_SNAP_ORIG': '/etc/xdg/xdg-ubuntu:/etc/xdg', 'XDG_SESSION_CLASS': 'user', 'XDG_DATA_DIRS_VSCODE_SNAP_ORIG': '/usr/share/ubuntu:/usr/local/share/:/usr/share/:/var/lib/snapd/desktop', 'USERNAME': 'me597', 'TERM': 'xterm-256color', 'GNOME_DESKTOP_SESSION_ID': 'this-is-deprecated', 'ROS_LOCALHOST_ONLY': '1', 'PATH': '/opt/ros/humble/bin:/usr/local/sbin:/usr/local/bin:/usr/sbin:/usr/bin:/sbin:/bin:/usr/games:/usr/local/games:/snap/bin:/snap/bin:/home/me597/.vscode/extensions/ms-python.debugpy-2026.6.0-linux-x64/bundled/scripts/noConfigScripts', 'SESSION_MANAGER': 'local/me597:@/tmp/.ICE-unix/1557,unix/me597:/tmp/.ICE-unix/1557', 'GTK_EXE_PREFIX': '/snap/code/167/usr', 'INVOCATION_ID': '7cfc1821308f441bbaf5abc93b853ff0', 'XDG_MENU_PREFIX': 'gnome-', 'GNOME_SETUP_DISPLAY': ':1', 'XDG_RUNTIME_DIR': '/run/user/1000', 'GDK_BACKEND': 'x11', 'DISPLAY': ':0', 'LOCPATH': '/snap/code/167/usr/lib/locale', 'VSCODE_DEBUGPY_ADAPTER_ENDPOINTS': '/home/me597/.vscode/extensions/ms-python.debugpy-2026.6.0-linux-x64/.noConfigDebugAdapterEndpoints/endpoint-6fbcccb471442029.txt', 'LANG': 'en_US.UTF-8', 'XDG_CURRENT_DESKTOP': 'Unity', 'GIO_MODULE_DIR_VSCODE_SNAP_ORIG': '', 'XMODIFIERS': '@im=ibus', 'XDG_SESSION_DESKTOP': 'ubuntu', 'XAUTHORITY': '/run/user/1000/.mutter-Xwaylandauth.M84UV3', 'LS_COLORS': 'rs=0:di=01;34:ln=01;36:mh=00:pi=40;33:so=01;35:do=01;35:bd=40;33;01:cd=40;33;01:or=40;31;01:mi=00:su=37;41:sg=30;43:ca=30;41:tw=30;42:ow=34;42:st=37;44:ex=01;32:*.tar=01;31:*.tgz=01;31:*.arc=01;31:*.arj=01;31:*.taz=01;31:*.lha=01;31:*.lz4=01;31:*.lzh=01;31:*.lzma=01;31:*.tlz=01;31:*.txz=01;31:*.tzo=01;31:*.t7z=01;31:*.zip=01;31:*.z=01;31:*.dz=01;31:*.gz=01;31:*.lrz=01;31:*.lz=01;31:*.lzo=01;31:*.xz=01;31:*.zst=01;31:*.tzst=01;31:*.bz2=01;31:*.bz=01;31:*.tbz=01;31:*.tbz2=01;31:*.tz=01;31:*.deb=01;31:*.rpm=01;31:*.jar=01;31:*.war=01;31:*.ear=01;31:*.sar=01;31:*.rar=01;31:*.alz=01;31:*.ace=01;31:*.zoo=01;31:*.cpio=01;31:*.7z=01;31:*.rz=01;31:*.cab=01;31:*.wim=01;31:*.swm=01;31:*.dwm=01;31:*.esd=01;31:*.jpg=01;35:*.jpeg=01;35:*.mjpg=01;35:*.mjpeg=01;35:*.gif=01;35:*.bmp=01;35:*.pbm=01;35:*.pgm=01;35:*.ppm=01;35:*.tga=01;35:*.xbm=01;35:*.xpm=01;35:*.tif=01;35:*.tiff=01;35:*.png=01;35:*.svg=01;35:*.svgz=01;35:*.mng=01;35:*.pcx=01;35:*.mov=01;35:*.mpg=01;35:*.mpeg=01;35:*.m2v=01;35:*.mkv=01;35:*.webm=01;35:*.webp=01;35:*.ogm=01;35:*.mp4=01;35:*.m4v=01;35:*.mp4v=01;35:*.vob=01;35:*.qt=01;35:*.nuv=01;35:*.wmv=01;35:*.asf=01;35:*.rm=01;35:*.rmvb=01;35:*.flc=01;35:*.avi=01;35:*.fli=01;35:*.flv=01;35:*.gl=01;35:*.dl=01;35:*.xcf=01;35:*.xwd=01;35:*.yuv=01;35:*.cgm=01;35:*.emf=01;35:*.ogv=01;35:*.ogx=01;35:*.aac=00;36:*.au=00;36:*.flac=00;36:*.m4a=00;36:*.mid=00;36:*.midi=00;36:*.mka=00;36:*.mp3=00;36:*.mpc=00;36:*.ogg=00;36:*.ra=00;36:*.wav=00;36:*.oga=00;36:*.opus=00;36:*.spx=00;36:*.xspf=00;36:', 'VSCODE_GIT_IPC_HANDLE': '/run/user/1000/vscode-git-5342160831.sock', 'TERM_PROGRAM': 'vscode', 'SSH_AGENT_LAUNCHER': 'gnome-keyring', 'SSH_AUTH_SOCK': '/run/user/1000/keyring/ssh', 'GSETTINGS_SCHEMA_DIR': '/home/me597/snap/code/167/.local/share/glib-2.0/schemas', 'ROS_DOMAIN_ID': '06', 'AMENT_PREFIX_PATH': '/opt/ros/humble', 'ORIGINAL_XDG_CURRENT_DESKTOP': 'ubuntu:GNOME', 'SHELL': '/bin/bash', 'QT_ACCESSIBILITY': '1', 'GDMSESSION': 'ubuntu', 'LESSCLOSE': '/usr/bin/lesspipe %s %s', 'GTK_PATH_VSCODE_SNAP_ORIG': '', 'GTK_IM_MODULE_FILE_VSCODE_SNAP_ORIG': '', 'GJS_DEBUG_OUTPUT': 'stderr', 'VSCODE_GIT_ASKPASS_EXTRA_ARGS': '', 'QT_IM_MODULE': 'ibus', 'PWD': '/home/me597/ros2/sim_ws/build/task_1', 'TURTLEBOT3_MODEL': 'waffle', 'LC_ALL': 'en_US.UTF-8', 'XDG_CONFIG_DIRS': '/etc/xdg/xdg-ubuntu:/etc/xdg', 'XDG_DATA_DIRS': '/home/me597/snap/code/167/.local/share:/home/me597/snap/code/167:/snap/code/167/usr/share:/usr/share/ubuntu:/usr/local/share/:/usr/share/:/var/lib/snapd/desktop', 'PYTHONPATH': '/home/me597/ros2/sim_ws/build/task_1/prefix_override:/usr/lib/python3/dist-packages/colcon_core/task/python/colcon_distutils_commands:/home/me597/ros2/sim_ws/install/task_1/lib/python3.10/site-packages:/opt/ros/humble/lib/python3.10/site-packages:/opt/ros/humble/local/lib/python3.10/dist-packages', 'COLCON': '1'}, 'shell': False}
[4.785945] (turtlebot3_gazebo) StdoutLine: {'line': b'--   Found bullet, version 3.05\n'}
[4.862031] (-) TimerEvent: {}
[4.962630] (-) TimerEvent: {}
[5.021564] (turtlebot3_gazebo) StdoutLine: {'line': b'-- Found fcl: /usr/include (found suitable version "0.7.0", minimum required is "0.5.0") \n'}
[5.063780] (-) TimerEvent: {}
[5.070191] (task_1) StdoutLine: {'line': b'running egg_info\n'}
[5.070352] (task_1) StdoutLine: {'line': b'writing ../../../build/task_1/task_1.egg-info/PKG-INFO\n'}
[5.070861] (task_1) StdoutLine: {'line': b'writing dependency_links to ../../../build/task_1/task_1.egg-info/dependency_links.txt\n'}
[5.072990] (task_1) StdoutLine: {'line': b'writing entry points to ../../../build/task_1/task_1.egg-info/entry_points.txt\n'}
[5.073077] (task_1) StdoutLine: {'line': b'writing requirements to ../../../build/task_1/task_1.egg-info/requires.txt\n'}
[5.073132] (task_1) StdoutLine: {'line': b'writing top-level names to ../../../build/task_1/task_1.egg-info/top_level.txt\n'}
[5.078112] (task_1) StdoutLine: {'line': b"reading manifest file '../../../build/task_1/task_1.egg-info/SOURCES.txt'\n"}
[5.078785] (task_1) StdoutLine: {'line': b"adding license file 'LICENSE'\n"}
[5.079280] (task_1) StdoutLine: {'line': b"writing manifest file '../../../build/task_1/task_1.egg-info/SOURCES.txt'\n"}
[5.079582] (task_1) StdoutLine: {'line': b'running build\n'}
[5.079711] (task_1) StdoutLine: {'line': b'running build_py\n'}
[5.080145] (task_1) StdoutLine: {'line': b'creating /home/me597/ros2/sim_ws/build/task_1/build\n'}
[5.080334] (task_1) StdoutLine: {'line': b'creating /home/me597/ros2/sim_ws/build/task_1/build/lib\n'}
[5.080545] (task_1) StdoutLine: {'line': b'creating /home/me597/ros2/sim_ws/build/task_1/build/lib/task_1\n'}
[5.080805] (task_1) StdoutLine: {'line': b'copying task_1/my_sub.py -> /home/me597/ros2/sim_ws/build/task_1/build/lib/task_1\n'}
[5.080962] (task_1) StdoutLine: {'line': b'copying task_1/__init__.py -> /home/me597/ros2/sim_ws/build/task_1/build/lib/task_1\n'}
[5.081023] (task_1) StdoutLine: {'line': b'copying task_1/my_pub.py -> /home/me597/ros2/sim_ws/build/task_1/build/lib/task_1\n'}
[5.081233] (task_1) StdoutLine: {'line': b'running install\n'}
[5.082068] (task_1) StdoutLine: {'line': b'running install_lib\n'}
[5.082156] (task_1) StdoutLine: {'line': b'creating /home/me597/ros2/sim_ws/install/task_1/lib/python3.10/site-packages/task_1\n'}
[5.082280] (task_1) StdoutLine: {'line': b'copying /home/me597/ros2/sim_ws/build/task_1/build/lib/task_1/my_sub.py -> /home/me597/ros2/sim_ws/install/task_1/lib/python3.10/site-packages/task_1\n'}
[5.082422] (task_1) StdoutLine: {'line': b'copying /home/me597/ros2/sim_ws/build/task_1/build/lib/task_1/__init__.py -> /home/me597/ros2/sim_ws/install/task_1/lib/python3.10/site-packages/task_1\n'}
[5.082542] (task_1) StdoutLine: {'line': b'copying /home/me597/ros2/sim_ws/build/task_1/build/lib/task_1/my_pub.py -> /home/me597/ros2/sim_ws/install/task_1/lib/python3.10/site-packages/task_1\n'}
[5.083298] (task_1) StdoutLine: {'line': b'byte-compiling /home/me597/ros2/sim_ws/install/task_1/lib/python3.10/site-packages/task_1/my_sub.py to my_sub.cpython-310.pyc\n'}
[5.083378] (task_1) StdoutLine: {'line': b'byte-compiling /home/me597/ros2/sim_ws/install/task_1/lib/python3.10/site-packages/task_1/__init__.py to __init__.cpython-310.pyc\n'}
[5.083555] (task_1) StdoutLine: {'line': b'byte-compiling /home/me597/ros2/sim_ws/install/task_1/lib/python3.10/site-packages/task_1/my_pub.py to my_pub.cpython-310.pyc\n'}
[5.084523] (task_1) StdoutLine: {'line': b'running install_data\n'}
[5.084591] (task_1) StdoutLine: {'line': b'copying resource/task_1 -> /home/me597/ros2/sim_ws/install/task_1/share/ament_index/resource_index/packages\n'}
[5.086017] (task_1) StdoutLine: {'line': b'copying package.xml -> /home/me597/ros2/sim_ws/install/task_1/share/task_1\n'}
[5.086079] (task_1) StdoutLine: {'line': b'copying launch/pub_sub_launch.py -> /home/me597/ros2/sim_ws/install/task_1/share/task_1/launch\n'}
[5.090815] (task_1) StdoutLine: {'line': b'running install_egg_info\n'}
[5.100738] (task_1) StdoutLine: {'line': b'Copying ../../../build/task_1/task_1.egg-info to /home/me597/ros2/sim_ws/install/task_1/lib/python3.10/site-packages/task_1-0.0.0-py3.10.egg-info\n'}
[5.100911] (task_1) StdoutLine: {'line': b'running install_scripts\n'}
[5.120450] (task_1) StdoutLine: {'line': b'Installing listener script to /home/me597/ros2/sim_ws/install/task_1/lib/task_1\n'}
[5.120682] (turtlebot3_gazebo) StdoutLine: {'line': b'-- Found assimp: /usr/include (found version "5.2.0") \n'}
[5.121038] (task_1) StdoutLine: {'line': b'Installing talker script to /home/me597/ros2/sim_ws/install/task_1/lib/task_1\n'}
[5.121642] (task_1) StdoutLine: {'line': b"writing list of installed files to '/home/me597/ros2/sim_ws/build/task_1/install.log'\n"}
[5.139974] (task_1) CommandEnded: {'returncode': 0}
[5.146697] (task_1) JobEnded: {'identifier': 'task_1', 'rc': 0}
[5.147452] (task_2) JobStarted: {'identifier': 'task_2'}
[5.163971] (-) TimerEvent: {}
[5.186894] (turtlebot3_gazebo) StdoutLine: {'line': b'-- Found DART: /usr/include (Required is at least version "6.6") found components: dart \n'}
[5.273122] (-) TimerEvent: {}
[5.376614] (-) TimerEvent: {}
[5.480215] (-) TimerEvent: {}
[5.553231] (turtlebot3_gazebo) StdoutLine: {'line': b'-- Found Boost: /usr/lib/x86_64-linux-gnu/cmake/Boost-1.74.0/BoostConfig.cmake (found suitable version "1.74.0", minimum required is "1.40.0") found components: thread system filesystem program_options regex iostreams date_time \n'}
[5.584127] (-) TimerEvent: {}
[5.592326] (turtlebot3_gazebo) StdoutLine: {'line': b'-- Found Protobuf: /usr/lib/x86_64-linux-gnu/libprotobuf.so (found version "3.12.4") \n'}
[5.594326] (turtlebot3_gazebo) StdoutLine: {'line': b'-- Looking for ignition-math6 -- found version 6.15.1\n'}
[5.618338] (turtlebot3_gazebo) StdoutLine: {'line': b'-- Searching for dependencies of ignition-math6\n'}
[5.631460] (turtlebot3_gazebo) StdoutLine: {'line': b'-- Looking for OGRE...\n'}
[5.631619] (turtlebot3_gazebo) StdoutLine: {'line': b'-- OGRE_PREFIX_WATCH changed.\n'}
[5.638097] (turtlebot3_gazebo) StdoutLine: {'line': b"-- Checking for module 'OGRE'\n"}
[5.659538] (turtlebot3_gazebo) StdoutLine: {'line': b'--   Found OGRE, version 1.9.0\n'}
[5.686423] (-) TimerEvent: {}
[5.687679] (turtlebot3_gazebo) StdoutLine: {'line': b'-- Found Ogre Ghadamon (1.9.0)\n'}
[5.701837] (turtlebot3_gazebo) StdoutLine: {'line': b'-- Found OGRE: optimized;/usr/lib/x86_64-linux-gnu/libOgreMain.so;debug;/usr/lib/x86_64-linux-gnu/libOgreMain.so\n'}
[5.712897] (turtlebot3_gazebo) StdoutLine: {'line': b'-- Looking for OGRE_Paging...\n'}
[5.715868] (turtlebot3_gazebo) StdoutLine: {'line': b'-- Found OGRE_Paging: optimized;/usr/lib/x86_64-linux-gnu/libOgrePaging.so;debug;/usr/lib/x86_64-linux-gnu/libOgrePaging.so\n'}
[5.715982] (turtlebot3_gazebo) StdoutLine: {'line': b'-- Looking for OGRE_Terrain...\n'}
[5.722311] (turtlebot3_gazebo) StdoutLine: {'line': b'-- Found OGRE_Terrain: optimized;/usr/lib/x86_64-linux-gnu/libOgreTerrain.so;debug;/usr/lib/x86_64-linux-gnu/libOgreTerrain.so\n'}
[5.722429] (turtlebot3_gazebo) StdoutLine: {'line': b'-- Looking for OGRE_Property...\n'}
[5.726650] (turtlebot3_gazebo) StdoutLine: {'line': b'-- Found OGRE_Property: optimized;/usr/lib/x86_64-linux-gnu/libOgreProperty.so;debug;/usr/lib/x86_64-linux-gnu/libOgreProperty.so\n'}
[5.726773] (turtlebot3_gazebo) StdoutLine: {'line': b'-- Looking for OGRE_RTShaderSystem...\n'}
[5.729732] (turtlebot3_gazebo) StdoutLine: {'line': b'-- Found OGRE_RTShaderSystem: optimized;/usr/lib/x86_64-linux-gnu/libOgreRTShaderSystem.so;debug;/usr/lib/x86_64-linux-gnu/libOgreRTShaderSystem.so\n'}
[5.729827] (turtlebot3_gazebo) StdoutLine: {'line': b'-- Looking for OGRE_Volume...\n'}
[5.734683] (turtlebot3_gazebo) StdoutLine: {'line': b'-- Found OGRE_Volume: optimized;/usr/lib/x86_64-linux-gnu/libOgreVolume.so;debug;/usr/lib/x86_64-linux-gnu/libOgreVolume.so\n'}
[5.734808] (turtlebot3_gazebo) StdoutLine: {'line': b'-- Looking for OGRE_Overlay...\n'}
[5.741669] (turtlebot3_gazebo) StdoutLine: {'line': b'-- Found OGRE_Overlay: optimized;/usr/lib/x86_64-linux-gnu/libOgreOverlay.so;debug;/usr/lib/x86_64-linux-gnu/libOgreOverlay.so\n'}
[5.803906] (-) TimerEvent: {}
[5.866170] (turtlebot3_gazebo) StdoutLine: {'line': b'-- Looking for ignition-math6 -- found version 6.15.1\n'}
[5.872094] (turtlebot3_gazebo) StdoutLine: {'line': b'-- Looking for ignition-transport8 -- found version 8.2.1\n'}
[5.872314] (turtlebot3_gazebo) StdoutLine: {'line': b'-- Searching for dependencies of ignition-transport8\n'}
[5.901266] (turtlebot3_gazebo) StdoutLine: {'line': b'-- Found Protobuf: /usr/lib/x86_64-linux-gnu/libprotobuf.so (found suitable version "3.12.4", minimum required is "3") \n'}
[5.913183] (-) TimerEvent: {}
[5.926769] (turtlebot3_gazebo) StdoutLine: {'line': b'-- Config-file not installed for ZeroMQ -- checking for pkg-config\n'}
[5.929204] (turtlebot3_gazebo) StdoutLine: {'line': b"-- Checking for module 'libzmq >= 4'\n"}
[5.935102] (task_2) Command: {'cmd': ['/usr/bin/python3', '-W', 'ignore:setup.py install is deprecated', 'setup.py', 'egg_info', '--egg-base', '../../../build/task_2', 'build', '--build-base', '/home/me597/ros2/sim_ws/build/task_2/build', 'install', '--record', '/home/me597/ros2/sim_ws/build/task_2/install.log', '--single-version-externally-managed', 'install_data'], 'cwd': '/home/me597/ros2/sim_ws/src/ME597/task_2', 'env': {'GJS_DEBUG_TOPICS': 'JS ERROR;JS LOG', 'LESSOPEN': '| /usr/bin/lesspipe %s', 'USER': 'me597', 'GIO_MODULE_DIR': '/home/me597/snap/code/common/.cache/gio-modules', 'XDG_SESSION_TYPE': 'wayland', 'GIT_ASKPASS': '/snap/code/167/usr/share/code/resources/app/extensions/git/dist/askpass.sh', 'GTK_EXE_PREFIX_VSCODE_SNAP_ORIG': '', 'GDK_BACKEND_VSCODE_SNAP_ORIG': '', 'SHLVL': '1', 'LD_LIBRARY_PATH': '/home/me597/ros2/sim_ws/install/task_2_interfaces/lib:/usr/lib/x86_64-linux-gnu/gazebo-11/plugins:/opt/ros/humble/opt/rviz_ogre_vendor/lib:/opt/ros/humble/lib/x86_64-linux-gnu:/opt/ros/humble/lib', 'HOME': '/home/me597', 'CHROME_DESKTOP': 'code-url-handler.desktop', 'LOCPATH_VSCODE_SNAP_ORIG': '', 'TERM_PROGRAM_VERSION': '1.92.2', 'DESKTOP_SESSION': 'ubuntu', 'GTK_PATH': '/snap/code/167/usr/lib/x86_64-linux-gnu/gtk-3.0', 'GTK_IM_MODULE_FILE': '/home/me597/snap/code/common/.cache/immodules/immodules.cache', 'GIO_LAUNCHED_DESKTOP_FILE': '/var/lib/snapd/desktop/applications/code_code.desktop', 'ROS_PYTHON_VERSION': '3', 'GNOME_SHELL_SESSION_MODE': 'ubuntu', 'GTK_MODULES': 'gail:atk-bridge', 'GSETTINGS_SCHEMA_DIR_VSCODE_SNAP_ORIG': '', 'VSCODE_GIT_ASKPASS_MAIN': '/snap/code/167/usr/share/code/resources/app/extensions/git/dist/askpass-main.js', 'VSCODE_GIT_ASKPASS_NODE': '/snap/code/167/usr/share/code/code', 'MANAGERPID': '1433', 'PYDEVD_DISABLE_FILE_VALIDATION': '1', 'SYSTEMD_EXEC_PID': '1589', 'BUNDLED_DEBUGPY_PATH': '/home/me597/.vscode/extensions/ms-python.debugpy-2026.6.0-linux-x64/bundled/libs/debugpy', 'IM_CONFIG_CHECK_ENV': '1', 'DBUS_SESSION_BUS_ADDRESS': 'unix:path=/run/user/1000/bus', 'COLORTERM': 'truecolor', 'GIO_LAUNCHED_DESKTOP_FILE_PID': '26594', 'IM_CONFIG_PHASE': '1', 'WAYLAND_DISPLAY': 'wayland-0', 'ROS_DISTRO': 'humble', 'LOGNAME': 'me597', 'JOURNAL_STREAM': '8:24741', '_': '/usr/bin/colcon', 'ROS_VERSION': '2', 'XDG_CONFIG_DIRS_VSCODE_SNAP_ORIG': '/etc/xdg/xdg-ubuntu:/etc/xdg', 'XDG_SESSION_CLASS': 'user', 'XDG_DATA_DIRS_VSCODE_SNAP_ORIG': '/usr/share/ubuntu:/usr/local/share/:/usr/share/:/var/lib/snapd/desktop', 'USERNAME': 'me597', 'TERM': 'xterm-256color', 'GNOME_DESKTOP_SESSION_ID': 'this-is-deprecated', 'ROS_LOCALHOST_ONLY': '1', 'PATH': '/opt/ros/humble/bin:/usr/local/sbin:/usr/local/bin:/usr/sbin:/usr/bin:/sbin:/bin:/usr/games:/usr/local/games:/snap/bin:/snap/bin:/home/me597/.vscode/extensions/ms-python.debugpy-2026.6.0-linux-x64/bundled/scripts/noConfigScripts', 'SESSION_MANAGER': 'local/me597:@/tmp/.ICE-unix/1557,unix/me597:/tmp/.ICE-unix/1557', 'GTK_EXE_PREFIX': '/snap/code/167/usr', 'INVOCATION_ID': '7cfc1821308f441bbaf5abc93b853ff0', 'XDG_MENU_PREFIX': 'gnome-', 'GNOME_SETUP_DISPLAY': ':1', 'XDG_RUNTIME_DIR': '/run/user/1000', 'GDK_BACKEND': 'x11', 'DISPLAY': ':0', 'LOCPATH': '/snap/code/167/usr/lib/locale', 'VSCODE_DEBUGPY_ADAPTER_ENDPOINTS': '/home/me597/.vscode/extensions/ms-python.debugpy-2026.6.0-linux-x64/.noConfigDebugAdapterEndpoints/endpoint-6fbcccb471442029.txt', 'LANG': 'en_US.UTF-8', 'XDG_CURRENT_DESKTOP': 'Unity', 'GIO_MODULE_DIR_VSCODE_SNAP_ORIG': '', 'XMODIFIERS': '@im=ibus', 'XDG_SESSION_DESKTOP': 'ubuntu', 'XAUTHORITY': '/run/user/1000/.mutter-Xwaylandauth.M84UV3', 'LS_COLORS': 'rs=0:di=01;34:ln=01;36:mh=00:pi=40;33:so=01;35:do=01;35:bd=40;33;01:cd=40;33;01:or=40;31;01:mi=00:su=37;41:sg=30;43:ca=30;41:tw=30;42:ow=34;42:st=37;44:ex=01;32:*.tar=01;31:*.tgz=01;31:*.arc=01;31:*.arj=01;31:*.taz=01;31:*.lha=01;31:*.lz4=01;31:*.lzh=01;31:*.lzma=01;31:*.tlz=01;31:*.txz=01;31:*.tzo=01;31:*.t7z=01;31:*.zip=01;31:*.z=01;31:*.dz=01;31:*.gz=01;31:*.lrz=01;31:*.lz=01;31:*.lzo=01;31:*.xz=01;31:*.zst=01;31:*.tzst=01;31:*.bz2=01;31:*.bz=01;31:*.tbz=01;31:*.tbz2=01;31:*.tz=01;31:*.deb=01;31:*.rpm=01;31:*.jar=01;31:*.war=01;31:*.ear=01;31:*.sar=01;31:*.rar=01;31:*.alz=01;31:*.ace=01;31:*.zoo=01;31:*.cpio=01;31:*.7z=01;31:*.rz=01;31:*.cab=01;31:*.wim=01;31:*.swm=01;31:*.dwm=01;31:*.esd=01;31:*.jpg=01;35:*.jpeg=01;35:*.mjpg=01;35:*.mjpeg=01;35:*.gif=01;35:*.bmp=01;35:*.pbm=01;35:*.pgm=01;35:*.ppm=01;35:*.tga=01;35:*.xbm=01;35:*.xpm=01;35:*.tif=01;35:*.tiff=01;35:*.png=01;35:*.svg=01;35:*.svgz=01;35:*.mng=01;35:*.pcx=01;35:*.mov=01;35:*.mpg=01;35:*.mpeg=01;35:*.m2v=01;35:*.mkv=01;35:*.webm=01;35:*.webp=01;35:*.ogm=01;35:*.mp4=01;35:*.m4v=01;35:*.mp4v=01;35:*.vob=01;35:*.qt=01;35:*.nuv=01;35:*.wmv=01;35:*.asf=01;35:*.rm=01;35:*.rmvb=01;35:*.flc=01;35:*.avi=01;35:*.fli=01;35:*.flv=01;35:*.gl=01;35:*.dl=01;35:*.xcf=01;35:*.xwd=01;35:*.yuv=01;35:*.cgm=01;35:*.emf=01;35:*.ogv=01;35:*.ogx=01;35:*.aac=00;36:*.au=00;36:*.flac=00;36:*.m4a=00;36:*.mid=00;36:*.midi=00;36:*.mka=00;36:*.mp3=00;36:*.mpc=00;36:*.ogg=00;36:*.ra=00;36:*.wav=00;36:*.oga=00;36:*.opus=00;36:*.spx=00;36:*.xspf=00;36:', 'VSCODE_GIT_IPC_HANDLE': '/run/user/1000/vscode-git-5342160831.sock', 'TERM_PROGRAM': 'vscode', 'SSH_AGENT_LAUNCHER': 'gnome-keyring', 'SSH_AUTH_SOCK': '/run/user/1000/keyring/ssh', 'GSETTINGS_SCHEMA_DIR': '/home/me597/snap/code/167/.local/share/glib-2.0/schemas', 'ROS_DOMAIN_ID': '06', 'AMENT_PREFIX_PATH': '/home/me597/ros2/sim_ws/install/task_2_interfaces:/opt/ros/humble', 'ORIGINAL_XDG_CURRENT_DESKTOP': 'ubuntu:GNOME', 'SHELL': '/bin/bash', 'QT_ACCESSIBILITY': '1', 'GDMSESSION': 'ubuntu', 'LESSCLOSE': '/usr/bin/lesspipe %s %s', 'GTK_PATH_VSCODE_SNAP_ORIG': '', 'GTK_IM_MODULE_FILE_VSCODE_SNAP_ORIG': '', 'GJS_DEBUG_OUTPUT': 'stderr', 'VSCODE_GIT_ASKPASS_EXTRA_ARGS': '', 'QT_IM_MODULE': 'ibus', 'PWD': '/home/me597/ros2/sim_ws/build/task_2', 'TURTLEBOT3_MODEL': 'waffle', 'LC_ALL': 'en_US.UTF-8', 'XDG_CONFIG_DIRS': '/etc/xdg/xdg-ubuntu:/etc/xdg', 'XDG_DATA_DIRS': '/home/me597/snap/code/167/.local/share:/home/me597/snap/code/167:/snap/code/167/usr/share:/usr/share/ubuntu:/usr/local/share/:/usr/share/:/var/lib/snapd/desktop', 'PYTHONPATH': '/home/me597/ros2/sim_ws/build/task_2/prefix_override:/usr/lib/python3/dist-packages/colcon_core/task/python/colcon_distutils_commands:/home/me597/ros2/sim_ws/install/task_2/lib/python3.10/site-packages:/home/me597/ros2/sim_ws/install/task_2_interfaces/local/lib/python3.10/dist-packages:/opt/ros/humble/lib/python3.10/site-packages:/opt/ros/humble/local/lib/python3.10/dist-packages', 'COLCON': '1', 'CMAKE_PREFIX_PATH': '/home/me597/ros2/sim_ws/install/task_2_interfaces'}, 'shell': False}
[5.984151] (turtlebot3_gazebo) StdoutLine: {'line': b'--   Found libzmq , version 4.3.4\n'}
[6.013721] (-) TimerEvent: {}
[6.087939] (turtlebot3_gazebo) StdoutLine: {'line': b'-- Found ZeroMQ: TRUE (Required is at least version "4") \n'}
[6.100204] (turtlebot3_gazebo) StdoutLine: {'line': b"-- Checking for module 'uuid'\n"}
[6.118745] (-) TimerEvent: {}
[6.131429] (turtlebot3_gazebo) StdoutLine: {'line': b'--   Found uuid, version 2.37.2\n'}
[6.219154] (-) TimerEvent: {}
[6.219459] (turtlebot3_gazebo) StdoutLine: {'line': b'-- Found UUID: TRUE  \n'}
[6.224582] (turtlebot3_gazebo) StdoutLine: {'line': b'-- Looking for ignition-msgs5 -- found version 5.8.1\n'}
[6.225496] (turtlebot3_gazebo) StdoutLine: {'line': b'-- Searching for dependencies of ignition-msgs5\n'}
[6.255917] (turtlebot3_gazebo) StdoutLine: {'line': b'-- Looking for ignition-math6 -- found version 6.15.1\n'}
[6.256119] (task_2) StdoutLine: {'line': b'running egg_info\n'}
[6.262522] (turtlebot3_gazebo) StdoutLine: {'line': b"-- Checking for module 'tinyxml2'\n"}
[6.264922] (task_2) StdoutLine: {'line': b'creating ../../../build/task_2/task_2.egg-info\n'}
[6.265935] (task_2) StdoutLine: {'line': b'writing ../../../build/task_2/task_2.egg-info/PKG-INFO\n'}
[6.266300] (task_2) StdoutLine: {'line': b'writing dependency_links to ../../../build/task_2/task_2.egg-info/dependency_links.txt\n'}
[6.269299] (task_2) StdoutLine: {'line': b'writing entry points to ../../../build/task_2/task_2.egg-info/entry_points.txt\n'}
[6.269606] (task_2) StdoutLine: {'line': b'writing requirements to ../../../build/task_2/task_2.egg-info/requires.txt\n'}
[6.269854] (task_2) StdoutLine: {'line': b'writing top-level names to ../../../build/task_2/task_2.egg-info/top_level.txt\n'}
[6.272560] (task_2) StdoutLine: {'line': b"writing manifest file '../../../build/task_2/task_2.egg-info/SOURCES.txt'\n"}
[6.275795] (task_2) StdoutLine: {'line': b"reading manifest file '../../../build/task_2/task_2.egg-info/SOURCES.txt'\n"}
[6.278085] (task_2) StdoutLine: {'line': b"writing manifest file '../../../build/task_2/task_2.egg-info/SOURCES.txt'\n"}
[6.279051] (task_2) StdoutLine: {'line': b'running build\n'}
[6.279233] (task_2) StdoutLine: {'line': b'running build_py\n'}
[6.279836] (task_2) StdoutLine: {'line': b'creating /home/me597/ros2/sim_ws/build/task_2/build\n'}
[6.279988] (task_2) StdoutLine: {'line': b'creating /home/me597/ros2/sim_ws/build/task_2/build/lib\n'}
[6.280092] (task_2) StdoutLine: {'line': b'creating /home/me597/ros2/sim_ws/build/task_2/build/lib/task_2\n'}
[6.282144] (task_2) StdoutLine: {'line': b'copying task_2/__init__.py -> /home/me597/ros2/sim_ws/build/task_2/build/lib/task_2\n'}
[6.282236] (task_2) StdoutLine: {'line': b'copying task_2/service.py -> /home/me597/ros2/sim_ws/build/task_2/build/lib/task_2\n'}
[6.282389] (task_2) StdoutLine: {'line': b'copying task_2/client.py -> /home/me597/ros2/sim_ws/build/task_2/build/lib/task_2\n'}
[6.282534] (task_2) StdoutLine: {'line': b'copying task_2/pub.py -> /home/me597/ros2/sim_ws/build/task_2/build/lib/task_2\n'}
[6.283044] (task_2) StdoutLine: {'line': b'copying task_2/sub.py -> /home/me597/ros2/sim_ws/build/task_2/build/lib/task_2\n'}
[6.283306] (task_2) StdoutLine: {'line': b'running install\n'}
[6.284481] (turtlebot3_gazebo) StdoutLine: {'line': b'--   Found tinyxml2, version 9.0.0\n'}
[6.285524] (task_2) StdoutLine: {'line': b'running install_lib\n'}
[6.288123] (task_2) StdoutLine: {'line': b'creating /home/me597/ros2/sim_ws/install/task_2/lib/python3.10/site-packages/task_2\n'}
[6.288193] (task_2) StdoutLine: {'line': b'copying /home/me597/ros2/sim_ws/build/task_2/build/lib/task_2/__init__.py -> /home/me597/ros2/sim_ws/install/task_2/lib/python3.10/site-packages/task_2\n'}
[6.288226] (task_2) StdoutLine: {'line': b'copying /home/me597/ros2/sim_ws/build/task_2/build/lib/task_2/service.py -> /home/me597/ros2/sim_ws/install/task_2/lib/python3.10/site-packages/task_2\n'}
[6.288252] (task_2) StdoutLine: {'line': b'copying /home/me597/ros2/sim_ws/build/task_2/build/lib/task_2/client.py -> /home/me597/ros2/sim_ws/install/task_2/lib/python3.10/site-packages/task_2\n'}
[6.288277] (task_2) StdoutLine: {'line': b'copying /home/me597/ros2/sim_ws/build/task_2/build/lib/task_2/pub.py -> /home/me597/ros2/sim_ws/install/task_2/lib/python3.10/site-packages/task_2\n'}
[6.288301] (task_2) StdoutLine: {'line': b'copying /home/me597/ros2/sim_ws/build/task_2/build/lib/task_2/sub.py -> /home/me597/ros2/sim_ws/install/task_2/lib/python3.10/site-packages/task_2\n'}
[6.288920] (task_2) StdoutLine: {'line': b'byte-compiling /home/me597/ros2/sim_ws/install/task_2/lib/python3.10/site-packages/task_2/__init__.py to __init__.cpython-310.pyc\n'}
[6.289310] (task_2) StdoutLine: {'line': b'byte-compiling /home/me597/ros2/sim_ws/install/task_2/lib/python3.10/site-packages/task_2/service.py to service.cpython-310.pyc\n'}
[6.289753] (task_2) StdoutLine: {'line': b'byte-compiling /home/me597/ros2/sim_ws/install/task_2/lib/python3.10/site-packages/task_2/client.py to client.cpython-310.pyc\n'}
[6.293938] (task_2) StdoutLine: {'line': b'byte-compiling /home/me597/ros2/sim_ws/install/task_2/lib/python3.10/site-packages/task_2/pub.py to pub.cpython-310.pyc\n'}
[6.294334] (task_2) StdoutLine: {'line': b'byte-compiling /home/me597/ros2/sim_ws/install/task_2/lib/python3.10/site-packages/task_2/sub.py to sub.cpython-310.pyc\n'}
[6.294667] (task_2) StdoutLine: {'line': b'running install_data\n'}
[6.294827] (task_2) StdoutLine: {'line': b'creating /home/me597/ros2/sim_ws/install/task_2/share/ament_index\n'}
[6.294925] (task_2) StdoutLine: {'line': b'creating /home/me597/ros2/sim_ws/install/task_2/share/ament_index/resource_index\n'}
[6.295007] (task_2) StdoutLine: {'line': b'creating /home/me597/ros2/sim_ws/install/task_2/share/ament_index/resource_index/packages\n'}
[6.295729] (task_2) StdoutLine: {'line': b'copying resource/task_2 -> /home/me597/ros2/sim_ws/install/task_2/share/ament_index/resource_index/packages\n'}
[6.296162] (task_2) StdoutLine: {'line': b'copying package.xml -> /home/me597/ros2/sim_ws/install/task_2/share/task_2\n'}
[6.296299] (task_2) StdoutLine: {'line': b'running install_egg_info\n'}
[6.300277] (task_2) StdoutLine: {'line': b'Copying ../../../build/task_2/task_2.egg-info to /home/me597/ros2/sim_ws/install/task_2/lib/python3.10/site-packages/task_2-0.0.0-py3.10.egg-info\n'}
[6.301392] (task_2) StdoutLine: {'line': b'running install_scripts\n'}
[6.320060] (-) TimerEvent: {}
[6.331460] (task_2) StdoutLine: {'line': b'Installing client script to /home/me597/ros2/sim_ws/install/task_2/lib/task_2\n'}
[6.331736] (task_2) StdoutLine: {'line': b'Installing service script to /home/me597/ros2/sim_ws/install/task_2/lib/task_2\n'}
[6.332216] (task_2) StdoutLine: {'line': b'Installing talker script to /home/me597/ros2/sim_ws/install/task_2/lib/task_2\n'}
[6.333885] (task_2) StdoutLine: {'line': b"writing list of installed files to '/home/me597/ros2/sim_ws/build/task_2/install.log'\n"}
[6.363785] (task_2) CommandEnded: {'returncode': 0}
[6.372801] (turtlebot3_gazebo) StdoutLine: {'line': b'-- Looking for ignition-msgs5 -- found version 5.8.1\n'}
[6.375293] (task_2) JobEnded: {'identifier': 'task_2', 'rc': 0}
[6.377390] (turtlebot3_gazebo) StdoutLine: {'line': b'-- Looking for ignition-common3 -- found version 3.14.0\n'}
[6.378831] (turtlebot3_gazebo) StdoutLine: {'line': b'-- Searching for dependencies of ignition-common3\n'}
[6.379204] (turtlebot3_gazebo) StdoutLine: {'line': b'-- Looking for dlfcn.h - found\n'}
[6.380145] (turtlebot3_gazebo) StdoutLine: {'line': b'-- Looking for libdl - found\n'}
[6.381367] (turtlebot3_gazebo) StdoutLine: {'line': b'-- Found DL: TRUE  \n'}
[6.398601] (turtlebot3_gazebo) StdoutLine: {'line': b'-- Found tinyobjloader: /usr/lib/x86_64-linux-gnu/cmake/tinyobjloader/tinyobjloader-config.cmake (found version "2.0.0") \n'}
[6.400320] (turtlebot3_gazebo) StdoutLine: {'line': b'-- Searching for <ignition-common3> component [graphics]\n'}
[6.405945] (turtlebot3_gazebo) StdoutLine: {'line': b'-- Looking for ignition-common3-graphics -- found version 3.14.0\n'}
[6.406848] (turtlebot3_gazebo) StdoutLine: {'line': b'-- Searching for dependencies of ignition-common3-graphics\n'}
[6.406965] (turtlebot3_gazebo) StdoutLine: {'line': b'-- Looking for ignition-math6 -- found version 6.15.1\n'}
[6.412296] (turtlebot3_gazebo) StdoutLine: {'line': b'-- Looking for ignition-fuel_tools4 -- found version 4.4.0\n'}
[6.412790] (turtlebot3_gazebo) StdoutLine: {'line': b'-- Searching for dependencies of ignition-fuel_tools4\n'}
[6.420166] (-) TimerEvent: {}
[6.502275] (turtlebot3_gazebo) StdoutLine: {'line': b'-- Found CURL: /usr/lib/x86_64-linux-gnu/libcurl.so (found version "7.81.0")  \n'}
[6.520146] (turtlebot3_gazebo) StdoutLine: {'line': b"-- Checking for module 'jsoncpp'\n"}
[6.520361] (-) TimerEvent: {}
[6.537680] (turtlebot3_gazebo) StdoutLine: {'line': b'--   Found jsoncpp, version 1.9.5\n'}
[6.577302] (turtlebot3_gazebo) StdoutLine: {'line': b'-- Found JSONCPP: TRUE  \n'}
[6.590448] (turtlebot3_gazebo) StdoutLine: {'line': b"-- Checking for module 'libzip'\n"}
[6.609377] (turtlebot3_gazebo) StdoutLine: {'line': b'--   Found libzip, version 1.7.3\n'}
[6.622403] (-) TimerEvent: {}
[6.646406] (turtlebot3_gazebo) StdoutLine: {'line': b'-- Found ZIP: TRUE  \n'}
[6.646578] (turtlebot3_gazebo) StdoutLine: {'line': b'-- Looking for ignition-common3 -- found version 3.14.0\n'}
[6.646614] (turtlebot3_gazebo) StdoutLine: {'line': b'-- Looking for ignition-math6 -- found version 6.15.1\n'}
[6.647302] (turtlebot3_gazebo) StdoutLine: {'line': b'-- Looking for ignition-msgs5 -- found version 5.8.1\n'}
[6.660634] (turtlebot3_gazebo) StdoutLine: {'line': b'-- Found gazebo_ros_pkgs: 3.7.0 (/opt/ros/humble/share/gazebo_ros_pkgs/cmake)\n'}
[6.723022] (-) TimerEvent: {}
[6.738444] (turtlebot3_gazebo) StdoutLine: {'line': b'-- Configuring done\n'}
[6.740152] (turtlebot3_gazebo) StdoutLine: {'line': b'-- Generating done\n'}
[6.740578] (turtlebot3_gazebo) StdoutLine: {'line': b'-- Build files have been written to: /home/me597/ros2/sim_ws/build/turtlebot3_gazebo\n'}
[6.751678] (turtlebot3_gazebo) CommandEnded: {'returncode': 0}
[6.753514] (turtlebot3_gazebo) JobProgress: {'identifier': 'turtlebot3_gazebo', 'progress': 'build'}
[6.753534] (turtlebot3_gazebo) Command: {'cmd': ['/usr/bin/cmake', '--build', '/home/me597/ros2/sim_ws/build/turtlebot3_gazebo', '--', '-j2', '-l2'], 'cwd': '/home/me597/ros2/sim_ws/build/turtlebot3_gazebo', 'env': OrderedDict([('GJS_DEBUG_TOPICS', 'JS ERROR;JS LOG'), ('LESSOPEN', '| /usr/bin/lesspipe %s'), ('USER', 'me597'), ('GIO_MODULE_DIR', '/home/me597/snap/code/common/.cache/gio-modules'), ('XDG_SESSION_TYPE', 'wayland'), ('GIT_ASKPASS', '/snap/code/167/usr/share/code/resources/app/extensions/git/dist/askpass.sh'), ('GTK_EXE_PREFIX_VSCODE_SNAP_ORIG', ''), ('GDK_BACKEND_VSCODE_SNAP_ORIG', ''), ('SHLVL', '1'), ('LD_LIBRARY_PATH', '/usr/lib/x86_64-linux-gnu/gazebo-11/plugins:/opt/ros/humble/opt/rviz_ogre_vendor/lib:/opt/ros/humble/lib/x86_64-linux-gnu:/opt/ros/humble/lib'), ('HOME', '/home/me597'), ('CHROME_DESKTOP', 'code-url-handler.desktop'), ('LOCPATH_VSCODE_SNAP_ORIG', ''), ('TERM_PROGRAM_VERSION', '1.92.2'), ('DESKTOP_SESSION', 'ubuntu'), ('GTK_PATH', '/snap/code/167/usr/lib/x86_64-linux-gnu/gtk-3.0'), ('GTK_IM_MODULE_FILE', '/home/me597/snap/code/common/.cache/immodules/immodules.cache'), ('GIO_LAUNCHED_DESKTOP_FILE', '/var/lib/snapd/desktop/applications/code_code.desktop'), ('ROS_PYTHON_VERSION', '3'), ('GNOME_SHELL_SESSION_MODE', 'ubuntu'), ('GTK_MODULES', 'gail:atk-bridge'), ('GSETTINGS_SCHEMA_DIR_VSCODE_SNAP_ORIG', ''), ('VSCODE_GIT_ASKPASS_MAIN', '/snap/code/167/usr/share/code/resources/app/extensions/git/dist/askpass-main.js'), ('VSCODE_GIT_ASKPASS_NODE', '/snap/code/167/usr/share/code/code'), ('MANAGERPID', '1433'), ('PYDEVD_DISABLE_FILE_VALIDATION', '1'), ('SYSTEMD_EXEC_PID', '1589'), ('BUNDLED_DEBUGPY_PATH', '/home/me597/.vscode/extensions/ms-python.debugpy-2026.6.0-linux-x64/bundled/libs/debugpy'), ('IM_CONFIG_CHECK_ENV', '1'), ('DBUS_SESSION_BUS_ADDRESS', 'unix:path=/run/user/1000/bus'), ('COLORTERM', 'truecolor'), ('GIO_LAUNCHED_DESKTOP_FILE_PID', '26594'), ('IM_CONFIG_PHASE', '1'), ('WAYLAND_DISPLAY', 'wayland-0'), ('ROS_DISTRO', 'humble'), ('LOGNAME', 'me597'), ('JOURNAL_STREAM', '8:24741'), ('_', '/usr/bin/colcon'), ('ROS_VERSION', '2'), ('XDG_CONFIG_DIRS_VSCODE_SNAP_ORIG', '/etc/xdg/xdg-ubuntu:/etc/xdg'), ('XDG_SESSION_CLASS', 'user'), ('XDG_DATA_DIRS_VSCODE_SNAP_ORIG', '/usr/share/ubuntu:/usr/local/share/:/usr/share/:/var/lib/snapd/desktop'), ('USERNAME', 'me597'), ('TERM', 'xterm-256color'), ('GNOME_DESKTOP_SESSION_ID', 'this-is-deprecated'), ('ROS_LOCALHOST_ONLY', '1'), ('PATH', '/opt/ros/humble/bin:/usr/local/sbin:/usr/local/bin:/usr/sbin:/usr/bin:/sbin:/bin:/usr/games:/usr/local/games:/snap/bin:/snap/bin:/home/me597/.vscode/extensions/ms-python.debugpy-2026.6.0-linux-x64/bundled/scripts/noConfigScripts'), ('SESSION_MANAGER', 'local/me597:@/tmp/.ICE-unix/1557,unix/me597:/tmp/.ICE-unix/1557'), ('GTK_EXE_PREFIX', '/snap/code/167/usr'), ('INVOCATION_ID', '7cfc1821308f441bbaf5abc93b853ff0'), ('XDG_MENU_PREFIX', 'gnome-'), ('GNOME_SETUP_DISPLAY', ':1'), ('XDG_RUNTIME_DIR', '/run/user/1000'), ('GDK_BACKEND', 'x11'), ('DISPLAY', ':0'), ('LOCPATH', '/snap/code/167/usr/lib/locale'), ('VSCODE_DEBUGPY_ADAPTER_ENDPOINTS', '/home/me597/.vscode/extensions/ms-python.debugpy-2026.6.0-linux-x64/.noConfigDebugAdapterEndpoints/endpoint-6fbcccb471442029.txt'), ('LANG', 'en_US.UTF-8'), ('XDG_CURRENT_DESKTOP', 'Unity'), ('GIO_MODULE_DIR_VSCODE_SNAP_ORIG', ''), ('XMODIFIERS', '@im=ibus'), ('XDG_SESSION_DESKTOP', 'ubuntu'), ('XAUTHORITY', '/run/user/1000/.mutter-Xwaylandauth.M84UV3'), ('LS_COLORS', 'rs=0:di=01;34:ln=01;36:mh=00:pi=40;33:so=01;35:do=01;35:bd=40;33;01:cd=40;33;01:or=40;31;01:mi=00:su=37;41:sg=30;43:ca=30;41:tw=30;42:ow=34;42:st=37;44:ex=01;32:*.tar=01;31:*.tgz=01;31:*.arc=01;31:*.arj=01;31:*.taz=01;31:*.lha=01;31:*.lz4=01;31:*.lzh=01;31:*.lzma=01;31:*.tlz=01;31:*.txz=01;31:*.tzo=01;31:*.t7z=01;31:*.zip=01;31:*.z=01;31:*.dz=01;31:*.gz=01;31:*.lrz=01;31:*.lz=01;31:*.lzo=01;31:*.xz=01;31:*.zst=01;31:*.tzst=01;31:*.bz2=01;31:*.bz=01;31:*.tbz=01;31:*.tbz2=01;31:*.tz=01;31:*.deb=01;31:*.rpm=01;31:*.jar=01;31:*.war=01;31:*.ear=01;31:*.sar=01;31:*.rar=01;31:*.alz=01;31:*.ace=01;31:*.zoo=01;31:*.cpio=01;31:*.7z=01;31:*.rz=01;31:*.cab=01;31:*.wim=01;31:*.swm=01;31:*.dwm=01;31:*.esd=01;31:*.jpg=01;35:*.jpeg=01;35:*.mjpg=01;35:*.mjpeg=01;35:*.gif=01;35:*.bmp=01;35:*.pbm=01;35:*.pgm=01;35:*.ppm=01;35:*.tga=01;35:*.xbm=01;35:*.xpm=01;35:*.tif=01;35:*.tiff=01;35:*.png=01;35:*.svg=01;35:*.svgz=01;35:*.mng=01;35:*.pcx=01;35:*.mov=01;35:*.mpg=01;35:*.mpeg=01;35:*.m2v=01;35:*.mkv=01;35:*.webm=01;35:*.webp=01;35:*.ogm=01;35:*.mp4=01;35:*.m4v=01;35:*.mp4v=01;35:*.vob=01;35:*.qt=01;35:*.nuv=01;35:*.wmv=01;35:*.asf=01;35:*.rm=01;35:*.rmvb=01;35:*.flc=01;35:*.avi=01;35:*.fli=01;35:*.flv=01;35:*.gl=01;35:*.dl=01;35:*.xcf=01;35:*.xwd=01;35:*.yuv=01;35:*.cgm=01;35:*.emf=01;35:*.ogv=01;35:*.ogx=01;35:*.aac=00;36:*.au=00;36:*.flac=00;36:*.m4a=00;36:*.mid=00;36:*.midi=00;36:*.mka=00;36:*.mp3=00;36:*.mpc=00;36:*.ogg=00;36:*.ra=00;36:*.wav=00;36:*.oga=00;36:*.opus=00;36:*.spx=00;36:*.xspf=00;36:'), ('VSCODE_GIT_IPC_HANDLE', '/run/user/1000/vscode-git-5342160831.sock'), ('TERM_PROGRAM', 'vscode'), ('SSH_AGENT_LAUNCHER', 'gnome-keyring'), ('SSH_AUTH_SOCK', '/run/user/1000/keyring/ssh'), ('GSETTINGS_SCHEMA_DIR', '/home/me597/snap/code/167/.local/share/glib-2.0/schemas'), ('ROS_DOMAIN_ID', '06'), ('AMENT_PREFIX_PATH', '/opt/ros/humble'), ('ORIGINAL_XDG_CURRENT_DESKTOP', 'ubuntu:GNOME'), ('SHELL', '/bin/bash'), ('QT_ACCESSIBILITY', '1'), ('GDMSESSION', 'ubuntu'), ('LESSCLOSE', '/usr/bin/lesspipe %s %s'), ('GTK_PATH_VSCODE_SNAP_ORIG', ''), ('GTK_IM_MODULE_FILE_VSCODE_SNAP_ORIG', ''), ('GJS_DEBUG_OUTPUT', 'stderr'), ('VSCODE_GIT_ASKPASS_EXTRA_ARGS', ''), ('QT_IM_MODULE', 'ibus'), ('PWD', '/home/me597/ros2/sim_ws/build/turtlebot3_gazebo'), ('TURTLEBOT3_MODEL', 'waffle'), ('LC_ALL', 'en_US.UTF-8'), ('XDG_CONFIG_DIRS', '/etc/xdg/xdg-ubuntu:/etc/xdg'), ('XDG_DATA_DIRS', '/home/me597/snap/code/167/.local/share:/home/me597/snap/code/167:/snap/code/167/usr/share:/usr/share/ubuntu:/usr/local/share/:/usr/share/:/var/lib/snapd/desktop'), ('PYTHONPATH', '/opt/ros/humble/lib/python3.10/site-packages:/opt/ros/humble/local/lib/python3.10/dist-packages'), ('COLCON', '1'), ('CMAKE_PREFIX_PATH', '/opt/ros/humble')]), 'shell': False}
[6.796767] (turtlebot3_gazebo) CommandEnded: {'returncode': 0}
[6.823587] (-) TimerEvent: {}
[6.845648] (turtlebot3_gazebo) JobProgress: {'identifier': 'turtlebot3_gazebo', 'progress': 'install'}
[6.847326] (turtlebot3_gazebo) Command: {'cmd': ['/usr/bin/cmake', '--install', '/home/me597/ros2/sim_ws/build/turtlebot3_gazebo'], 'cwd': '/home/me597/ros2/sim_ws/build/turtlebot3_gazebo', 'env': OrderedDict([('GJS_DEBUG_TOPICS', 'JS ERROR;JS LOG'), ('LESSOPEN', '| /usr/bin/lesspipe %s'), ('USER', 'me597'), ('GIO_MODULE_DIR', '/home/me597/snap/code/common/.cache/gio-modules'), ('XDG_SESSION_TYPE', 'wayland'), ('GIT_ASKPASS', '/snap/code/167/usr/share/code/resources/app/extensions/git/dist/askpass.sh'), ('GTK_EXE_PREFIX_VSCODE_SNAP_ORIG', ''), ('GDK_BACKEND_VSCODE_SNAP_ORIG', ''), ('SHLVL', '1'), ('LD_LIBRARY_PATH', '/usr/lib/x86_64-linux-gnu/gazebo-11/plugins:/opt/ros/humble/opt/rviz_ogre_vendor/lib:/opt/ros/humble/lib/x86_64-linux-gnu:/opt/ros/humble/lib'), ('HOME', '/home/me597'), ('CHROME_DESKTOP', 'code-url-handler.desktop'), ('LOCPATH_VSCODE_SNAP_ORIG', ''), ('TERM_PROGRAM_VERSION', '1.92.2'), ('DESKTOP_SESSION', 'ubuntu'), ('GTK_PATH', '/snap/code/167/usr/lib/x86_64-linux-gnu/gtk-3.0'), ('GTK_IM_MODULE_FILE', '/home/me597/snap/code/common/.cache/immodules/immodules.cache'), ('GIO_LAUNCHED_DESKTOP_FILE', '/var/lib/snapd/desktop/applications/code_code.desktop'), ('ROS_PYTHON_VERSION', '3'), ('GNOME_SHELL_SESSION_MODE', 'ubuntu'), ('GTK_MODULES', 'gail:atk-bridge'), ('GSETTINGS_SCHEMA_DIR_VSCODE_SNAP_ORIG', ''), ('VSCODE_GIT_ASKPASS_MAIN', '/snap/code/167/usr/share/code/resources/app/extensions/git/dist/askpass-main.js'), ('VSCODE_GIT_ASKPASS_NODE', '/snap/code/167/usr/share/code/code'), ('MANAGERPID', '1433'), ('PYDEVD_DISABLE_FILE_VALIDATION', '1'), ('SYSTEMD_EXEC_PID', '1589'), ('BUNDLED_DEBUGPY_PATH', '/home/me597/.vscode/extensions/ms-python.debugpy-2026.6.0-linux-x64/bundled/libs/debugpy'), ('IM_CONFIG_CHECK_ENV', '1'), ('DBUS_SESSION_BUS_ADDRESS', 'unix:path=/run/user/1000/bus'), ('COLORTERM', 'truecolor'), ('GIO_LAUNCHED_DESKTOP_FILE_PID', '26594'), ('IM_CONFIG_PHASE', '1'), ('WAYLAND_DISPLAY', 'wayland-0'), ('ROS_DISTRO', 'humble'), ('LOGNAME', 'me597'), ('JOURNAL_STREAM', '8:24741'), ('_', '/usr/bin/colcon'), ('ROS_VERSION', '2'), ('XDG_CONFIG_DIRS_VSCODE_SNAP_ORIG', '/etc/xdg/xdg-ubuntu:/etc/xdg'), ('XDG_SESSION_CLASS', 'user'), ('XDG_DATA_DIRS_VSCODE_SNAP_ORIG', '/usr/share/ubuntu:/usr/local/share/:/usr/share/:/var/lib/snapd/desktop'), ('USERNAME', 'me597'), ('TERM', 'xterm-256color'), ('GNOME_DESKTOP_SESSION_ID', 'this-is-deprecated'), ('ROS_LOCALHOST_ONLY', '1'), ('PATH', '/opt/ros/humble/bin:/usr/local/sbin:/usr/local/bin:/usr/sbin:/usr/bin:/sbin:/bin:/usr/games:/usr/local/games:/snap/bin:/snap/bin:/home/me597/.vscode/extensions/ms-python.debugpy-2026.6.0-linux-x64/bundled/scripts/noConfigScripts'), ('SESSION_MANAGER', 'local/me597:@/tmp/.ICE-unix/1557,unix/me597:/tmp/.ICE-unix/1557'), ('GTK_EXE_PREFIX', '/snap/code/167/usr'), ('INVOCATION_ID', '7cfc1821308f441bbaf5abc93b853ff0'), ('XDG_MENU_PREFIX', 'gnome-'), ('GNOME_SETUP_DISPLAY', ':1'), ('XDG_RUNTIME_DIR', '/run/user/1000'), ('GDK_BACKEND', 'x11'), ('DISPLAY', ':0'), ('LOCPATH', '/snap/code/167/usr/lib/locale'), ('VSCODE_DEBUGPY_ADAPTER_ENDPOINTS', '/home/me597/.vscode/extensions/ms-python.debugpy-2026.6.0-linux-x64/.noConfigDebugAdapterEndpoints/endpoint-6fbcccb471442029.txt'), ('LANG', 'en_US.UTF-8'), ('XDG_CURRENT_DESKTOP', 'Unity'), ('GIO_MODULE_DIR_VSCODE_SNAP_ORIG', ''), ('XMODIFIERS', '@im=ibus'), ('XDG_SESSION_DESKTOP', 'ubuntu'), ('XAUTHORITY', '/run/user/1000/.mutter-Xwaylandauth.M84UV3'), ('LS_COLORS', 'rs=0:di=01;34:ln=01;36:mh=00:pi=40;33:so=01;35:do=01;35:bd=40;33;01:cd=40;33;01:or=40;31;01:mi=00:su=37;41:sg=30;43:ca=30;41:tw=30;42:ow=34;42:st=37;44:ex=01;32:*.tar=01;31:*.tgz=01;31:*.arc=01;31:*.arj=01;31:*.taz=01;31:*.lha=01;31:*.lz4=01;31:*.lzh=01;31:*.lzma=01;31:*.tlz=01;31:*.txz=01;31:*.tzo=01;31:*.t7z=01;31:*.zip=01;31:*.z=01;31:*.dz=01;31:*.gz=01;31:*.lrz=01;31:*.lz=01;31:*.lzo=01;31:*.xz=01;31:*.zst=01;31:*.tzst=01;31:*.bz2=01;31:*.bz=01;31:*.tbz=01;31:*.tbz2=01;31:*.tz=01;31:*.deb=01;31:*.rpm=01;31:*.jar=01;31:*.war=01;31:*.ear=01;31:*.sar=01;31:*.rar=01;31:*.alz=01;31:*.ace=01;31:*.zoo=01;31:*.cpio=01;31:*.7z=01;31:*.rz=01;31:*.cab=01;31:*.wim=01;31:*.swm=01;31:*.dwm=01;31:*.esd=01;31:*.jpg=01;35:*.jpeg=01;35:*.mjpg=01;35:*.mjpeg=01;35:*.gif=01;35:*.bmp=01;35:*.pbm=01;35:*.pgm=01;35:*.ppm=01;35:*.tga=01;35:*.xbm=01;35:*.xpm=01;35:*.tif=01;35:*.tiff=01;35:*.png=01;35:*.svg=01;35:*.svgz=01;35:*.mng=01;35:*.pcx=01;35:*.mov=01;35:*.mpg=01;35:*.mpeg=01;35:*.m2v=01;35:*.mkv=01;35:*.webm=01;35:*.webp=01;35:*.ogm=01;35:*.mp4=01;35:*.m4v=01;35:*.mp4v=01;35:*.vob=01;35:*.qt=01;35:*.nuv=01;35:*.wmv=01;35:*.asf=01;35:*.rm=01;35:*.rmvb=01;35:*.flc=01;35:*.avi=01;35:*.fli=01;35:*.flv=01;35:*.gl=01;35:*.dl=01;35:*.xcf=01;35:*.xwd=01;35:*.yuv=01;35:*.cgm=01;35:*.emf=01;35:*.ogv=01;35:*.ogx=01;35:*.aac=00;36:*.au=00;36:*.flac=00;36:*.m4a=00;36:*.mid=00;36:*.midi=00;36:*.mka=00;36:*.mp3=00;36:*.mpc=00;36:*.ogg=00;36:*.ra=00;36:*.wav=00;36:*.oga=00;36:*.opus=00;36:*.spx=00;36:*.xspf=00;36:'), ('VSCODE_GIT_IPC_HANDLE', '/run/user/1000/vscode-git-5342160831.sock'), ('TERM_PROGRAM', 'vscode'), ('SSH_AGENT_LAUNCHER', 'gnome-keyring'), ('SSH_AUTH_SOCK', '/run/user/1000/keyring/ssh'), ('GSETTINGS_SCHEMA_DIR', '/home/me597/snap/code/167/.local/share/glib-2.0/schemas'), ('ROS_DOMAIN_ID', '06'), ('AMENT_PREFIX_PATH', '/opt/ros/humble'), ('ORIGINAL_XDG_CURRENT_DESKTOP', 'ubuntu:GNOME'), ('SHELL', '/bin/bash'), ('QT_ACCESSIBILITY', '1'), ('GDMSESSION', 'ubuntu'), ('LESSCLOSE', '/usr/bin/lesspipe %s %s'), ('GTK_PATH_VSCODE_SNAP_ORIG', ''), ('GTK_IM_MODULE_FILE_VSCODE_SNAP_ORIG', ''), ('GJS_DEBUG_OUTPUT', 'stderr'), ('VSCODE_GIT_ASKPASS_EXTRA_ARGS', ''), ('QT_IM_MODULE', 'ibus'), ('PWD', '/home/me597/ros2/sim_ws/build/turtlebot3_gazebo'), ('TURTLEBOT3_MODEL', 'waffle'), ('LC_ALL', 'en_US.UTF-8'), ('XDG_CONFIG_DIRS', '/etc/xdg/xdg-ubuntu:/etc/xdg'), ('XDG_DATA_DIRS', '/home/me597/snap/code/167/.local/share:/home/me597/snap/code/167:/snap/code/167/usr/share:/usr/share/ubuntu:/usr/local/share/:/usr/share/:/var/lib/snapd/desktop'), ('PYTHONPATH', '/opt/ros/humble/lib/python3.10/site-packages:/opt/ros/humble/local/lib/python3.10/dist-packages'), ('COLCON', '1'), ('CMAKE_PREFIX_PATH', '/opt/ros/humble')]), 'shell': False}
[6.854343] (turtlebot3_gazebo) StdoutLine: {'line': b'-- Install configuration: ""\n'}
[6.854737] (turtlebot3_gazebo) StdoutLine: {'line': b'-- Installing: /home/me597/ros2/sim_ws/install/turtlebot3_gazebo/share/turtlebot3_gazebo//launch\n'}
[6.854929] (turtlebot3_gazebo) StdoutLine: {'line': b'-- Installing: /home/me597/ros2/sim_ws/install/turtlebot3_gazebo/share/turtlebot3_gazebo//launch/navigator.launch.py\n'}
[6.855088] (turtlebot3_gazebo) StdoutLine: {'line': b'-- Installing: /home/me597/ros2/sim_ws/install/turtlebot3_gazebo/share/turtlebot3_gazebo//launch/spawn_cricketball.launch.py\n'}
[6.855206] (turtlebot3_gazebo) StdoutLine: {'line': b'-- Installing: /home/me597/ros2/sim_ws/install/turtlebot3_gazebo/share/turtlebot3_gazebo//launch/spawn_turtlebot3.launch.py\n'}
[6.855339] (turtlebot3_gazebo) StdoutLine: {'line': b'-- Installing: /home/me597/ros2/sim_ws/install/turtlebot3_gazebo/share/turtlebot3_gazebo//launch/mapper.launch.py\n'}
[6.855447] (turtlebot3_gazebo) StdoutLine: {'line': b'-- Installing: /home/me597/ros2/sim_ws/install/turtlebot3_gazebo/share/turtlebot3_gazebo//launch/turtlebot3_house.launch.py\n'}
[6.855555] (turtlebot3_gazebo) StdoutLine: {'line': b'-- Installing: /home/me597/ros2/sim_ws/install/turtlebot3_gazebo/share/turtlebot3_gazebo//launch/turtlebot3_house_norviz.launch.py\n'}
[6.855657] (turtlebot3_gazebo) StdoutLine: {'line': b'-- Installing: /home/me597/ros2/sim_ws/install/turtlebot3_gazebo/share/turtlebot3_gazebo//launch/task_6.launch.py\n'}
[6.855760] (turtlebot3_gazebo) StdoutLine: {'line': b'-- Installing: /home/me597/ros2/sim_ws/install/turtlebot3_gazebo/share/turtlebot3_gazebo//launch/turtlebot3_bonus_world.launch.py\n'}
[6.855860] (turtlebot3_gazebo) StdoutLine: {'line': b'-- Installing: /home/me597/ros2/sim_ws/install/turtlebot3_gazebo/share/turtlebot3_gazebo//launch/amcl.launch.py\n'}
[6.856302] (turtlebot3_gazebo) StdoutLine: {'line': b'-- Installing: /home/me597/ros2/sim_ws/install/turtlebot3_gazebo/share/turtlebot3_gazebo//launch/robot_state_publisher.launch.py\n'}
[6.856360] (turtlebot3_gazebo) StdoutLine: {'line': b'-- Installing: /home/me597/ros2/sim_ws/install/turtlebot3_gazebo/share/turtlebot3_gazebo//launch/map_loader.launch.py\n'}
[6.856388] (turtlebot3_gazebo) StdoutLine: {'line': b'-- Installing: /home/me597/ros2/sim_ws/install/turtlebot3_gazebo/share/turtlebot3_gazebo//models\n'}
[6.856414] (turtlebot3_gazebo) StdoutLine: {'line': b'-- Installing: /home/me597/ros2/sim_ws/install/turtlebot3_gazebo/share/turtlebot3_gazebo//models/turtlebot3_common\n'}
[6.856440] (turtlebot3_gazebo) StdoutLine: {'line': b'-- Installing: /home/me597/ros2/sim_ws/install/turtlebot3_gazebo/share/turtlebot3_gazebo//models/turtlebot3_common/model.config\n'}
[6.858006] (turtlebot3_gazebo) StdoutLine: {'line': b'-- Installing: /home/me597/ros2/sim_ws/install/turtlebot3_gazebo/share/turtlebot3_gazebo//models/turtlebot3_common/meshes\n'}
[6.858101] (turtlebot3_gazebo) StdoutLine: {'line': b'-- Installing: /home/me597/ros2/sim_ws/install/turtlebot3_gazebo/share/turtlebot3_gazebo//models/turtlebot3_common/meshes/waffle_base.dae\n'}
[6.859169] (turtlebot3_gazebo) StdoutLine: {'line': b'-- Installing: /home/me597/ros2/sim_ws/install/turtlebot3_gazebo/share/turtlebot3_gazebo//models/turtlebot3_common/meshes/tire.dae\n'}
[6.859894] (turtlebot3_gazebo) StdoutLine: {'line': b'-- Installing: /home/me597/ros2/sim_ws/install/turtlebot3_gazebo/share/turtlebot3_gazebo//models/turtlebot3_common/meshes/lds.dae\n'}
[6.861076] (turtlebot3_gazebo) StdoutLine: {'line': b'-- Installing: /home/me597/ros2/sim_ws/install/turtlebot3_gazebo/share/turtlebot3_gazebo//models/turtlebot3_common/meshes/burger_base.dae\n'}
[6.861500] (turtlebot3_gazebo) StdoutLine: {'line': b'-- Installing: /home/me597/ros2/sim_ws/install/turtlebot3_gazebo/share/turtlebot3_gazebo//models/turtlebot3_common/meshes/r200.dae\n'}
[6.862778] (turtlebot3_gazebo) StdoutLine: {'line': b'-- Installing: /home/me597/ros2/sim_ws/install/turtlebot3_gazebo/share/turtlebot3_gazebo//models/turtlebot3_waffle\n'}
[6.862890] (turtlebot3_gazebo) StdoutLine: {'line': b'-- Installing: /home/me597/ros2/sim_ws/install/turtlebot3_gazebo/share/turtlebot3_gazebo//models/turtlebot3_waffle/model.config\n'}
[6.863468] (turtlebot3_gazebo) StdoutLine: {'line': b'-- Installing: /home/me597/ros2/sim_ws/install/turtlebot3_gazebo/share/turtlebot3_gazebo//models/turtlebot3_waffle/model.sdf\n'}
[6.863922] (turtlebot3_gazebo) StdoutLine: {'line': b'-- Installing: /home/me597/ros2/sim_ws/install/turtlebot3_gazebo/share/turtlebot3_gazebo//models/green_object\n'}
[6.863999] (turtlebot3_gazebo) StdoutLine: {'line': b'-- Installing: /home/me597/ros2/sim_ws/install/turtlebot3_gazebo/share/turtlebot3_gazebo//models/green_object/model.config\n'}
[6.864547] (turtlebot3_gazebo) StdoutLine: {'line': b'-- Installing: /home/me597/ros2/sim_ws/install/turtlebot3_gazebo/share/turtlebot3_gazebo//models/green_object/model.rsdf\n'}
[6.864985] (turtlebot3_gazebo) StdoutLine: {'line': b'-- Installing: /home/me597/ros2/sim_ws/install/turtlebot3_gazebo/share/turtlebot3_gazebo//models/green_object/model.sdf\n'}
[6.865248] (turtlebot3_gazebo) StdoutLine: {'line': b'-- Installing: /home/me597/ros2/sim_ws/install/turtlebot3_gazebo/share/turtlebot3_gazebo//models/trash_can\n'}
[6.865298] (turtlebot3_gazebo) StdoutLine: {'line': b'-- Installing: /home/me597/ros2/sim_ws/install/turtlebot3_gazebo/share/turtlebot3_gazebo//models/trash_can/model.config\n'}
[6.865593] (turtlebot3_gazebo) StdoutLine: {'line': b'-- Installing: /home/me597/ros2/sim_ws/install/turtlebot3_gazebo/share/turtlebot3_gazebo//models/trash_can/model.sdf\n'}
[6.865928] (turtlebot3_gazebo) StdoutLine: {'line': b'-- Installing: /home/me597/ros2/sim_ws/install/turtlebot3_gazebo/share/turtlebot3_gazebo//models/trash_can/meshes\n'}
[6.865998] (turtlebot3_gazebo) StdoutLine: {'line': b'-- Installing: /home/me597/ros2/sim_ws/install/turtlebot3_gazebo/share/turtlebot3_gazebo//models/trash_can/meshes/trash_can.dae\n'}
[6.868903] (turtlebot3_gazebo) StdoutLine: {'line': b'-- Installing: /home/me597/ros2/sim_ws/install/turtlebot3_gazebo/share/turtlebot3_gazebo//models/red_object\n'}
[6.868996] (turtlebot3_gazebo) StdoutLine: {'line': b'-- Installing: /home/me597/ros2/sim_ws/install/turtlebot3_gazebo/share/turtlebot3_gazebo//models/red_object/model.config\n'}
[6.869576] (turtlebot3_gazebo) StdoutLine: {'line': b'-- Installing: /home/me597/ros2/sim_ws/install/turtlebot3_gazebo/share/turtlebot3_gazebo//models/red_object/model.rsdf\n'}
[6.869962] (turtlebot3_gazebo) StdoutLine: {'line': b'-- Installing: /home/me597/ros2/sim_ws/install/turtlebot3_gazebo/share/turtlebot3_gazebo//models/red_object/model.sdf\n'}
[6.870230] (turtlebot3_gazebo) StdoutLine: {'line': b'-- Installing: /home/me597/ros2/sim_ws/install/turtlebot3_gazebo/share/turtlebot3_gazebo//models/turtlebot3_house\n'}
[6.870282] (turtlebot3_gazebo) StdoutLine: {'line': b'-- Installing: /home/me597/ros2/sim_ws/install/turtlebot3_gazebo/share/turtlebot3_gazebo//models/turtlebot3_house/model.config\n'}
[6.870604] (turtlebot3_gazebo) StdoutLine: {'line': b'-- Installing: /home/me597/ros2/sim_ws/install/turtlebot3_gazebo/share/turtlebot3_gazebo//models/turtlebot3_house/model.sdf\n'}
[6.871769] (turtlebot3_gazebo) StdoutLine: {'line': b'-- Installing: /home/me597/ros2/sim_ws/install/turtlebot3_gazebo/share/turtlebot3_gazebo//models/cricket_ball\n'}
[6.871856] (turtlebot3_gazebo) StdoutLine: {'line': b'-- Installing: /home/me597/ros2/sim_ws/install/turtlebot3_gazebo/share/turtlebot3_gazebo//models/cricket_ball/model.config\n'}
[6.872449] (turtlebot3_gazebo) StdoutLine: {'line': b'-- Installing: /home/me597/ros2/sim_ws/install/turtlebot3_gazebo/share/turtlebot3_gazebo//models/cricket_ball/model.rsdf\n'}
[6.872808] (turtlebot3_gazebo) StdoutLine: {'line': b'-- Installing: /home/me597/ros2/sim_ws/install/turtlebot3_gazebo/share/turtlebot3_gazebo//models/cricket_ball/model.sdf\n'}
[6.873082] (turtlebot3_gazebo) StdoutLine: {'line': b'-- Installing: /home/me597/ros2/sim_ws/install/turtlebot3_gazebo/share/turtlebot3_gazebo//models/blue_object\n'}
[6.873140] (turtlebot3_gazebo) StdoutLine: {'line': b'-- Installing: /home/me597/ros2/sim_ws/install/turtlebot3_gazebo/share/turtlebot3_gazebo//models/blue_object/model.config\n'}
[6.873421] (turtlebot3_gazebo) StdoutLine: {'line': b'-- Installing: /home/me597/ros2/sim_ws/install/turtlebot3_gazebo/share/turtlebot3_gazebo//models/blue_object/model.rsdf\n'}
[6.873760] (turtlebot3_gazebo) StdoutLine: {'line': b'-- Installing: /home/me597/ros2/sim_ws/install/turtlebot3_gazebo/share/turtlebot3_gazebo//models/blue_object/model.sdf\n'}
[6.874014] (turtlebot3_gazebo) StdoutLine: {'line': b'-- Installing: /home/me597/ros2/sim_ws/install/turtlebot3_gazebo/share/turtlebot3_gazebo//rviz\n'}
[6.874062] (turtlebot3_gazebo) StdoutLine: {'line': b'-- Installing: /home/me597/ros2/sim_ws/install/turtlebot3_gazebo/share/turtlebot3_gazebo//rviz/tb3_gazebo.rviz\n'}
[6.874398] (turtlebot3_gazebo) StdoutLine: {'line': b'-- Installing: /home/me597/ros2/sim_ws/install/turtlebot3_gazebo/share/turtlebot3_gazebo//urdf\n'}
[6.875334] (turtlebot3_gazebo) StdoutLine: {'line': b'-- Installing: /home/me597/ros2/sim_ws/install/turtlebot3_gazebo/share/turtlebot3_gazebo//urdf/turtlebot3_waffle.urdf\n'}
[6.875423] (turtlebot3_gazebo) StdoutLine: {'line': b'-- Installing: /home/me597/ros2/sim_ws/install/turtlebot3_gazebo/share/turtlebot3_gazebo//worlds\n'}
[6.875455] (turtlebot3_gazebo) StdoutLine: {'line': b'-- Installing: /home/me597/ros2/sim_ws/install/turtlebot3_gazebo/share/turtlebot3_gazebo//worlds/empty_world.world\n'}
[6.875695] (turtlebot3_gazebo) StdoutLine: {'line': b'-- Installing: /home/me597/ros2/sim_ws/install/turtlebot3_gazebo/share/turtlebot3_gazebo//worlds/house_closed.world\n'}
[6.876785] (turtlebot3_gazebo) StdoutLine: {'line': b'-- Installing: /home/me597/ros2/sim_ws/install/turtlebot3_gazebo/share/turtlebot3_gazebo//worlds/turtlebot3_house.world\n'}
[6.877168] (turtlebot3_gazebo) StdoutLine: {'line': b'-- Installing: /home/me597/ros2/sim_ws/install/turtlebot3_gazebo/share/turtlebot3_gazebo//worlds/Bonus\n'}
[6.878634] (turtlebot3_gazebo) StdoutLine: {'line': b'-- Installing: /home/me597/ros2/sim_ws/install/turtlebot3_gazebo/share/turtlebot3_gazebo//maps\n'}
[6.878724] (turtlebot3_gazebo) StdoutLine: {'line': b'-- Installing: /home/me597/ros2/sim_ws/install/turtlebot3_gazebo/share/turtlebot3_gazebo//maps/sync_classroom_map.pgm\n'}
[6.881886] (turtlebot3_gazebo) StdoutLine: {'line': b'-- Installing: /home/me597/ros2/sim_ws/install/turtlebot3_gazebo/share/turtlebot3_gazebo//maps/sync_classroom_map.yaml\n'}
[6.882307] (turtlebot3_gazebo) StdoutLine: {'line': b'-- Installing: /home/me597/ros2/sim_ws/install/turtlebot3_gazebo/share/turtlebot3_gazebo//maps/map.yaml\n'}
[6.882679] (turtlebot3_gazebo) StdoutLine: {'line': b'-- Installing: /home/me597/ros2/sim_ws/install/turtlebot3_gazebo/share/turtlebot3_gazebo//maps/map.pgm\n'}
[6.883493] (turtlebot3_gazebo) StdoutLine: {'line': b'-- Installing: /home/me597/ros2/sim_ws/install/turtlebot3_gazebo/share/turtlebot3_gazebo//params\n'}
[6.883601] (turtlebot3_gazebo) StdoutLine: {'line': b'-- Installing: /home/me597/ros2/sim_ws/install/turtlebot3_gazebo/share/turtlebot3_gazebo//params/map_server.yaml\n'}
[6.884303] (turtlebot3_gazebo) StdoutLine: {'line': b'-- Installing: /home/me597/ros2/sim_ws/install/turtlebot3_gazebo/share/turtlebot3_gazebo//params/amcl.yaml\n'}
[6.884725] (turtlebot3_gazebo) StdoutLine: {'line': b'-- Installing: /home/me597/ros2/sim_ws/install/turtlebot3_gazebo/share/turtlebot3_gazebo//params/mapper_params_online_async.yaml\n'}
[6.885258] (turtlebot3_gazebo) StdoutLine: {'line': b'-- Installing: /home/me597/ros2/sim_ws/install/turtlebot3_gazebo/lib/turtlebot3_gazebo/task1\n'}
[6.885452] (turtlebot3_gazebo) StdoutLine: {'line': b'-- Installing: /home/me597/ros2/sim_ws/install/turtlebot3_gazebo/lib/turtlebot3_gazebo/task2\n'}
[6.885516] (turtlebot3_gazebo) StdoutLine: {'line': b'-- Installing: /home/me597/ros2/sim_ws/install/turtlebot3_gazebo/lib/turtlebot3_gazebo/task3\n'}
[6.885662] (turtlebot3_gazebo) StdoutLine: {'line': b'-- Installing: /home/me597/ros2/sim_ws/install/turtlebot3_gazebo/lib/turtlebot3_gazebo/spawn_objects\n'}
[6.885895] (turtlebot3_gazebo) StdoutLine: {'line': b'-- Installing: /home/me597/ros2/sim_ws/install/turtlebot3_gazebo/lib/turtlebot3_gazebo/task2_bonus\n'}
[6.886084] (turtlebot3_gazebo) StdoutLine: {'line': b'-- Installing: /home/me597/ros2/sim_ws/install/turtlebot3_gazebo/lib/turtlebot3_gazebo/static_obstacles\n'}
[6.886151] (turtlebot3_gazebo) StdoutLine: {'line': b'-- Installing: /home/me597/ros2/sim_ws/install/turtlebot3_gazebo/share/ament_index/resource_index/package_run_dependencies/turtlebot3_gazebo\n'}
[6.886312] (turtlebot3_gazebo) StdoutLine: {'line': b'-- Installing: /home/me597/ros2/sim_ws/install/turtlebot3_gazebo/share/ament_index/resource_index/parent_prefix_path/turtlebot3_gazebo\n'}
[6.886477] (turtlebot3_gazebo) StdoutLine: {'line': b'-- Installing: /home/me597/ros2/sim_ws/install/turtlebot3_gazebo/share/turtlebot3_gazebo/environment/ament_prefix_path.sh\n'}
[6.888502] (turtlebot3_gazebo) StdoutLine: {'line': b'-- Installing: /home/me597/ros2/sim_ws/install/turtlebot3_gazebo/share/turtlebot3_gazebo/environment/ament_prefix_path.dsv\n'}
[6.888600] (turtlebot3_gazebo) StdoutLine: {'line': b'-- Installing: /home/me597/ros2/sim_ws/install/turtlebot3_gazebo/share/turtlebot3_gazebo/environment/path.sh\n'}
[6.888633] (turtlebot3_gazebo) StdoutLine: {'line': b'-- Installing: /home/me597/ros2/sim_ws/install/turtlebot3_gazebo/share/turtlebot3_gazebo/environment/path.dsv\n'}
[6.888662] (turtlebot3_gazebo) StdoutLine: {'line': b'-- Installing: /home/me597/ros2/sim_ws/install/turtlebot3_gazebo/share/turtlebot3_gazebo/local_setup.bash\n'}
[6.888688] (turtlebot3_gazebo) StdoutLine: {'line': b'-- Installing: /home/me597/ros2/sim_ws/install/turtlebot3_gazebo/share/turtlebot3_gazebo/local_setup.sh\n'}
[6.888714] (turtlebot3_gazebo) StdoutLine: {'line': b'-- Installing: /home/me597/ros2/sim_ws/install/turtlebot3_gazebo/share/turtlebot3_gazebo/local_setup.zsh\n'}
[6.888739] (turtlebot3_gazebo) StdoutLine: {'line': b'-- Installing: /home/me597/ros2/sim_ws/install/turtlebot3_gazebo/share/turtlebot3_gazebo/local_setup.dsv\n'}
[6.888764] (turtlebot3_gazebo) StdoutLine: {'line': b'-- Installing: /home/me597/ros2/sim_ws/install/turtlebot3_gazebo/share/turtlebot3_gazebo/package.dsv\n'}
[6.888789] (turtlebot3_gazebo) StdoutLine: {'line': b'-- Installing: /home/me597/ros2/sim_ws/install/turtlebot3_gazebo/share/ament_index/resource_index/packages/turtlebot3_gazebo\n'}
[6.888815] (turtlebot3_gazebo) StdoutLine: {'line': b'-- Installing: /home/me597/ros2/sim_ws/install/turtlebot3_gazebo/share/turtlebot3_gazebo/cmake/ament_cmake_export_include_directories-extras.cmake\n'}
[6.888842] (turtlebot3_gazebo) StdoutLine: {'line': b'-- Installing: /home/me597/ros2/sim_ws/install/turtlebot3_gazebo/share/turtlebot3_gazebo/cmake/ament_cmake_export_dependencies-extras.cmake\n'}
[6.888892] (turtlebot3_gazebo) StdoutLine: {'line': b'-- Installing: /home/me597/ros2/sim_ws/install/turtlebot3_gazebo/share/turtlebot3_gazebo/cmake/turtlebot3_gazeboConfig.cmake\n'}
[6.888918] (turtlebot3_gazebo) StdoutLine: {'line': b'-- Installing: /home/me597/ros2/sim_ws/install/turtlebot3_gazebo/share/turtlebot3_gazebo/cmake/turtlebot3_gazeboConfig-version.cmake\n'}
[6.888943] (turtlebot3_gazebo) StdoutLine: {'line': b'-- Installing: /home/me597/ros2/sim_ws/install/turtlebot3_gazebo/share/turtlebot3_gazebo/package.xml\n'}
[6.890640] (turtlebot3_gazebo) CommandEnded: {'returncode': 0}
[6.939372] (-) TimerEvent: {}
[6.963581] (turtlebot3_gazebo) JobEnded: {'identifier': 'turtlebot3_gazebo', 'rc': 0}
[6.965002] (-) EventReactorShutdown: {}
