[0.000000] (-) TimerEvent: {}
[0.000221] (my_package) JobQueued: {'identifier': 'my_package', 'dependencies': OrderedDict()}
[0.000513] (py_pubsub) JobQueued: {'identifier': 'py_pubsub', 'dependencies': OrderedDict()}
[0.000544] (sim_utils) JobQueued: {'identifier': 'sim_utils', 'dependencies': OrderedDict()}
[0.000553] (task_1) JobQueued: {'identifier': 'task_1', 'dependencies': OrderedDict()}
[0.000561] (task_2_interfaces) JobQueued: {'identifier': 'task_2_interfaces', 'dependencies': OrderedDict()}
[0.000569] (turtlebot3_gazebo) JobQueued: {'identifier': 'turtlebot3_gazebo', 'dependencies': OrderedDict()}
[0.000576] (task_2) JobQueued: {'identifier': 'task_2', 'dependencies': OrderedDict([('task_2_interfaces', '/home/me597/ros2/sim_ws/install/task_2_interfaces')])}
[0.000585] (task_2_interfaces) JobStarted: {'identifier': 'task_2_interfaces'}
[0.004705] (my_package) JobStarted: {'identifier': 'my_package'}
[0.009998] (task_2_interfaces) JobProgress: {'identifier': 'task_2_interfaces', 'progress': 'cmake'}
[0.010578] (task_2_interfaces) Command: {'cmd': ['/usr/bin/cmake', '/home/me597/ros2/sim_ws/src/ME597/task_2_interfaces', '-DAMENT_CMAKE_SYMLINK_INSTALL=1', '-DCMAKE_INSTALL_PREFIX=/home/me597/ros2/sim_ws/install/task_2_interfaces'], 'cwd': '/home/me597/ros2/sim_ws/build/task_2_interfaces', 'env': OrderedDict([('GJS_DEBUG_TOPICS', 'JS ERROR;JS LOG'), ('LESSOPEN', '| /usr/bin/lesspipe %s'), ('USER', 'me597'), ('GIO_MODULE_DIR', '/home/me597/snap/code/common/.cache/gio-modules'), ('XDG_SESSION_TYPE', 'wayland'), ('GIT_ASKPASS', '/snap/code/167/usr/share/code/resources/app/extensions/git/dist/askpass.sh'), ('GTK_EXE_PREFIX_VSCODE_SNAP_ORIG', ''), ('GDK_BACKEND_VSCODE_SNAP_ORIG', ''), ('SHLVL', '1'), ('LD_LIBRARY_PATH', '/usr/lib/x86_64-linux-gnu/gazebo-11/plugins:/opt/ros/humble/opt/rviz_ogre_vendor/lib:/opt/ros/humble/lib/x86_64-linux-gnu:/opt/ros/humble/lib'), ('HOME', '/home/me597'), ('CHROME_DESKTOP', 'code-url-handler.desktop'), ('LOCPATH_VSCODE_SNAP_ORIG', ''), ('TERM_PROGRAM_VERSION', '1.92.2'), ('DESKTOP_SESSION', 'ubuntu'), ('GTK_PATH', '/snap/code/167/usr/lib/x86_64-linux-gnu/gtk-3.0'), ('GTK_IM_MODULE_FILE', '/home/me597/snap/code/common/.cache/immodules/immodules.cache'), ('GIO_LAUNCHED_DESKTOP_FILE', '/var/lib/snapd/desktop/applications/code_code.desktop'), ('ROS_PYTHON_VERSION', '3'), ('GNOME_SHELL_SESSION_MODE', 'ubuntu'), ('GTK_MODULES', 'gail:atk-bridge'), ('GSETTINGS_SCHEMA_DIR_VSCODE_SNAP_ORIG', ''), ('VSCODE_GIT_ASKPASS_MAIN', '/snap/code/167/usr/share/code/resources/app/extensions/git/dist/askpass-main.js'), ('VSCODE_GIT_ASKPASS_NODE', '/snap/code/167/usr/share/code/code'), ('MANAGERPID', '1433'), ('PYDEVD_DISABLE_FILE_VALIDATION', '1'), ('SYSTEMD_EXEC_PID', '1589'), ('BUNDLED_DEBUGPY_PATH', '/home/me597/.vscode/extensions/ms-python.debugpy-2026.6.0-linux-x64/bundled/libs/debugpy'), ('IM_CONFIG_CHECK_ENV', '1'), ('DBUS_SESSION_BUS_ADDRESS', 'unix:path=/run/user/1000/bus'), ('COLORTERM', 'truecolor'), ('GIO_LAUNCHED_DESKTOP_FILE_PID', '26594'), ('IM_CONFIG_PHASE', '1'), ('WAYLAND_DISPLAY', 'wayland-0'), ('ROS_DISTRO', 'humble'), ('LOGNAME', 'me597'), ('JOURNAL_STREAM', '8:24741'), ('_', '/usr/bin/colcon'), ('ROS_VERSION', '2'), ('XDG_CONFIG_DIRS_VSCODE_SNAP_ORIG', '/etc/xdg/xdg-ubuntu:/etc/xdg'), ('XDG_SESSION_CLASS', 'user'), ('XDG_DATA_DIRS_VSCODE_SNAP_ORIG', '/usr/share/ubuntu:/usr/local/share/:/usr/share/:/var/lib/snapd/desktop'), ('USERNAME', 'me597'), ('TERM', 'xterm-256color'), ('GNOME_DESKTOP_SESSION_ID', 'this-is-deprecated'), ('ROS_LOCALHOST_ONLY', '1'), ('PATH', '/opt/ros/humble/bin:/usr/local/sbin:/usr/local/bin:/usr/sbin:/usr/bin:/sbin:/bin:/usr/games:/usr/local/games:/snap/bin:/snap/bin:/home/me597/.vscode/extensions/ms-python.debugpy-2026.6.0-linux-x64/bundled/scripts/noConfigScripts'), ('SESSION_MANAGER', 'local/me597:@/tmp/.ICE-unix/1557,unix/me597:/tmp/.ICE-unix/1557'), ('GTK_EXE_PREFIX', '/snap/code/167/usr'), ('INVOCATION_ID', '7cfc1821308f441bbaf5abc93b853ff0'), ('XDG_MENU_PREFIX', 'gnome-'), ('GNOME_SETUP_DISPLAY', ':1'), ('XDG_RUNTIME_DIR', '/run/user/1000'), ('GDK_BACKEND', 'x11'), ('DISPLAY', ':0'), ('LOCPATH', '/snap/code/167/usr/lib/locale'), ('VSCODE_DEBUGPY_ADAPTER_ENDPOINTS', '/home/me597/.vscode/extensions/ms-python.debugpy-2026.6.0-linux-x64/.noConfigDebugAdapterEndpoints/endpoint-a2bb43af5ae14731.txt'), ('LANG', 'en_US.UTF-8'), ('XDG_CURRENT_DESKTOP', 'Unity'), ('GIO_MODULE_DIR_VSCODE_SNAP_ORIG', ''), ('XMODIFIERS', '@im=ibus'), ('XDG_SESSION_DESKTOP', 'ubuntu'), ('XAUTHORITY', '/run/user/1000/.mutter-Xwaylandauth.M84UV3'), ('LS_COLORS', 'rs=0:di=01;34:ln=01;36:mh=00:pi=40;33:so=01;35:do=01;35:bd=40;33;01:cd=40;33;01:or=40;31;01:mi=00:su=37;41:sg=30;43:ca=30;41:tw=30;42:ow=34;42:st=37;44:ex=01;32:*.tar=01;31:*.tgz=01;31:*.arc=01;31:*.arj=01;31:*.taz=01;31:*.lha=01;31:*.lz4=01;31:*.lzh=01;31:*.lzma=01;31:*.tlz=01;31:*.txz=01;31:*.tzo=01;31:*.t7z=01;31:*.zip=01;31:*.z=01;31:*.dz=01;31:*.gz=01;31:*.lrz=01;31:*.lz=01;31:*.lzo=01;31:*.xz=01;31:*.zst=01;31:*.tzst=01;31:*.bz2=01;31:*.bz=01;31:*.tbz=01;31:*.tbz2=01;31:*.tz=01;31:*.deb=01;31:*.rpm=01;31:*.jar=01;31:*.war=01;31:*.ear=01;31:*.sar=01;31:*.rar=01;31:*.alz=01;31:*.ace=01;31:*.zoo=01;31:*.cpio=01;31:*.7z=01;31:*.rz=01;31:*.cab=01;31:*.wim=01;31:*.swm=01;31:*.dwm=01;31:*.esd=01;31:*.jpg=01;35:*.jpeg=01;35:*.mjpg=01;35:*.mjpeg=01;35:*.gif=01;35:*.bmp=01;35:*.pbm=01;35:*.pgm=01;35:*.ppm=01;35:*.tga=01;35:*.xbm=01;35:*.xpm=01;35:*.tif=01;35:*.tiff=01;35:*.png=01;35:*.svg=01;35:*.svgz=01;35:*.mng=01;35:*.pcx=01;35:*.mov=01;35:*.mpg=01;35:*.mpeg=01;35:*.m2v=01;35:*.mkv=01;35:*.webm=01;35:*.webp=01;35:*.ogm=01;35:*.mp4=01;35:*.m4v=01;35:*.mp4v=01;35:*.vob=01;35:*.qt=01;35:*.nuv=01;35:*.wmv=01;35:*.asf=01;35:*.rm=01;35:*.rmvb=01;35:*.flc=01;35:*.avi=01;35:*.fli=01;35:*.flv=01;35:*.gl=01;35:*.dl=01;35:*.xcf=01;35:*.xwd=01;35:*.yuv=01;35:*.cgm=01;35:*.emf=01;35:*.ogv=01;35:*.ogx=01;35:*.aac=00;36:*.au=00;36:*.flac=00;36:*.m4a=00;36:*.mid=00;36:*.midi=00;36:*.mka=00;36:*.mp3=00;36:*.mpc=00;36:*.ogg=00;36:*.ra=00;36:*.wav=00;36:*.oga=00;36:*.opus=00;36:*.spx=00;36:*.xspf=00;36:'), ('VSCODE_GIT_IPC_HANDLE', '/run/user/1000/vscode-git-5342160831.sock'), ('TERM_PROGRAM', 'vscode'), ('SSH_AGENT_LAUNCHER', 'gnome-keyring'), ('SSH_AUTH_SOCK', '/run/user/1000/keyring/ssh'), ('GSETTINGS_SCHEMA_DIR', '/home/me597/snap/code/167/.local/share/glib-2.0/schemas'), ('ROS_DOMAIN_ID', '06'), ('AMENT_PREFIX_PATH', '/opt/ros/humble'), ('ORIGINAL_XDG_CURRENT_DESKTOP', 'ubuntu:GNOME'), ('SHELL', '/bin/bash'), ('QT_ACCESSIBILITY', '1'), ('GDMSESSION', 'ubuntu'), ('LESSCLOSE', '/usr/bin/lesspipe %s %s'), ('GTK_PATH_VSCODE_SNAP_ORIG', ''), ('GTK_IM_MODULE_FILE_VSCODE_SNAP_ORIG', ''), ('GJS_DEBUG_OUTPUT', 'stderr'), ('VSCODE_GIT_ASKPASS_EXTRA_ARGS', ''), ('QT_IM_MODULE', 'ibus'), ('PWD', '/home/me597/ros2/sim_ws/build/task_2_interfaces'), ('TURTLEBOT3_MODEL', 'waffle'), ('LC_ALL', 'en_US.UTF-8'), ('XDG_CONFIG_DIRS', '/etc/xdg/xdg-ubuntu:/etc/xdg'), ('XDG_DATA_DIRS', '/home/me597/snap/code/167/.local/share:/home/me597/snap/code/167:/snap/code/167/usr/share:/usr/share/ubuntu:/usr/local/share/:/usr/share/:/var/lib/snapd/desktop'), ('PYTHONPATH', '/opt/ros/humble/lib/python3.10/site-packages:/opt/ros/humble/local/lib/python3.10/dist-packages'), ('COLCON', '1'), ('CMAKE_PREFIX_PATH', '/opt/ros/humble')]), 'shell': False}
[0.027782] (task_2_interfaces) StdoutLine: {'line': b'-- Found ament_cmake: 1.3.10 (/opt/ros/humble/share/ament_cmake/cmake)\n'}
[0.106417] (-) TimerEvent: {}
[0.140361] (task_2_interfaces) StdoutLine: {'line': b'-- Override CMake install command with custom implementation using symlinks instead of copying resources\n'}
[0.141764] (task_2_interfaces) StdoutLine: {'line': b'-- Found geometry_msgs: 4.2.4 (/opt/ros/humble/share/geometry_msgs/cmake)\n'}
[0.157449] (task_2_interfaces) StdoutLine: {'line': b'-- Found rosidl_generator_c: 3.1.5 (/opt/ros/humble/share/rosidl_generator_c/cmake)\n'}
[0.159378] (task_2_interfaces) StdoutLine: {'line': b'-- Found rosidl_adapter: 3.1.5 (/opt/ros/humble/share/rosidl_adapter/cmake)\n'}
[0.163159] (task_2_interfaces) StdoutLine: {'line': b'-- Found rosidl_generator_cpp: 3.1.5 (/opt/ros/humble/share/rosidl_generator_cpp/cmake)\n'}
[0.170186] (task_2_interfaces) StdoutLine: {'line': b'-- Using all available rosidl_typesupport_c: rosidl_typesupport_fastrtps_c;rosidl_typesupport_introspection_c\n'}
[0.177547] (task_2_interfaces) StdoutLine: {'line': b'-- Using all available rosidl_typesupport_cpp: rosidl_typesupport_fastrtps_cpp;rosidl_typesupport_introspection_cpp\n'}
[0.201223] (task_2_interfaces) StdoutLine: {'line': b'-- Found rosidl_default_generators: 1.2.0 (/opt/ros/humble/share/rosidl_default_generators/cmake)\n'}
[0.211761] (-) TimerEvent: {}
[0.324491] (-) TimerEvent: {}
[0.436027] (-) TimerEvent: {}
[0.545898] (-) TimerEvent: {}
[0.546312] (task_2_interfaces) StdoutLine: {'line': b'-- Found ament_cmake_ros: 0.10.0 (/opt/ros/humble/share/ament_cmake_ros/cmake)\n'}
[0.633708] (my_package) Command: {'cmd': ['/usr/bin/python3', '-W', 'ignore:setup.py install is deprecated', 'setup.py', 'develop', '--editable', '--build-directory', '/home/me597/ros2/sim_ws/build/my_package/build', '--no-deps', 'symlink_data', '--force'], 'cwd': '/home/me597/ros2/sim_ws/build/my_package', 'env': {'GJS_DEBUG_TOPICS': 'JS ERROR;JS LOG', 'LESSOPEN': '| /usr/bin/lesspipe %s', 'USER': 'me597', 'GIO_MODULE_DIR': '/home/me597/snap/code/common/.cache/gio-modules', 'XDG_SESSION_TYPE': 'wayland', 'GIT_ASKPASS': '/snap/code/167/usr/share/code/resources/app/extensions/git/dist/askpass.sh', 'GTK_EXE_PREFIX_VSCODE_SNAP_ORIG': '', 'GDK_BACKEND_VSCODE_SNAP_ORIG': '', 'SHLVL': '1', 'LD_LIBRARY_PATH': '/usr/lib/x86_64-linux-gnu/gazebo-11/plugins:/opt/ros/humble/opt/rviz_ogre_vendor/lib:/opt/ros/humble/lib/x86_64-linux-gnu:/opt/ros/humble/lib', 'HOME': '/home/me597', 'CHROME_DESKTOP': 'code-url-handler.desktop', 'LOCPATH_VSCODE_SNAP_ORIG': '', 'TERM_PROGRAM_VERSION': '1.92.2', 'DESKTOP_SESSION': 'ubuntu', 'GTK_PATH': '/snap/code/167/usr/lib/x86_64-linux-gnu/gtk-3.0', 'GTK_IM_MODULE_FILE': '/home/me597/snap/code/common/.cache/immodules/immodules.cache', 'GIO_LAUNCHED_DESKTOP_FILE': '/var/lib/snapd/desktop/applications/code_code.desktop', 'ROS_PYTHON_VERSION': '3', 'GNOME_SHELL_SESSION_MODE': 'ubuntu', 'GTK_MODULES': 'gail:atk-bridge', 'GSETTINGS_SCHEMA_DIR_VSCODE_SNAP_ORIG': '', 'VSCODE_GIT_ASKPASS_MAIN': '/snap/code/167/usr/share/code/resources/app/extensions/git/dist/askpass-main.js', 'VSCODE_GIT_ASKPASS_NODE': '/snap/code/167/usr/share/code/code', 'MANAGERPID': '1433', 'PYDEVD_DISABLE_FILE_VALIDATION': '1', 'SYSTEMD_EXEC_PID': '1589', 'BUNDLED_DEBUGPY_PATH': '/home/me597/.vscode/extensions/ms-python.debugpy-2026.6.0-linux-x64/bundled/libs/debugpy', 'IM_CONFIG_CHECK_ENV': '1', 'DBUS_SESSION_BUS_ADDRESS': 'unix:path=/run/user/1000/bus', 'COLORTERM': 'truecolor', 'GIO_LAUNCHED_DESKTOP_FILE_PID': '26594', 'IM_CONFIG_PHASE': '1', 'WAYLAND_DISPLAY': 'wayland-0', 'ROS_DISTRO': 'humble', 'LOGNAME': 'me597', 'JOURNAL_STREAM': '8:24741', '_': '/usr/bin/colcon', 'ROS_VERSION': '2', 'XDG_CONFIG_DIRS_VSCODE_SNAP_ORIG': '/etc/xdg/xdg-ubuntu:/etc/xdg', 'XDG_SESSION_CLASS': 'user', 'XDG_DATA_DIRS_VSCODE_SNAP_ORIG': '/usr/share/ubuntu:/usr/local/share/:/usr/share/:/var/lib/snapd/desktop', 'USERNAME': 'me597', 'TERM': 'xterm-256color', 'GNOME_DESKTOP_SESSION_ID': 'this-is-deprecated', 'ROS_LOCALHOST_ONLY': '1', 'PATH': '/opt/ros/humble/bin:/usr/local/sbin:/usr/local/bin:/usr/sbin:/usr/bin:/sbin:/bin:/usr/games:/usr/local/games:/snap/bin:/snap/bin:/home/me597/.vscode/extensions/ms-python.debugpy-2026.6.0-linux-x64/bundled/scripts/noConfigScripts', 'SESSION_MANAGER': 'local/me597:@/tmp/.ICE-unix/1557,unix/me597:/tmp/.ICE-unix/1557', 'GTK_EXE_PREFIX': '/snap/code/167/usr', 'INVOCATION_ID': '7cfc1821308f441bbaf5abc93b853ff0', 'XDG_MENU_PREFIX': 'gnome-', 'GNOME_SETUP_DISPLAY': ':1', 'XDG_RUNTIME_DIR': '/run/user/1000', 'GDK_BACKEND': 'x11', 'DISPLAY': ':0', 'LOCPATH': '/snap/code/167/usr/lib/locale', 'VSCODE_DEBUGPY_ADAPTER_ENDPOINTS': '/home/me597/.vscode/extensions/ms-python.debugpy-2026.6.0-linux-x64/.noConfigDebugAdapterEndpoints/endpoint-a2bb43af5ae14731.txt', 'LANG': 'en_US.UTF-8', 'XDG_CURRENT_DESKTOP': 'Unity', 'GIO_MODULE_DIR_VSCODE_SNAP_ORIG': '', 'XMODIFIERS': '@im=ibus', 'XDG_SESSION_DESKTOP': 'ubuntu', 'XAUTHORITY': '/run/user/1000/.mutter-Xwaylandauth.M84UV3', 'LS_COLORS': 'rs=0:di=01;34:ln=01;36:mh=00:pi=40;33:so=01;35:do=01;35:bd=40;33;01:cd=40;33;01:or=40;31;01:mi=00:su=37;41:sg=30;43:ca=30;41:tw=30;42:ow=34;42:st=37;44:ex=01;32:*.tar=01;31:*.tgz=01;31:*.arc=01;31:*.arj=01;31:*.taz=01;31:*.lha=01;31:*.lz4=01;31:*.lzh=01;31:*.lzma=01;31:*.tlz=01;31:*.txz=01;31:*.tzo=01;31:*.t7z=01;31:*.zip=01;31:*.z=01;31:*.dz=01;31:*.gz=01;31:*.lrz=01;31:*.lz=01;31:*.lzo=01;31:*.xz=01;31:*.zst=01;31:*.tzst=01;31:*.bz2=01;31:*.bz=01;31:*.tbz=01;31:*.tbz2=01;31:*.tz=01;31:*.deb=01;31:*.rpm=01;31:*.jar=01;31:*.war=01;31:*.ear=01;31:*.sar=01;31:*.rar=01;31:*.alz=01;31:*.ace=01;31:*.zoo=01;31:*.cpio=01;31:*.7z=01;31:*.rz=01;31:*.cab=01;31:*.wim=01;31:*.swm=01;31:*.dwm=01;31:*.esd=01;31:*.jpg=01;35:*.jpeg=01;35:*.mjpg=01;35:*.mjpeg=01;35:*.gif=01;35:*.bmp=01;35:*.pbm=01;35:*.pgm=01;35:*.ppm=01;35:*.tga=01;35:*.xbm=01;35:*.xpm=01;35:*.tif=01;35:*.tiff=01;35:*.png=01;35:*.svg=01;35:*.svgz=01;35:*.mng=01;35:*.pcx=01;35:*.mov=01;35:*.mpg=01;35:*.mpeg=01;35:*.m2v=01;35:*.mkv=01;35:*.webm=01;35:*.webp=01;35:*.ogm=01;35:*.mp4=01;35:*.m4v=01;35:*.mp4v=01;35:*.vob=01;35:*.qt=01;35:*.nuv=01;35:*.wmv=01;35:*.asf=01;35:*.rm=01;35:*.rmvb=01;35:*.flc=01;35:*.avi=01;35:*.fli=01;35:*.flv=01;35:*.gl=01;35:*.dl=01;35:*.xcf=01;35:*.xwd=01;35:*.yuv=01;35:*.cgm=01;35:*.emf=01;35:*.ogv=01;35:*.ogx=01;35:*.aac=00;36:*.au=00;36:*.flac=00;36:*.m4a=00;36:*.mid=00;36:*.midi=00;36:*.mka=00;36:*.mp3=00;36:*.mpc=00;36:*.ogg=00;36:*.ra=00;36:*.wav=00;36:*.oga=00;36:*.opus=00;36:*.spx=00;36:*.xspf=00;36:', 'VSCODE_GIT_IPC_HANDLE': '/run/user/1000/vscode-git-5342160831.sock', 'TERM_PROGRAM': 'vscode', 'SSH_AGENT_LAUNCHER': 'gnome-keyring', 'SSH_AUTH_SOCK': '/run/user/1000/keyring/ssh', 'GSETTINGS_SCHEMA_DIR': '/home/me597/snap/code/167/.local/share/glib-2.0/schemas', 'ROS_DOMAIN_ID': '06', 'AMENT_PREFIX_PATH': '/opt/ros/humble', 'ORIGINAL_XDG_CURRENT_DESKTOP': 'ubuntu:GNOME', 'SHELL': '/bin/bash', 'QT_ACCESSIBILITY': '1', 'GDMSESSION': 'ubuntu', 'LESSCLOSE': '/usr/bin/lesspipe %s %s', 'GTK_PATH_VSCODE_SNAP_ORIG': '', 'GTK_IM_MODULE_FILE_VSCODE_SNAP_ORIG': '', 'GJS_DEBUG_OUTPUT': 'stderr', 'VSCODE_GIT_ASKPASS_EXTRA_ARGS': '', 'QT_IM_MODULE': 'ibus', 'PWD': '/home/me597/ros2/sim_ws/build/my_package', 'TURTLEBOT3_MODEL': 'waffle', 'LC_ALL': 'en_US.UTF-8', 'XDG_CONFIG_DIRS': '/etc/xdg/xdg-ubuntu:/etc/xdg', 'XDG_DATA_DIRS': '/home/me597/snap/code/167/.local/share:/home/me597/snap/code/167:/snap/code/167/usr/share:/usr/share/ubuntu:/usr/local/share/:/usr/share/:/var/lib/snapd/desktop', 'PYTHONPATH': '/home/me597/ros2/sim_ws/build/my_package/prefix_override:/usr/lib/python3/dist-packages/colcon_core/task/python/colcon_distutils_commands:/home/me597/ros2/sim_ws/install/my_package/lib/python3.10/site-packages:/opt/ros/humble/lib/python3.10/site-packages:/opt/ros/humble/local/lib/python3.10/dist-packages', 'COLCON': '1'}, 'shell': False}
[0.655322] (-) TimerEvent: {}
[0.758352] (-) TimerEvent: {}
[0.833192] (my_package) StdoutLine: {'line': b'running develop\n'}
[0.833625] (my_package) StderrLine: {'line': b'/usr/lib/python3/dist-packages/setuptools/command/easy_install.py:158: EasyInstallDeprecationWarning: easy_install command is deprecated. Use build and pip and other standards-based tools.\n'}
[0.834128] (my_package) StderrLine: {'line': b'  warnings.warn(\n'}
[0.859478] (-) TimerEvent: {}
[0.930740] (my_package) StdoutLine: {'line': b'running egg_info\n'}
[0.931177] (my_package) StdoutLine: {'line': b'writing my_package.egg-info/PKG-INFO\n'}
[0.931376] (my_package) StdoutLine: {'line': b'writing dependency_links to my_package.egg-info/dependency_links.txt\n'}
[0.931514] (my_package) StdoutLine: {'line': b'writing entry points to my_package.egg-info/entry_points.txt\n'}
[0.931697] (my_package) StdoutLine: {'line': b'writing requirements to my_package.egg-info/requires.txt\n'}
[0.931861] (my_package) StdoutLine: {'line': b'writing top-level names to my_package.egg-info/top_level.txt\n'}
[0.933735] (my_package) StdoutLine: {'line': b"reading manifest file 'my_package.egg-info/SOURCES.txt'\n"}
[0.934038] (my_package) StdoutLine: {'line': b"writing manifest file 'my_package.egg-info/SOURCES.txt'\n"}
[0.934533] (my_package) StdoutLine: {'line': b'running build_ext\n'}
[0.934901] (my_package) StdoutLine: {'line': b'Creating /home/me597/ros2/sim_ws/install/my_package/lib/python3.10/site-packages/my-package.egg-link (link to .)\n'}
[0.935227] (my_package) StdoutLine: {'line': b'Installing my_node script to /home/me597/ros2/sim_ws/install/my_package/lib/my_package\n'}
[0.935642] (my_package) StdoutLine: {'line': b'\n'}
[0.935738] (my_package) StdoutLine: {'line': b'Installed /home/me597/ros2/sim_ws/build/my_package\n'}
[0.935825] (my_package) StdoutLine: {'line': b'running symlink_data\n'}
[0.936388] (my_package) StdoutLine: {'line': b'symbolically linking /home/me597/ros2/sim_ws/build/my_package/resource/my_package -> /home/me597/ros2/sim_ws/install/my_package/share/ament_index/resource_index/packages\n'}
[0.936437] (my_package) StdoutLine: {'line': b'symbolically linking /home/me597/ros2/sim_ws/build/my_package/package.xml -> /home/me597/ros2/sim_ws/install/my_package/share/my_package\n'}
[0.952213] (my_package) CommandEnded: {'returncode': 0}
[0.960218] (my_package) JobEnded: {'identifier': 'my_package', 'rc': 0}
[0.963906] (-) TimerEvent: {}
[0.964160] (py_pubsub) JobStarted: {'identifier': 'py_pubsub'}
[1.064177] (-) TimerEvent: {}
[1.144802] (task_2_interfaces) StdoutLine: {'line': b'-- Using all available rosidl_typesupport_c: rosidl_typesupport_fastrtps_c;rosidl_typesupport_introspection_c\n'}
[1.170942] (-) TimerEvent: {}
[1.274600] (-) TimerEvent: {}
[1.323017] (task_2_interfaces) StdoutLine: {'line': b'-- Using all available rosidl_typesupport_cpp: rosidl_typesupport_fastrtps_cpp;rosidl_typesupport_introspection_cpp\n'}
[1.343313] (task_2_interfaces) StdoutLine: {'line': b'-- Found python_cmake_module: 0.10.0 (/opt/ros/humble/share/python_cmake_module/cmake)\n'}
[1.366469] (task_2_interfaces) StdoutLine: {'line': b'-- Using PYTHON_EXECUTABLE: /usr/bin/python3\n'}
[1.366910] (task_2_interfaces) StdoutLine: {'line': b'-- Using PYTHON_INCLUDE_DIRS: /usr/include/python3.10\n'}
[1.367204] (task_2_interfaces) StdoutLine: {'line': b'-- Using PYTHON_LIBRARIES: /usr/lib/x86_64-linux-gnu/libpython3.10.so\n'}
[1.376299] (-) TimerEvent: {}
[1.432635] (task_2_interfaces) StdoutLine: {'line': b'-- Found ament_lint_auto: 0.12.11 (/opt/ros/humble/share/ament_lint_auto/cmake)\n'}
[1.443828] (task_2_interfaces) StdoutLine: {'line': b"-- Added test 'lint_cmake' to check CMake code style\n"}
[1.445931] (task_2_interfaces) StdoutLine: {'line': b"-- Added test 'xmllint' to check XML markup files\n"}
[1.452341] (task_2_interfaces) StdoutLine: {'line': b'-- Configuring done\n'}
[1.479092] (-) TimerEvent: {}
[1.515803] (py_pubsub) Command: {'cmd': ['/usr/bin/python3', '-W', 'ignore:setup.py install is deprecated', 'setup.py', 'develop', '--editable', '--build-directory', '/home/me597/ros2/sim_ws/build/py_pubsub/build', '--no-deps', 'symlink_data', '--force'], 'cwd': '/home/me597/ros2/sim_ws/build/py_pubsub', 'env': {'GJS_DEBUG_TOPICS': 'JS ERROR;JS LOG', 'LESSOPEN': '| /usr/bin/lesspipe %s', 'USER': 'me597', 'GIO_MODULE_DIR': '/home/me597/snap/code/common/.cache/gio-modules', 'XDG_SESSION_TYPE': 'wayland', 'GIT_ASKPASS': '/snap/code/167/usr/share/code/resources/app/extensions/git/dist/askpass.sh', 'GTK_EXE_PREFIX_VSCODE_SNAP_ORIG': '', 'GDK_BACKEND_VSCODE_SNAP_ORIG': '', 'SHLVL': '1', 'LD_LIBRARY_PATH': '/usr/lib/x86_64-linux-gnu/gazebo-11/plugins:/opt/ros/humble/opt/rviz_ogre_vendor/lib:/opt/ros/humble/lib/x86_64-linux-gnu:/opt/ros/humble/lib', 'HOME': '/home/me597', 'CHROME_DESKTOP': 'code-url-handler.desktop', 'LOCPATH_VSCODE_SNAP_ORIG': '', 'TERM_PROGRAM_VERSION': '1.92.2', 'DESKTOP_SESSION': 'ubuntu', 'GTK_PATH': '/snap/code/167/usr/lib/x86_64-linux-gnu/gtk-3.0', 'GTK_IM_MODULE_FILE': '/home/me597/snap/code/common/.cache/immodules/immodules.cache', 'GIO_LAUNCHED_DESKTOP_FILE': '/var/lib/snapd/desktop/applications/code_code.desktop', 'ROS_PYTHON_VERSION': '3', 'GNOME_SHELL_SESSION_MODE': 'ubuntu', 'GTK_MODULES': 'gail:atk-bridge', 'GSETTINGS_SCHEMA_DIR_VSCODE_SNAP_ORIG': '', 'VSCODE_GIT_ASKPASS_MAIN': '/snap/code/167/usr/share/code/resources/app/extensions/git/dist/askpass-main.js', 'VSCODE_GIT_ASKPASS_NODE': '/snap/code/167/usr/share/code/code', 'MANAGERPID': '1433', 'PYDEVD_DISABLE_FILE_VALIDATION': '1', 'SYSTEMD_EXEC_PID': '1589', 'BUNDLED_DEBUGPY_PATH': '/home/me597/.vscode/extensions/ms-python.debugpy-2026.6.0-linux-x64/bundled/libs/debugpy', 'IM_CONFIG_CHECK_ENV': '1', 'DBUS_SESSION_BUS_ADDRESS': 'unix:path=/run/user/1000/bus', 'COLORTERM': 'truecolor', 'GIO_LAUNCHED_DESKTOP_FILE_PID': '26594', 'IM_CONFIG_PHASE': '1', 'WAYLAND_DISPLAY': 'wayland-0', 'ROS_DISTRO': 'humble', 'LOGNAME': 'me597', 'JOURNAL_STREAM': '8:24741', '_': '/usr/bin/colcon', 'ROS_VERSION': '2', 'XDG_CONFIG_DIRS_VSCODE_SNAP_ORIG': '/etc/xdg/xdg-ubuntu:/etc/xdg', 'XDG_SESSION_CLASS': 'user', 'XDG_DATA_DIRS_VSCODE_SNAP_ORIG': '/usr/share/ubuntu:/usr/local/share/:/usr/share/:/var/lib/snapd/desktop', 'USERNAME': 'me597', 'TERM': 'xterm-256color', 'GNOME_DESKTOP_SESSION_ID': 'this-is-deprecated', 'ROS_LOCALHOST_ONLY': '1', 'PATH': '/opt/ros/humble/bin:/usr/local/sbin:/usr/local/bin:/usr/sbin:/usr/bin:/sbin:/bin:/usr/games:/usr/local/games:/snap/bin:/snap/bin:/home/me597/.vscode/extensions/ms-python.debugpy-2026.6.0-linux-x64/bundled/scripts/noConfigScripts', 'SESSION_MANAGER': 'local/me597:@/tmp/.ICE-unix/1557,unix/me597:/tmp/.ICE-unix/1557', 'GTK_EXE_PREFIX': '/snap/code/167/usr', 'INVOCATION_ID': '7cfc1821308f441bbaf5abc93b853ff0', 'XDG_MENU_PREFIX': 'gnome-', 'GNOME_SETUP_DISPLAY': ':1', 'XDG_RUNTIME_DIR': '/run/user/1000', 'GDK_BACKEND': 'x11', 'DISPLAY': ':0', 'LOCPATH': '/snap/code/167/usr/lib/locale', 'VSCODE_DEBUGPY_ADAPTER_ENDPOINTS': '/home/me597/.vscode/extensions/ms-python.debugpy-2026.6.0-linux-x64/.noConfigDebugAdapterEndpoints/endpoint-a2bb43af5ae14731.txt', 'LANG': 'en_US.UTF-8', 'XDG_CURRENT_DESKTOP': 'Unity', 'GIO_MODULE_DIR_VSCODE_SNAP_ORIG': '', 'XMODIFIERS': '@im=ibus', 'XDG_SESSION_DESKTOP': 'ubuntu', 'XAUTHORITY': '/run/user/1000/.mutter-Xwaylandauth.M84UV3', 'LS_COLORS': 'rs=0:di=01;34:ln=01;36:mh=00:pi=40;33:so=01;35:do=01;35:bd=40;33;01:cd=40;33;01:or=40;31;01:mi=00:su=37;41:sg=30;43:ca=30;41:tw=30;42:ow=34;42:st=37;44:ex=01;32:*.tar=01;31:*.tgz=01;31:*.arc=01;31:*.arj=01;31:*.taz=01;31:*.lha=01;31:*.lz4=01;31:*.lzh=01;31:*.lzma=01;31:*.tlz=01;31:*.txz=01;31:*.tzo=01;31:*.t7z=01;31:*.zip=01;31:*.z=01;31:*.dz=01;31:*.gz=01;31:*.lrz=01;31:*.lz=01;31:*.lzo=01;31:*.xz=01;31:*.zst=01;31:*.tzst=01;31:*.bz2=01;31:*.bz=01;31:*.tbz=01;31:*.tbz2=01;31:*.tz=01;31:*.deb=01;31:*.rpm=01;31:*.jar=01;31:*.war=01;31:*.ear=01;31:*.sar=01;31:*.rar=01;31:*.alz=01;31:*.ace=01;31:*.zoo=01;31:*.cpio=01;31:*.7z=01;31:*.rz=01;31:*.cab=01;31:*.wim=01;31:*.swm=01;31:*.dwm=01;31:*.esd=01;31:*.jpg=01;35:*.jpeg=01;35:*.mjpg=01;35:*.mjpeg=01;35:*.gif=01;35:*.bmp=01;35:*.pbm=01;35:*.pgm=01;35:*.ppm=01;35:*.tga=01;35:*.xbm=01;35:*.xpm=01;35:*.tif=01;35:*.tiff=01;35:*.png=01;35:*.svg=01;35:*.svgz=01;35:*.mng=01;35:*.pcx=01;35:*.mov=01;35:*.mpg=01;35:*.mpeg=01;35:*.m2v=01;35:*.mkv=01;35:*.webm=01;35:*.webp=01;35:*.ogm=01;35:*.mp4=01;35:*.m4v=01;35:*.mp4v=01;35:*.vob=01;35:*.qt=01;35:*.nuv=01;35:*.wmv=01;35:*.asf=01;35:*.rm=01;35:*.rmvb=01;35:*.flc=01;35:*.avi=01;35:*.fli=01;35:*.flv=01;35:*.gl=01;35:*.dl=01;35:*.xcf=01;35:*.xwd=01;35:*.yuv=01;35:*.cgm=01;35:*.emf=01;35:*.ogv=01;35:*.ogx=01;35:*.aac=00;36:*.au=00;36:*.flac=00;36:*.m4a=00;36:*.mid=00;36:*.midi=00;36:*.mka=00;36:*.mp3=00;36:*.mpc=00;36:*.ogg=00;36:*.ra=00;36:*.wav=00;36:*.oga=00;36:*.opus=00;36:*.spx=00;36:*.xspf=00;36:', 'VSCODE_GIT_IPC_HANDLE': '/run/user/1000/vscode-git-5342160831.sock', 'TERM_PROGRAM': 'vscode', 'SSH_AGENT_LAUNCHER': 'gnome-keyring', 'SSH_AUTH_SOCK': '/run/user/1000/keyring/ssh', 'GSETTINGS_SCHEMA_DIR': '/home/me597/snap/code/167/.local/share/glib-2.0/schemas', 'ROS_DOMAIN_ID': '06', 'AMENT_PREFIX_PATH': '/opt/ros/humble', 'ORIGINAL_XDG_CURRENT_DESKTOP': 'ubuntu:GNOME', 'SHELL': '/bin/bash', 'QT_ACCESSIBILITY': '1', 'GDMSESSION': 'ubuntu', 'LESSCLOSE': '/usr/bin/lesspipe %s %s', 'GTK_PATH_VSCODE_SNAP_ORIG': '', 'GTK_IM_MODULE_FILE_VSCODE_SNAP_ORIG': '', 'GJS_DEBUG_OUTPUT': 'stderr', 'VSCODE_GIT_ASKPASS_EXTRA_ARGS': '', 'QT_IM_MODULE': 'ibus', 'PWD': '/home/me597/ros2/sim_ws/build/py_pubsub', 'TURTLEBOT3_MODEL': 'waffle', 'LC_ALL': 'en_US.UTF-8', 'XDG_CONFIG_DIRS': '/etc/xdg/xdg-ubuntu:/etc/xdg', 'XDG_DATA_DIRS': '/home/me597/snap/code/167/.local/share:/home/me597/snap/code/167:/snap/code/167/usr/share:/usr/share/ubuntu:/usr/local/share/:/usr/share/:/var/lib/snapd/desktop', 'PYTHONPATH': '/home/me597/ros2/sim_ws/build/py_pubsub/prefix_override:/usr/lib/python3/dist-packages/colcon_core/task/python/colcon_distutils_commands:/home/me597/ros2/sim_ws/install/py_pubsub/lib/python3.10/site-packages:/opt/ros/humble/lib/python3.10/site-packages:/opt/ros/humble/local/lib/python3.10/dist-packages', 'COLCON': '1'}, 'shell': False}
[1.522779] (task_2_interfaces) StdoutLine: {'line': b'-- Generating done\n'}
[1.546701] (task_2_interfaces) StdoutLine: {'line': b'-- Build files have been written to: /home/me597/ros2/sim_ws/build/task_2_interfaces\n'}
[1.549165] (task_2_interfaces) CommandEnded: {'returncode': 0}
[1.560922] (task_2_interfaces) JobProgress: {'identifier': 'task_2_interfaces', 'progress': 'build'}
[1.561423] (task_2_interfaces) Command: {'cmd': ['/usr/bin/cmake', '--build', '/home/me597/ros2/sim_ws/build/task_2_interfaces', '--', '-j2', '-l2'], 'cwd': '/home/me597/ros2/sim_ws/build/task_2_interfaces', 'env': OrderedDict([('GJS_DEBUG_TOPICS', 'JS ERROR;JS LOG'), ('LESSOPEN', '| /usr/bin/lesspipe %s'), ('USER', 'me597'), ('GIO_MODULE_DIR', '/home/me597/snap/code/common/.cache/gio-modules'), ('XDG_SESSION_TYPE', 'wayland'), ('GIT_ASKPASS', '/snap/code/167/usr/share/code/resources/app/extensions/git/dist/askpass.sh'), ('GTK_EXE_PREFIX_VSCODE_SNAP_ORIG', ''), ('GDK_BACKEND_VSCODE_SNAP_ORIG', ''), ('SHLVL', '1'), ('LD_LIBRARY_PATH', '/usr/lib/x86_64-linux-gnu/gazebo-11/plugins:/opt/ros/humble/opt/rviz_ogre_vendor/lib:/opt/ros/humble/lib/x86_64-linux-gnu:/opt/ros/humble/lib'), ('HOME', '/home/me597'), ('CHROME_DESKTOP', 'code-url-handler.desktop'), ('LOCPATH_VSCODE_SNAP_ORIG', ''), ('TERM_PROGRAM_VERSION', '1.92.2'), ('DESKTOP_SESSION', 'ubuntu'), ('GTK_PATH', '/snap/code/167/usr/lib/x86_64-linux-gnu/gtk-3.0'), ('GTK_IM_MODULE_FILE', '/home/me597/snap/code/common/.cache/immodules/immodules.cache'), ('GIO_LAUNCHED_DESKTOP_FILE', '/var/lib/snapd/desktop/applications/code_code.desktop'), ('ROS_PYTHON_VERSION', '3'), ('GNOME_SHELL_SESSION_MODE', 'ubuntu'), ('GTK_MODULES', 'gail:atk-bridge'), ('GSETTINGS_SCHEMA_DIR_VSCODE_SNAP_ORIG', ''), ('VSCODE_GIT_ASKPASS_MAIN', '/snap/code/167/usr/share/code/resources/app/extensions/git/dist/askpass-main.js'), ('VSCODE_GIT_ASKPASS_NODE', '/snap/code/167/usr/share/code/code'), ('MANAGERPID', '1433'), ('PYDEVD_DISABLE_FILE_VALIDATION', '1'), ('SYSTEMD_EXEC_PID', '1589'), ('BUNDLED_DEBUGPY_PATH', '/home/me597/.vscode/extensions/ms-python.debugpy-2026.6.0-linux-x64/bundled/libs/debugpy'), ('IM_CONFIG_CHECK_ENV', '1'), ('DBUS_SESSION_BUS_ADDRESS', 'unix:path=/run/user/1000/bus'), ('COLORTERM', 'truecolor'), ('GIO_LAUNCHED_DESKTOP_FILE_PID', '26594'), ('IM_CONFIG_PHASE', '1'), ('WAYLAND_DISPLAY', 'wayland-0'), ('ROS_DISTRO', 'humble'), ('LOGNAME', 'me597'), ('JOURNAL_STREAM', '8:24741'), ('_', '/usr/bin/colcon'), ('ROS_VERSION', '2'), ('XDG_CONFIG_DIRS_VSCODE_SNAP_ORIG', '/etc/xdg/xdg-ubuntu:/etc/xdg'), ('XDG_SESSION_CLASS', 'user'), ('XDG_DATA_DIRS_VSCODE_SNAP_ORIG', '/usr/share/ubuntu:/usr/local/share/:/usr/share/:/var/lib/snapd/desktop'), ('USERNAME', 'me597'), ('TERM', 'xterm-256color'), ('GNOME_DESKTOP_SESSION_ID', 'this-is-deprecated'), ('ROS_LOCALHOST_ONLY', '1'), ('PATH', '/opt/ros/humble/bin:/usr/local/sbin:/usr/local/bin:/usr/sbin:/usr/bin:/sbin:/bin:/usr/games:/usr/local/games:/snap/bin:/snap/bin:/home/me597/.vscode/extensions/ms-python.debugpy-2026.6.0-linux-x64/bundled/scripts/noConfigScripts'), ('SESSION_MANAGER', 'local/me597:@/tmp/.ICE-unix/1557,unix/me597:/tmp/.ICE-unix/1557'), ('GTK_EXE_PREFIX', '/snap/code/167/usr'), ('INVOCATION_ID', '7cfc1821308f441bbaf5abc93b853ff0'), ('XDG_MENU_PREFIX', 'gnome-'), ('GNOME_SETUP_DISPLAY', ':1'), ('XDG_RUNTIME_DIR', '/run/user/1000'), ('GDK_BACKEND', 'x11'), ('DISPLAY', ':0'), ('LOCPATH', '/snap/code/167/usr/lib/locale'), ('VSCODE_DEBUGPY_ADAPTER_ENDPOINTS', '/home/me597/.vscode/extensions/ms-python.debugpy-2026.6.0-linux-x64/.noConfigDebugAdapterEndpoints/endpoint-a2bb43af5ae14731.txt'), ('LANG', 'en_US.UTF-8'), ('XDG_CURRENT_DESKTOP', 'Unity'), ('GIO_MODULE_DIR_VSCODE_SNAP_ORIG', ''), ('XMODIFIERS', '@im=ibus'), ('XDG_SESSION_DESKTOP', 'ubuntu'), ('XAUTHORITY', '/run/user/1000/.mutter-Xwaylandauth.M84UV3'), ('LS_COLORS', 'rs=0:di=01;34:ln=01;36:mh=00:pi=40;33:so=01;35:do=01;35:bd=40;33;01:cd=40;33;01:or=40;31;01:mi=00:su=37;41:sg=30;43:ca=30;41:tw=30;42:ow=34;42:st=37;44:ex=01;32:*.tar=01;31:*.tgz=01;31:*.arc=01;31:*.arj=01;31:*.taz=01;31:*.lha=01;31:*.lz4=01;31:*.lzh=01;31:*.lzma=01;31:*.tlz=01;31:*.txz=01;31:*.tzo=01;31:*.t7z=01;31:*.zip=01;31:*.z=01;31:*.dz=01;31:*.gz=01;31:*.lrz=01;31:*.lz=01;31:*.lzo=01;31:*.xz=01;31:*.zst=01;31:*.tzst=01;31:*.bz2=01;31:*.bz=01;31:*.tbz=01;31:*.tbz2=01;31:*.tz=01;31:*.deb=01;31:*.rpm=01;31:*.jar=01;31:*.war=01;31:*.ear=01;31:*.sar=01;31:*.rar=01;31:*.alz=01;31:*.ace=01;31:*.zoo=01;31:*.cpio=01;31:*.7z=01;31:*.rz=01;31:*.cab=01;31:*.wim=01;31:*.swm=01;31:*.dwm=01;31:*.esd=01;31:*.jpg=01;35:*.jpeg=01;35:*.mjpg=01;35:*.mjpeg=01;35:*.gif=01;35:*.bmp=01;35:*.pbm=01;35:*.pgm=01;35:*.ppm=01;35:*.tga=01;35:*.xbm=01;35:*.xpm=01;35:*.tif=01;35:*.tiff=01;35:*.png=01;35:*.svg=01;35:*.svgz=01;35:*.mng=01;35:*.pcx=01;35:*.mov=01;35:*.mpg=01;35:*.mpeg=01;35:*.m2v=01;35:*.mkv=01;35:*.webm=01;35:*.webp=01;35:*.ogm=01;35:*.mp4=01;35:*.m4v=01;35:*.mp4v=01;35:*.vob=01;35:*.qt=01;35:*.nuv=01;35:*.wmv=01;35:*.asf=01;35:*.rm=01;35:*.rmvb=01;35:*.flc=01;35:*.avi=01;35:*.fli=01;35:*.flv=01;35:*.gl=01;35:*.dl=01;35:*.xcf=01;35:*.xwd=01;35:*.yuv=01;35:*.cgm=01;35:*.emf=01;35:*.ogv=01;35:*.ogx=01;35:*.aac=00;36:*.au=00;36:*.flac=00;36:*.m4a=00;36:*.mid=00;36:*.midi=00;36:*.mka=00;36:*.mp3=00;36:*.mpc=00;36:*.ogg=00;36:*.ra=00;36:*.wav=00;36:*.oga=00;36:*.opus=00;36:*.spx=00;36:*.xspf=00;36:'), ('VSCODE_GIT_IPC_HANDLE', '/run/user/1000/vscode-git-5342160831.sock'), ('TERM_PROGRAM', 'vscode'), ('SSH_AGENT_LAUNCHER', 'gnome-keyring'), ('SSH_AUTH_SOCK', '/run/user/1000/keyring/ssh'), ('GSETTINGS_SCHEMA_DIR', '/home/me597/snap/code/167/.local/share/glib-2.0/schemas'), ('ROS_DOMAIN_ID', '06'), ('AMENT_PREFIX_PATH', '/opt/ros/humble'), ('ORIGINAL_XDG_CURRENT_DESKTOP', 'ubuntu:GNOME'), ('SHELL', '/bin/bash'), ('QT_ACCESSIBILITY', '1'), ('GDMSESSION', 'ubuntu'), ('LESSCLOSE', '/usr/bin/lesspipe %s %s'), ('GTK_PATH_VSCODE_SNAP_ORIG', ''), ('GTK_IM_MODULE_FILE_VSCODE_SNAP_ORIG', ''), ('GJS_DEBUG_OUTPUT', 'stderr'), ('VSCODE_GIT_ASKPASS_EXTRA_ARGS', ''), ('QT_IM_MODULE', 'ibus'), ('PWD', '/home/me597/ros2/sim_ws/build/task_2_interfaces'), ('TURTLEBOT3_MODEL', 'waffle'), ('LC_ALL', 'en_US.UTF-8'), ('XDG_CONFIG_DIRS', '/etc/xdg/xdg-ubuntu:/etc/xdg'), ('XDG_DATA_DIRS', '/home/me597/snap/code/167/.local/share:/home/me597/snap/code/167:/snap/code/167/usr/share:/usr/share/ubuntu:/usr/local/share/:/usr/share/:/var/lib/snapd/desktop'), ('PYTHONPATH', '/opt/ros/humble/lib/python3.10/site-packages:/opt/ros/humble/local/lib/python3.10/dist-packages'), ('COLCON', '1'), ('CMAKE_PREFIX_PATH', '/opt/ros/humble')]), 'shell': False}
[1.582818] (-) TimerEvent: {}
[1.647604] (task_2_interfaces) StdoutLine: {'line': b'\x1b[35m\x1b[1mConsolidate compiler generated dependencies of target task_2_interfaces__rosidl_generator_c\x1b[0m\n'}
[1.669211] (task_2_interfaces) StdoutLine: {'line': b'[  2%] Built target task_2_interfaces__cpp\n'}
[1.689338] (task_2_interfaces) StdoutLine: {'line': b'[ 12%] Built target task_2_interfaces__rosidl_generator_c\n'}
[1.689520] (-) TimerEvent: {}
[1.719564] (task_2_interfaces) StdoutLine: {'line': b'\x1b[35m\x1b[1mConsolidate compiler generated dependencies of target task_2_interfaces__rosidl_typesupport_cpp\x1b[0m\n'}
[1.719705] (task_2_interfaces) StdoutLine: {'line': b'[ 12%] Built target ament_cmake_python_symlink_task_2_interfaces\n'}
[1.739850] (task_2_interfaces) StdoutLine: {'line': b'\x1b[35m\x1b[1mConsolidate compiler generated dependencies of target task_2_interfaces__rosidl_typesupport_fastrtps_c\x1b[0m\n'}
[1.750128] (task_2_interfaces) StdoutLine: {'line': b'[ 23%] Built target task_2_interfaces__rosidl_typesupport_cpp\n'}
[1.761380] (task_2_interfaces) StdoutLine: {'line': b'[ 33%] Built target task_2_interfaces__rosidl_typesupport_fastrtps_c\n'}
[1.776589] (task_2_interfaces) StdoutLine: {'line': b'\x1b[35m\x1b[1mConsolidate compiler generated dependencies of target task_2_interfaces__rosidl_typesupport_introspection_c\x1b[0m\n'}
[1.785796] (task_2_interfaces) StdoutLine: {'line': b'\x1b[35m\x1b[1mConsolidate compiler generated dependencies of target task_2_interfaces__rosidl_typesupport_fastrtps_cpp\x1b[0m\n'}
[1.792505] (-) TimerEvent: {}
[1.794941] (task_2_interfaces) StdoutLine: {'line': b'[ 43%] Built target task_2_interfaces__rosidl_typesupport_introspection_c\n'}
[1.817554] (task_2_interfaces) StdoutLine: {'line': b'[ 53%] Built target task_2_interfaces__rosidl_typesupport_fastrtps_cpp\n'}
[1.817762] (task_2_interfaces) StdoutLine: {'line': b'\x1b[35m\x1b[1mConsolidate compiler generated dependencies of target task_2_interfaces__rosidl_typesupport_c\x1b[0m\n'}
[1.831860] (task_2_interfaces) StdoutLine: {'line': b'\x1b[35m\x1b[1mConsolidate compiler generated dependencies of target task_2_interfaces__rosidl_typesupport_introspection_cpp\x1b[0m\n'}
[1.850360] (task_2_interfaces) StdoutLine: {'line': b'[ 64%] Built target task_2_interfaces__rosidl_typesupport_c\n'}
[1.871613] (task_2_interfaces) StdoutLine: {'line': b'[ 74%] Built target task_2_interfaces__rosidl_typesupport_introspection_cpp\n'}
[1.893231] (-) TimerEvent: {}
[1.953796] (py_pubsub) StdoutLine: {'line': b'running develop\n'}
[1.959501] (py_pubsub) StderrLine: {'line': b'/usr/lib/python3/dist-packages/setuptools/command/easy_install.py:158: EasyInstallDeprecationWarning: easy_install command is deprecated. Use build and pip and other standards-based tools.\n'}
[1.962085] (py_pubsub) StderrLine: {'line': b'  warnings.warn(\n'}
[1.962126] (task_2_interfaces) StdoutLine: {'line': b'[ 74%] Built target task_2_interfaces\n'}
[1.997130] (-) TimerEvent: {}
[1.997528] (task_2_interfaces) StdoutLine: {'line': b'[ 76%] Built target task_2_interfaces__py\n'}
[2.025200] (task_2_interfaces) StdoutLine: {'line': b'\x1b[35m\x1b[1mConsolidate compiler generated dependencies of target task_2_interfaces__rosidl_generator_py\x1b[0m\n'}
[2.041367] (task_2_interfaces) StdoutLine: {'line': b'[ 84%] Built target task_2_interfaces__rosidl_generator_py\n'}
[2.055396] (task_2_interfaces) StdoutLine: {'line': b'\x1b[35m\x1b[1mConsolidate compiler generated dependencies of target task_2_interfaces__rosidl_typesupport_fastrtps_c__pyext\x1b[0m\n'}
[2.071707] (task_2_interfaces) StdoutLine: {'line': b'[ 89%] Built target task_2_interfaces__rosidl_typesupport_fastrtps_c__pyext\n'}
[2.087304] (task_2_interfaces) StdoutLine: {'line': b'\x1b[35m\x1b[1mConsolidate compiler generated dependencies of target task_2_interfaces__rosidl_typesupport_introspection_c__pyext\x1b[0m\n'}
[2.097939] (-) TimerEvent: {}
[2.119511] (task_2_interfaces) StdoutLine: {'line': b'[ 94%] Built target task_2_interfaces__rosidl_typesupport_introspection_c__pyext\n'}
[2.142055] (task_2_interfaces) StdoutLine: {'line': b'\x1b[35m\x1b[1mConsolidate compiler generated dependencies of target task_2_interfaces__rosidl_typesupport_c__pyext\x1b[0m\n'}
[2.199133] (-) TimerEvent: {}
[2.199743] (task_2_interfaces) StdoutLine: {'line': b'[100%] Built target task_2_interfaces__rosidl_typesupport_c__pyext\n'}
[2.249908] (py_pubsub) StdoutLine: {'line': b'running egg_info\n'}
[2.250118] (py_pubsub) StdoutLine: {'line': b'writing py_pubsub.egg-info/PKG-INFO\n'}
[2.250330] (py_pubsub) StdoutLine: {'line': b'writing dependency_links to py_pubsub.egg-info/dependency_links.txt\n'}
[2.250763] (py_pubsub) StdoutLine: {'line': b'writing entry points to py_pubsub.egg-info/entry_points.txt\n'}
[2.251038] (py_pubsub) StdoutLine: {'line': b'writing requirements to py_pubsub.egg-info/requires.txt\n'}
[2.251176] (py_pubsub) StdoutLine: {'line': b'writing top-level names to py_pubsub.egg-info/top_level.txt\n'}
[2.252491] (py_pubsub) StdoutLine: {'line': b"reading manifest file 'py_pubsub.egg-info/SOURCES.txt'\n"}
[2.255398] (py_pubsub) StdoutLine: {'line': b"writing manifest file 'py_pubsub.egg-info/SOURCES.txt'\n"}
[2.257640] (py_pubsub) StdoutLine: {'line': b'running build_ext\n'}
[2.257803] (py_pubsub) StdoutLine: {'line': b'Creating /home/me597/ros2/sim_ws/install/py_pubsub/lib/python3.10/site-packages/py-pubsub.egg-link (link to .)\n'}
[2.258350] (py_pubsub) StdoutLine: {'line': b'Installing listener script to /home/me597/ros2/sim_ws/install/py_pubsub/lib/py_pubsub\n'}
[2.258624] (py_pubsub) StdoutLine: {'line': b'Installing talker script to /home/me597/ros2/sim_ws/install/py_pubsub/lib/py_pubsub\n'}
[2.259613] (py_pubsub) StdoutLine: {'line': b'\n'}
[2.259666] (py_pubsub) StdoutLine: {'line': b'Installed /home/me597/ros2/sim_ws/build/py_pubsub\n'}
[2.259695] (py_pubsub) StdoutLine: {'line': b'running symlink_data\n'}
[2.259721] (py_pubsub) StdoutLine: {'line': b'symbolically linking /home/me597/ros2/sim_ws/build/py_pubsub/resource/py_pubsub -> /home/me597/ros2/sim_ws/install/py_pubsub/share/ament_index/resource_index/packages\n'}
[2.259749] (py_pubsub) StdoutLine: {'line': b'symbolically linking /home/me597/ros2/sim_ws/build/py_pubsub/package.xml -> /home/me597/ros2/sim_ws/install/py_pubsub/share/py_pubsub\n'}
[2.263839] (task_2_interfaces) StdoutLine: {'line': b'running egg_info\n'}
[2.271082] (task_2_interfaces) StdoutLine: {'line': b'writing task_2_interfaces.egg-info/PKG-INFO\n'}
[2.271218] (task_2_interfaces) StdoutLine: {'line': b'writing dependency_links to task_2_interfaces.egg-info/dependency_links.txt\n'}
[2.278148] (task_2_interfaces) StdoutLine: {'line': b'writing top-level names to task_2_interfaces.egg-info/top_level.txt\n'}
[2.279937] (task_2_interfaces) StdoutLine: {'line': b"reading manifest file 'task_2_interfaces.egg-info/SOURCES.txt'\n"}
[2.280324] (task_2_interfaces) StdoutLine: {'line': b"writing manifest file 'task_2_interfaces.egg-info/SOURCES.txt'\n"}
[2.301149] (-) TimerEvent: {}
[2.304335] (py_pubsub) CommandEnded: {'returncode': 0}
[2.322732] (py_pubsub) JobEnded: {'identifier': 'py_pubsub', 'rc': 0}
[2.327684] (sim_utils) JobStarted: {'identifier': 'sim_utils'}
[2.327759] (task_2_interfaces) StdoutLine: {'line': b'[100%] Built target ament_cmake_python_build_task_2_interfaces_egg\n'}
[2.401299] (-) TimerEvent: {}
[2.503318] (-) TimerEvent: {}
[2.560149] (task_2_interfaces) CommandEnded: {'returncode': 0}
[2.607475] (-) TimerEvent: {}
[2.708290] (-) TimerEvent: {}
[2.810512] (-) TimerEvent: {}
[2.841642] (task_2_interfaces) JobProgress: {'identifier': 'task_2_interfaces', 'progress': 'install'}
[2.850891] (task_2_interfaces) Command: {'cmd': ['/usr/bin/cmake', '--install', '/home/me597/ros2/sim_ws/build/task_2_interfaces'], 'cwd': '/home/me597/ros2/sim_ws/build/task_2_interfaces', 'env': OrderedDict([('GJS_DEBUG_TOPICS', 'JS ERROR;JS LOG'), ('LESSOPEN', '| /usr/bin/lesspipe %s'), ('USER', 'me597'), ('GIO_MODULE_DIR', '/home/me597/snap/code/common/.cache/gio-modules'), ('XDG_SESSION_TYPE', 'wayland'), ('GIT_ASKPASS', '/snap/code/167/usr/share/code/resources/app/extensions/git/dist/askpass.sh'), ('GTK_EXE_PREFIX_VSCODE_SNAP_ORIG', ''), ('GDK_BACKEND_VSCODE_SNAP_ORIG', ''), ('SHLVL', '1'), ('LD_LIBRARY_PATH', '/usr/lib/x86_64-linux-gnu/gazebo-11/plugins:/opt/ros/humble/opt/rviz_ogre_vendor/lib:/opt/ros/humble/lib/x86_64-linux-gnu:/opt/ros/humble/lib'), ('HOME', '/home/me597'), ('CHROME_DESKTOP', 'code-url-handler.desktop'), ('LOCPATH_VSCODE_SNAP_ORIG', ''), ('TERM_PROGRAM_VERSION', '1.92.2'), ('DESKTOP_SESSION', 'ubuntu'), ('GTK_PATH', '/snap/code/167/usr/lib/x86_64-linux-gnu/gtk-3.0'), ('GTK_IM_MODULE_FILE', '/home/me597/snap/code/common/.cache/immodules/immodules.cache'), ('GIO_LAUNCHED_DESKTOP_FILE', '/var/lib/snapd/desktop/applications/code_code.desktop'), ('ROS_PYTHON_VERSION', '3'), ('GNOME_SHELL_SESSION_MODE', 'ubuntu'), ('GTK_MODULES', 'gail:atk-bridge'), ('GSETTINGS_SCHEMA_DIR_VSCODE_SNAP_ORIG', ''), ('VSCODE_GIT_ASKPASS_MAIN', '/snap/code/167/usr/share/code/resources/app/extensions/git/dist/askpass-main.js'), ('VSCODE_GIT_ASKPASS_NODE', '/snap/code/167/usr/share/code/code'), ('MANAGERPID', '1433'), ('PYDEVD_DISABLE_FILE_VALIDATION', '1'), ('SYSTEMD_EXEC_PID', '1589'), ('BUNDLED_DEBUGPY_PATH', '/home/me597/.vscode/extensions/ms-python.debugpy-2026.6.0-linux-x64/bundled/libs/debugpy'), ('IM_CONFIG_CHECK_ENV', '1'), ('DBUS_SESSION_BUS_ADDRESS', 'unix:path=/run/user/1000/bus'), ('COLORTERM', 'truecolor'), ('GIO_LAUNCHED_DESKTOP_FILE_PID', '26594'), ('IM_CONFIG_PHASE', '1'), ('WAYLAND_DISPLAY', 'wayland-0'), ('ROS_DISTRO', 'humble'), ('LOGNAME', 'me597'), ('JOURNAL_STREAM', '8:24741'), ('_', '/usr/bin/colcon'), ('ROS_VERSION', '2'), ('XDG_CONFIG_DIRS_VSCODE_SNAP_ORIG', '/etc/xdg/xdg-ubuntu:/etc/xdg'), ('XDG_SESSION_CLASS', 'user'), ('XDG_DATA_DIRS_VSCODE_SNAP_ORIG', '/usr/share/ubuntu:/usr/local/share/:/usr/share/:/var/lib/snapd/desktop'), ('USERNAME', 'me597'), ('TERM', 'xterm-256color'), ('GNOME_DESKTOP_SESSION_ID', 'this-is-deprecated'), ('ROS_LOCALHOST_ONLY', '1'), ('PATH', '/opt/ros/humble/bin:/usr/local/sbin:/usr/local/bin:/usr/sbin:/usr/bin:/sbin:/bin:/usr/games:/usr/local/games:/snap/bin:/snap/bin:/home/me597/.vscode/extensions/ms-python.debugpy-2026.6.0-linux-x64/bundled/scripts/noConfigScripts'), ('SESSION_MANAGER', 'local/me597:@/tmp/.ICE-unix/1557,unix/me597:/tmp/.ICE-unix/1557'), ('GTK_EXE_PREFIX', '/snap/code/167/usr'), ('INVOCATION_ID', '7cfc1821308f441bbaf5abc93b853ff0'), ('XDG_MENU_PREFIX', 'gnome-'), ('GNOME_SETUP_DISPLAY', ':1'), ('XDG_RUNTIME_DIR', '/run/user/1000'), ('GDK_BACKEND', 'x11'), ('DISPLAY', ':0'), ('LOCPATH', '/snap/code/167/usr/lib/locale'), ('VSCODE_DEBUGPY_ADAPTER_ENDPOINTS', '/home/me597/.vscode/extensions/ms-python.debugpy-2026.6.0-linux-x64/.noConfigDebugAdapterEndpoints/endpoint-a2bb43af5ae14731.txt'), ('LANG', 'en_US.UTF-8'), ('XDG_CURRENT_DESKTOP', 'Unity'), ('GIO_MODULE_DIR_VSCODE_SNAP_ORIG', ''), ('XMODIFIERS', '@im=ibus'), ('XDG_SESSION_DESKTOP', 'ubuntu'), ('XAUTHORITY', '/run/user/1000/.mutter-Xwaylandauth.M84UV3'), ('LS_COLORS', 'rs=0:di=01;34:ln=01;36:mh=00:pi=40;33:so=01;35:do=01;35:bd=40;33;01:cd=40;33;01:or=40;31;01:mi=00:su=37;41:sg=30;43:ca=30;41:tw=30;42:ow=34;42:st=37;44:ex=01;32:*.tar=01;31:*.tgz=01;31:*.arc=01;31:*.arj=01;31:*.taz=01;31:*.lha=01;31:*.lz4=01;31:*.lzh=01;31:*.lzma=01;31:*.tlz=01;31:*.txz=01;31:*.tzo=01;31:*.t7z=01;31:*.zip=01;31:*.z=01;31:*.dz=01;31:*.gz=01;31:*.lrz=01;31:*.lz=01;31:*.lzo=01;31:*.xz=01;31:*.zst=01;31:*.tzst=01;31:*.bz2=01;31:*.bz=01;31:*.tbz=01;31:*.tbz2=01;31:*.tz=01;31:*.deb=01;31:*.rpm=01;31:*.jar=01;31:*.war=01;31:*.ear=01;31:*.sar=01;31:*.rar=01;31:*.alz=01;31:*.ace=01;31:*.zoo=01;31:*.cpio=01;31:*.7z=01;31:*.rz=01;31:*.cab=01;31:*.wim=01;31:*.swm=01;31:*.dwm=01;31:*.esd=01;31:*.jpg=01;35:*.jpeg=01;35:*.mjpg=01;35:*.mjpeg=01;35:*.gif=01;35:*.bmp=01;35:*.pbm=01;35:*.pgm=01;35:*.ppm=01;35:*.tga=01;35:*.xbm=01;35:*.xpm=01;35:*.tif=01;35:*.tiff=01;35:*.png=01;35:*.svg=01;35:*.svgz=01;35:*.mng=01;35:*.pcx=01;35:*.mov=01;35:*.mpg=01;35:*.mpeg=01;35:*.m2v=01;35:*.mkv=01;35:*.webm=01;35:*.webp=01;35:*.ogm=01;35:*.mp4=01;35:*.m4v=01;35:*.mp4v=01;35:*.vob=01;35:*.qt=01;35:*.nuv=01;35:*.wmv=01;35:*.asf=01;35:*.rm=01;35:*.rmvb=01;35:*.flc=01;35:*.avi=01;35:*.fli=01;35:*.flv=01;35:*.gl=01;35:*.dl=01;35:*.xcf=01;35:*.xwd=01;35:*.yuv=01;35:*.cgm=01;35:*.emf=01;35:*.ogv=01;35:*.ogx=01;35:*.aac=00;36:*.au=00;36:*.flac=00;36:*.m4a=00;36:*.mid=00;36:*.midi=00;36:*.mka=00;36:*.mp3=00;36:*.mpc=00;36:*.ogg=00;36:*.ra=00;36:*.wav=00;36:*.oga=00;36:*.opus=00;36:*.spx=00;36:*.xspf=00;36:'), ('VSCODE_GIT_IPC_HANDLE', '/run/user/1000/vscode-git-5342160831.sock'), ('TERM_PROGRAM', 'vscode'), ('SSH_AGENT_LAUNCHER', 'gnome-keyring'), ('SSH_AUTH_SOCK', '/run/user/1000/keyring/ssh'), ('GSETTINGS_SCHEMA_DIR', '/home/me597/snap/code/167/.local/share/glib-2.0/schemas'), ('ROS_DOMAIN_ID', '06'), ('AMENT_PREFIX_PATH', '/opt/ros/humble'), ('ORIGINAL_XDG_CURRENT_DESKTOP', 'ubuntu:GNOME'), ('SHELL', '/bin/bash'), ('QT_ACCESSIBILITY', '1'), ('GDMSESSION', 'ubuntu'), ('LESSCLOSE', '/usr/bin/lesspipe %s %s'), ('GTK_PATH_VSCODE_SNAP_ORIG', ''), ('GTK_IM_MODULE_FILE_VSCODE_SNAP_ORIG', ''), ('GJS_DEBUG_OUTPUT', 'stderr'), ('VSCODE_GIT_ASKPASS_EXTRA_ARGS', ''), ('QT_IM_MODULE', 'ibus'), ('PWD', '/home/me597/ros2/sim_ws/build/task_2_interfaces'), ('TURTLEBOT3_MODEL', 'waffle'), ('LC_ALL', 'en_US.UTF-8'), ('XDG_CONFIG_DIRS', '/etc/xdg/xdg-ubuntu:/etc/xdg'), ('XDG_DATA_DIRS', '/home/me597/snap/code/167/.local/share:/home/me597/snap/code/167:/snap/code/167/usr/share:/usr/share/ubuntu:/usr/local/share/:/usr/share/:/var/lib/snapd/desktop'), ('PYTHONPATH', '/opt/ros/humble/lib/python3.10/site-packages:/opt/ros/humble/local/lib/python3.10/dist-packages'), ('COLCON', '1'), ('CMAKE_PREFIX_PATH', '/opt/ros/humble')]), 'shell': False}
[2.865503] (task_2_interfaces) StdoutLine: {'line': b'-- Install configuration: ""\n'}
[2.865646] (task_2_interfaces) StdoutLine: {'line': b'-- Execute custom install script\n'}
[2.865680] (task_2_interfaces) StdoutLine: {'line': b'-- Up-to-date symlink: /home/me597/ros2/sim_ws/install/task_2_interfaces/share/ament_index/resource_index/rosidl_interfaces/task_2_interfaces\n'}
[2.865710] (task_2_interfaces) StdoutLine: {'line': b'-- Up-to-date symlink: /home/me597/ros2/sim_ws/install/task_2_interfaces/include/task_2_interfaces/task_2_interfaces/msg/detail/joint_data__functions.h\n'}
[2.865736] (task_2_interfaces) StdoutLine: {'line': b'-- Up-to-date symlink: /home/me597/ros2/sim_ws/install/task_2_interfaces/include/task_2_interfaces/task_2_interfaces/msg/detail/joint_data__struct.h\n'}
[2.865761] (task_2_interfaces) StdoutLine: {'line': b'-- Up-to-date symlink: /home/me597/ros2/sim_ws/install/task_2_interfaces/include/task_2_interfaces/task_2_interfaces/msg/detail/joint_data__type_support.h\n'}
[2.865787] (task_2_interfaces) StdoutLine: {'line': b'-- Up-to-date symlink: /home/me597/ros2/sim_ws/install/task_2_interfaces/include/task_2_interfaces/task_2_interfaces/msg/joint_data.h\n'}
[2.865813] (task_2_interfaces) StdoutLine: {'line': b'-- Up-to-date symlink: /home/me597/ros2/sim_ws/install/task_2_interfaces/include/task_2_interfaces/task_2_interfaces/msg/rosidl_generator_c__visibility_control.h\n'}
[2.865837] (task_2_interfaces) StdoutLine: {'line': b'-- Up-to-date symlink: /home/me597/ros2/sim_ws/install/task_2_interfaces/include/task_2_interfaces/task_2_interfaces/srv/detail/joint_state__functions.h\n'}
[2.865861] (task_2_interfaces) StdoutLine: {'line': b'-- Up-to-date symlink: /home/me597/ros2/sim_ws/install/task_2_interfaces/include/task_2_interfaces/task_2_interfaces/srv/detail/joint_state__struct.h\n'}
[2.865886] (task_2_interfaces) StdoutLine: {'line': b'-- Up-to-date symlink: /home/me597/ros2/sim_ws/install/task_2_interfaces/include/task_2_interfaces/task_2_interfaces/srv/detail/joint_state__type_support.h\n'}
[2.865910] (task_2_interfaces) StdoutLine: {'line': b'-- Up-to-date symlink: /home/me597/ros2/sim_ws/install/task_2_interfaces/include/task_2_interfaces/task_2_interfaces/srv/joint_state.h\n'}
[2.866534] (task_2_interfaces) StdoutLine: {'line': b'-- Up-to-date symlink: /home/me597/ros2/sim_ws/install/task_2_interfaces/share/task_2_interfaces/environment/library_path.sh\n'}
[2.866689] (task_2_interfaces) StdoutLine: {'line': b'-- Up-to-date symlink: /home/me597/ros2/sim_ws/install/task_2_interfaces/share/task_2_interfaces/environment/library_path.dsv\n'}
[2.866720] (task_2_interfaces) StdoutLine: {'line': b'-- Up-to-date symlink: /home/me597/ros2/sim_ws/install/task_2_interfaces/include/task_2_interfaces/task_2_interfaces/msg/detail/joint_data__rosidl_typesupport_fastrtps_c.h\n'}
[2.866748] (task_2_interfaces) StdoutLine: {'line': b'-- Up-to-date symlink: /home/me597/ros2/sim_ws/install/task_2_interfaces/include/task_2_interfaces/task_2_interfaces/msg/rosidl_typesupport_fastrtps_c__visibility_control.h\n'}
[2.866781] (task_2_interfaces) StdoutLine: {'line': b'-- Up-to-date symlink: /home/me597/ros2/sim_ws/install/task_2_interfaces/include/task_2_interfaces/task_2_interfaces/srv/detail/joint_state__rosidl_typesupport_fastrtps_c.h\n'}
[2.866809] (task_2_interfaces) StdoutLine: {'line': b'-- Up-to-date symlink: /home/me597/ros2/sim_ws/install/task_2_interfaces/include/task_2_interfaces/task_2_interfaces/msg/detail/joint_data__builder.hpp\n'}
[2.866836] (task_2_interfaces) StdoutLine: {'line': b'-- Up-to-date symlink: /home/me597/ros2/sim_ws/install/task_2_interfaces/include/task_2_interfaces/task_2_interfaces/msg/detail/joint_data__struct.hpp\n'}
[2.866861] (task_2_interfaces) StdoutLine: {'line': b'-- Up-to-date symlink: /home/me597/ros2/sim_ws/install/task_2_interfaces/include/task_2_interfaces/task_2_interfaces/msg/detail/joint_data__traits.hpp\n'}
[2.867548] (task_2_interfaces) StdoutLine: {'line': b'-- Up-to-date symlink: /home/me597/ros2/sim_ws/install/task_2_interfaces/include/task_2_interfaces/task_2_interfaces/msg/joint_data.hpp\n'}
[2.867678] (task_2_interfaces) StdoutLine: {'line': b'-- Up-to-date symlink: /home/me597/ros2/sim_ws/install/task_2_interfaces/include/task_2_interfaces/task_2_interfaces/srv/detail/joint_state__builder.hpp\n'}
[2.867749] (task_2_interfaces) StdoutLine: {'line': b'-- Up-to-date symlink: /home/me597/ros2/sim_ws/install/task_2_interfaces/include/task_2_interfaces/task_2_interfaces/srv/detail/joint_state__struct.hpp\n'}
[2.868321] (task_2_interfaces) StdoutLine: {'line': b'-- Up-to-date symlink: /home/me597/ros2/sim_ws/install/task_2_interfaces/include/task_2_interfaces/task_2_interfaces/srv/detail/joint_state__traits.hpp\n'}
[2.868371] (task_2_interfaces) StdoutLine: {'line': b'-- Up-to-date symlink: /home/me597/ros2/sim_ws/install/task_2_interfaces/include/task_2_interfaces/task_2_interfaces/srv/joint_state.hpp\n'}
[2.873100] (task_2_interfaces) StdoutLine: {'line': b'-- Up-to-date symlink: /home/me597/ros2/sim_ws/install/task_2_interfaces/include/task_2_interfaces/task_2_interfaces/msg/detail/joint_data__rosidl_typesupport_fastrtps_cpp.hpp\n'}
[2.873225] (task_2_interfaces) StdoutLine: {'line': b'-- Up-to-date symlink: /home/me597/ros2/sim_ws/install/task_2_interfaces/include/task_2_interfaces/task_2_interfaces/msg/rosidl_typesupport_fastrtps_cpp__visibility_control.h\n'}
[2.873259] (task_2_interfaces) StdoutLine: {'line': b'-- Up-to-date symlink: /home/me597/ros2/sim_ws/install/task_2_interfaces/include/task_2_interfaces/task_2_interfaces/srv/detail/joint_state__rosidl_typesupport_fastrtps_cpp.hpp\n'}
[2.873298] (task_2_interfaces) StdoutLine: {'line': b'-- Up-to-date symlink: /home/me597/ros2/sim_ws/install/task_2_interfaces/include/task_2_interfaces/task_2_interfaces/msg/detail/joint_data__rosidl_typesupport_introspection_c.h\n'}
[2.873324] (task_2_interfaces) StdoutLine: {'line': b'-- Up-to-date symlink: /home/me597/ros2/sim_ws/install/task_2_interfaces/include/task_2_interfaces/task_2_interfaces/msg/rosidl_typesupport_introspection_c__visibility_control.h\n'}
[2.873349] (task_2_interfaces) StdoutLine: {'line': b'-- Up-to-date symlink: /home/me597/ros2/sim_ws/install/task_2_interfaces/include/task_2_interfaces/task_2_interfaces/srv/detail/joint_state__rosidl_typesupport_introspection_c.h\n'}
[2.873373] (task_2_interfaces) StdoutLine: {'line': b'-- Up-to-date symlink: /home/me597/ros2/sim_ws/install/task_2_interfaces/include/task_2_interfaces/task_2_interfaces/msg/detail/joint_data__rosidl_typesupport_introspection_cpp.hpp\n'}
[2.873398] (task_2_interfaces) StdoutLine: {'line': b'-- Up-to-date symlink: /home/me597/ros2/sim_ws/install/task_2_interfaces/include/task_2_interfaces/task_2_interfaces/srv/detail/joint_state__rosidl_typesupport_introspection_cpp.hpp\n'}
[2.873422] (task_2_interfaces) StdoutLine: {'line': b'-- Up-to-date symlink: /home/me597/ros2/sim_ws/install/task_2_interfaces/share/task_2_interfaces/environment/pythonpath.sh\n'}
[2.873447] (task_2_interfaces) StdoutLine: {'line': b'-- Up-to-date symlink: /home/me597/ros2/sim_ws/install/task_2_interfaces/share/task_2_interfaces/environment/pythonpath.dsv\n'}
[2.873471] (task_2_interfaces) StdoutLine: {'line': b'-- Up-to-date symlink: /home/me597/ros2/sim_ws/install/task_2_interfaces/local/lib/python3.10/dist-packages/task_2_interfaces-0.0.0-py3.10.egg-info/PKG-INFO\n'}
[2.873498] (task_2_interfaces) StdoutLine: {'line': b'-- Up-to-date symlink: /home/me597/ros2/sim_ws/install/task_2_interfaces/local/lib/python3.10/dist-packages/task_2_interfaces-0.0.0-py3.10.egg-info/SOURCES.txt\n'}
[2.873521] (task_2_interfaces) StdoutLine: {'line': b'-- Up-to-date symlink: /home/me597/ros2/sim_ws/install/task_2_interfaces/local/lib/python3.10/dist-packages/task_2_interfaces-0.0.0-py3.10.egg-info/dependency_links.txt\n'}
[2.873545] (task_2_interfaces) StdoutLine: {'line': b'-- Up-to-date symlink: /home/me597/ros2/sim_ws/install/task_2_interfaces/local/lib/python3.10/dist-packages/task_2_interfaces-0.0.0-py3.10.egg-info/top_level.txt\n'}
[2.877329] (task_2_interfaces) StdoutLine: {'line': b'-- Up-to-date symlink: /home/me597/ros2/sim_ws/install/task_2_interfaces/local/lib/python3.10/dist-packages/task_2_interfaces/__init__.py\n'}
[2.877424] (task_2_interfaces) StdoutLine: {'line': b'-- Up-to-date symlink: /home/me597/ros2/sim_ws/install/task_2_interfaces/local/lib/python3.10/dist-packages/task_2_interfaces/_task_2_interfaces_s.ep.rosidl_typesupport_c.c\n'}
[2.877452] (task_2_interfaces) StdoutLine: {'line': b'-- Up-to-date symlink: /home/me597/ros2/sim_ws/install/task_2_interfaces/local/lib/python3.10/dist-packages/task_2_interfaces/_task_2_interfaces_s.ep.rosidl_typesupport_fastrtps_c.c\n'}
[2.877477] (task_2_interfaces) StdoutLine: {'line': b'-- Up-to-date symlink: /home/me597/ros2/sim_ws/install/task_2_interfaces/local/lib/python3.10/dist-packages/task_2_interfaces/_task_2_interfaces_s.ep.rosidl_typesupport_introspection_c.c\n'}
[2.877502] (task_2_interfaces) StdoutLine: {'line': b'-- Up-to-date symlink: /home/me597/ros2/sim_ws/install/task_2_interfaces/local/lib/python3.10/dist-packages/task_2_interfaces/libtask_2_interfaces__rosidl_generator_py.so\n'}
[2.877526] (task_2_interfaces) StdoutLine: {'line': b'-- Up-to-date symlink: /home/me597/ros2/sim_ws/install/task_2_interfaces/local/lib/python3.10/dist-packages/task_2_interfaces/msg/__init__.py\n'}
[2.877550] (task_2_interfaces) StdoutLine: {'line': b'-- Up-to-date symlink: /home/me597/ros2/sim_ws/install/task_2_interfaces/local/lib/python3.10/dist-packages/task_2_interfaces/msg/_joint_data.py\n'}
[2.877573] (task_2_interfaces) StdoutLine: {'line': b'-- Up-to-date symlink: /home/me597/ros2/sim_ws/install/task_2_interfaces/local/lib/python3.10/dist-packages/task_2_interfaces/msg/_joint_data_s.c\n'}
[2.877597] (task_2_interfaces) StdoutLine: {'line': b'-- Up-to-date symlink: /home/me597/ros2/sim_ws/install/task_2_interfaces/local/lib/python3.10/dist-packages/task_2_interfaces/srv/__init__.py\n'}
[2.877619] (task_2_interfaces) StdoutLine: {'line': b'-- Up-to-date symlink: /home/me597/ros2/sim_ws/install/task_2_interfaces/local/lib/python3.10/dist-packages/task_2_interfaces/srv/_joint_state.py\n'}
[2.877641] (task_2_interfaces) StdoutLine: {'line': b'-- Up-to-date symlink: /home/me597/ros2/sim_ws/install/task_2_interfaces/local/lib/python3.10/dist-packages/task_2_interfaces/srv/_joint_state_s.c\n'}
[2.877663] (task_2_interfaces) StdoutLine: {'line': b'-- Up-to-date symlink: /home/me597/ros2/sim_ws/install/task_2_interfaces/local/lib/python3.10/dist-packages/task_2_interfaces/task_2_interfaces_s__rosidl_typesupport_c.cpython-310-x86_64-linux-gnu.so\n'}
[2.877688] (task_2_interfaces) StdoutLine: {'line': b'-- Up-to-date symlink: /home/me597/ros2/sim_ws/install/task_2_interfaces/local/lib/python3.10/dist-packages/task_2_interfaces/task_2_interfaces_s__rosidl_typesupport_fastrtps_c.cpython-310-x86_64-linux-gnu.so\n'}
[2.877711] (task_2_interfaces) StdoutLine: {'line': b'-- Up-to-date symlink: /home/me597/ros2/sim_ws/install/task_2_interfaces/local/lib/python3.10/dist-packages/task_2_interfaces/task_2_interfaces_s__rosidl_typesupport_introspection_c.cpython-310-x86_64-linux-gnu.so\n'}
[2.877737] (task_2_interfaces) StdoutLine: {'line': b'-- Up-to-date symlink: /home/me597/ros2/sim_ws/install/task_2_interfaces/local/lib/python3.10/dist-packages/task_2_interfaces/task_2_interfaces_s__rosidl_typesupport_fastrtps_c.cpython-310-x86_64-linux-gnu.so\n'}
[2.877761] (task_2_interfaces) StdoutLine: {'line': b'-- Up-to-date symlink: /home/me597/ros2/sim_ws/install/task_2_interfaces/local/lib/python3.10/dist-packages/task_2_interfaces/task_2_interfaces_s__rosidl_typesupport_introspection_c.cpython-310-x86_64-linux-gnu.so\n'}
[2.877783] (task_2_interfaces) StdoutLine: {'line': b'-- Up-to-date symlink: /home/me597/ros2/sim_ws/install/task_2_interfaces/local/lib/python3.10/dist-packages/task_2_interfaces/task_2_interfaces_s__rosidl_typesupport_c.cpython-310-x86_64-linux-gnu.so\n'}
[2.877805] (task_2_interfaces) StdoutLine: {'line': b'-- Up-to-date symlink: /home/me597/ros2/sim_ws/install/task_2_interfaces/share/task_2_interfaces/msg/JointData.idl\n'}
[2.877827] (task_2_interfaces) StdoutLine: {'line': b'-- Up-to-date symlink: /home/me597/ros2/sim_ws/install/task_2_interfaces/share/task_2_interfaces/srv/JointState.idl\n'}
[2.877849] (task_2_interfaces) StdoutLine: {'line': b'-- Up-to-date symlink: /home/me597/ros2/sim_ws/install/task_2_interfaces/share/task_2_interfaces/msg/JointData.msg\n'}
[2.877870] (task_2_interfaces) StdoutLine: {'line': b'-- Up-to-date symlink: /home/me597/ros2/sim_ws/install/task_2_interfaces/share/task_2_interfaces/srv/JointState.srv\n'}
[2.877892] (task_2_interfaces) StdoutLine: {'line': b'-- Up-to-date symlink: /home/me597/ros2/sim_ws/install/task_2_interfaces/share/task_2_interfaces/srv/JointState_Request.msg\n'}
[2.877913] (task_2_interfaces) StdoutLine: {'line': b'-- Up-to-date symlink: /home/me597/ros2/sim_ws/install/task_2_interfaces/share/task_2_interfaces/srv/JointState_Response.msg\n'}
[2.877934] (task_2_interfaces) StdoutLine: {'line': b'-- Up-to-date symlink: /home/me597/ros2/sim_ws/install/task_2_interfaces/share/ament_index/resource_index/package_run_dependencies/task_2_interfaces\n'}
[2.877956] (task_2_interfaces) StdoutLine: {'line': b'-- Up-to-date symlink: /home/me597/ros2/sim_ws/install/task_2_interfaces/share/ament_index/resource_index/parent_prefix_path/task_2_interfaces\n'}
[2.877977] (task_2_interfaces) StdoutLine: {'line': b'-- Up-to-date symlink: /home/me597/ros2/sim_ws/install/task_2_interfaces/share/task_2_interfaces/environment/ament_prefix_path.sh\n'}
[2.890899] (task_2_interfaces) StdoutLine: {'line': b'-- Up-to-date symlink: /home/me597/ros2/sim_ws/install/task_2_interfaces/share/task_2_interfaces/environment/ament_prefix_path.dsv\n'}
[2.891043] (task_2_interfaces) StdoutLine: {'line': b'-- Up-to-date symlink: /home/me597/ros2/sim_ws/install/task_2_interfaces/share/task_2_interfaces/environment/path.sh\n'}
[2.891075] (task_2_interfaces) StdoutLine: {'line': b'-- Up-to-date symlink: /home/me597/ros2/sim_ws/install/task_2_interfaces/share/task_2_interfaces/environment/path.dsv\n'}
[2.891100] (task_2_interfaces) StdoutLine: {'line': b'-- Up-to-date symlink: /home/me597/ros2/sim_ws/install/task_2_interfaces/share/task_2_interfaces/local_setup.bash\n'}
[2.891125] (task_2_interfaces) StdoutLine: {'line': b'-- Up-to-date symlink: /home/me597/ros2/sim_ws/install/task_2_interfaces/share/task_2_interfaces/local_setup.sh\n'}
[2.891148] (task_2_interfaces) StdoutLine: {'line': b'-- Up-to-date symlink: /home/me597/ros2/sim_ws/install/task_2_interfaces/share/task_2_interfaces/local_setup.zsh\n'}
[2.891171] (task_2_interfaces) StdoutLine: {'line': b'-- Up-to-date symlink: /home/me597/ros2/sim_ws/install/task_2_interfaces/share/task_2_interfaces/local_setup.dsv\n'}
[2.891194] (task_2_interfaces) StdoutLine: {'line': b'-- Symlinking: /home/me597/ros2/sim_ws/install/task_2_interfaces/share/task_2_interfaces/package.dsv\n'}
[2.891264] (task_2_interfaces) StdoutLine: {'line': b'-- Up-to-date symlink: /home/me597/ros2/sim_ws/install/task_2_interfaces/share/ament_index/resource_index/packages/task_2_interfaces\n'}
[2.891296] (task_2_interfaces) StdoutLine: {'line': b'-- Up-to-date symlink: /home/me597/ros2/sim_ws/install/task_2_interfaces/share/task_2_interfaces/cmake/rosidl_cmake-extras.cmake\n'}
[2.891320] (task_2_interfaces) StdoutLine: {'line': b'-- Up-to-date symlink: /home/me597/ros2/sim_ws/install/task_2_interfaces/share/task_2_interfaces/cmake/ament_cmake_export_dependencies-extras.cmake\n'}
[2.891351] (task_2_interfaces) StdoutLine: {'line': b'-- Up-to-date symlink: /home/me597/ros2/sim_ws/install/task_2_interfaces/share/task_2_interfaces/cmake/ament_cmake_export_include_directories-extras.cmake\n'}
[2.891376] (task_2_interfaces) StdoutLine: {'line': b'-- Up-to-date symlink: /home/me597/ros2/sim_ws/install/task_2_interfaces/share/task_2_interfaces/cmake/ament_cmake_export_libraries-extras.cmake\n'}
[2.891399] (task_2_interfaces) StdoutLine: {'line': b'-- Up-to-date symlink: /home/me597/ros2/sim_ws/install/task_2_interfaces/share/task_2_interfaces/cmake/ament_cmake_export_targets-extras.cmake\n'}
[2.891421] (task_2_interfaces) StdoutLine: {'line': b'-- Up-to-date symlink: /home/me597/ros2/sim_ws/install/task_2_interfaces/share/task_2_interfaces/cmake/rosidl_cmake_export_typesupport_targets-extras.cmake\n'}
[2.891444] (task_2_interfaces) StdoutLine: {'line': b'-- Up-to-date symlink: /home/me597/ros2/sim_ws/install/task_2_interfaces/share/task_2_interfaces/cmake/rosidl_cmake_export_typesupport_libraries-extras.cmake\n'}
[2.893956] (task_2_interfaces) StdoutLine: {'line': b'-- Up-to-date symlink: /home/me597/ros2/sim_ws/install/task_2_interfaces/share/task_2_interfaces/cmake/task_2_interfacesConfig.cmake\n'}
[2.894292] (task_2_interfaces) StdoutLine: {'line': b'-- Up-to-date symlink: /home/me597/ros2/sim_ws/install/task_2_interfaces/share/task_2_interfaces/cmake/task_2_interfacesConfig-version.cmake\n'}
[2.894391] (task_2_interfaces) StdoutLine: {'line': b'-- Up-to-date symlink: /home/me597/ros2/sim_ws/install/task_2_interfaces/share/task_2_interfaces/package.xml\n'}
[2.894423] (task_2_interfaces) StdoutLine: {'line': b'-- Up-to-date: /home/me597/ros2/sim_ws/install/task_2_interfaces/lib/libtask_2_interfaces__rosidl_generator_c.so\n'}
[2.894451] (task_2_interfaces) StdoutLine: {'line': b'-- Up-to-date: /home/me597/ros2/sim_ws/install/task_2_interfaces/lib/libtask_2_interfaces__rosidl_typesupport_fastrtps_c.so\n'}
[2.894479] (task_2_interfaces) StdoutLine: {'line': b'-- Up-to-date: /home/me597/ros2/sim_ws/install/task_2_interfaces/lib/libtask_2_interfaces__rosidl_typesupport_fastrtps_cpp.so\n'}
[2.894505] (task_2_interfaces) StdoutLine: {'line': b'-- Up-to-date: /home/me597/ros2/sim_ws/install/task_2_interfaces/lib/libtask_2_interfaces__rosidl_typesupport_introspection_c.so\n'}
[2.894625] (task_2_interfaces) StdoutLine: {'line': b'-- Up-to-date: /home/me597/ros2/sim_ws/install/task_2_interfaces/lib/libtask_2_interfaces__rosidl_typesupport_c.so\n'}
[2.894679] (task_2_interfaces) StdoutLine: {'line': b'-- Up-to-date: /home/me597/ros2/sim_ws/install/task_2_interfaces/lib/libtask_2_interfaces__rosidl_typesupport_introspection_cpp.so\n'}
[2.894709] (task_2_interfaces) StdoutLine: {'line': b'-- Up-to-date: /home/me597/ros2/sim_ws/install/task_2_interfaces/lib/libtask_2_interfaces__rosidl_typesupport_cpp.so\n'}
[2.911790] (-) TimerEvent: {}
[2.972597] (task_2_interfaces) StdoutLine: {'line': b"Listing '/home/me597/ros2/sim_ws/install/task_2_interfaces/local/lib/python3.10/dist-packages/task_2_interfaces'...\n"}
[2.972733] (task_2_interfaces) StdoutLine: {'line': b"Compiling '/home/me597/ros2/sim_ws/install/task_2_interfaces/local/lib/python3.10/dist-packages/task_2_interfaces/__init__.py'...\n"}
[2.972770] (task_2_interfaces) StdoutLine: {'line': b"Listing '/home/me597/ros2/sim_ws/install/task_2_interfaces/local/lib/python3.10/dist-packages/task_2_interfaces/msg'...\n"}
[2.972798] (task_2_interfaces) StdoutLine: {'line': b"Listing '/home/me597/ros2/sim_ws/install/task_2_interfaces/local/lib/python3.10/dist-packages/task_2_interfaces/srv'...\n"}
[2.972833] (task_2_interfaces) StdoutLine: {'line': b'-- Up-to-date: /home/me597/ros2/sim_ws/install/task_2_interfaces/lib/libtask_2_interfaces__rosidl_generator_py.so\n'}
[2.972859] (task_2_interfaces) StdoutLine: {'line': b'-- Up-to-date: /home/me597/ros2/sim_ws/install/task_2_interfaces/share/task_2_interfaces/cmake/export_task_2_interfaces__rosidl_generator_cExport.cmake\n'}
[2.972888] (task_2_interfaces) StdoutLine: {'line': b'-- Up-to-date: /home/me597/ros2/sim_ws/install/task_2_interfaces/share/task_2_interfaces/cmake/export_task_2_interfaces__rosidl_generator_cExport-noconfig.cmake\n'}
[2.972913] (task_2_interfaces) StdoutLine: {'line': b'-- Up-to-date: /home/me597/ros2/sim_ws/install/task_2_interfaces/share/task_2_interfaces/cmake/export_task_2_interfaces__rosidl_typesupport_fastrtps_cExport.cmake\n'}
[2.972938] (task_2_interfaces) StdoutLine: {'line': b'-- Up-to-date: /home/me597/ros2/sim_ws/install/task_2_interfaces/share/task_2_interfaces/cmake/export_task_2_interfaces__rosidl_typesupport_fastrtps_cExport-noconfig.cmake\n'}
[2.972962] (task_2_interfaces) StdoutLine: {'line': b'-- Up-to-date: /home/me597/ros2/sim_ws/install/task_2_interfaces/share/task_2_interfaces/cmake/export_task_2_interfaces__rosidl_generator_cppExport.cmake\n'}
[2.972987] (task_2_interfaces) StdoutLine: {'line': b'-- Up-to-date: /home/me597/ros2/sim_ws/install/task_2_interfaces/share/task_2_interfaces/cmake/export_task_2_interfaces__rosidl_typesupport_fastrtps_cppExport.cmake\n'}
[2.973011] (task_2_interfaces) StdoutLine: {'line': b'-- Up-to-date: /home/me597/ros2/sim_ws/install/task_2_interfaces/share/task_2_interfaces/cmake/export_task_2_interfaces__rosidl_typesupport_fastrtps_cppExport-noconfig.cmake\n'}
[2.973036] (task_2_interfaces) StdoutLine: {'line': b'-- Up-to-date: /home/me597/ros2/sim_ws/install/task_2_interfaces/share/task_2_interfaces/cmake/task_2_interfaces__rosidl_typesupport_introspection_cExport.cmake\n'}
[2.973063] (task_2_interfaces) StdoutLine: {'line': b'-- Up-to-date: /home/me597/ros2/sim_ws/install/task_2_interfaces/share/task_2_interfaces/cmake/task_2_interfaces__rosidl_typesupport_introspection_cExport-noconfig.cmake\n'}
[2.973088] (task_2_interfaces) StdoutLine: {'line': b'-- Up-to-date: /home/me597/ros2/sim_ws/install/task_2_interfaces/share/task_2_interfaces/cmake/task_2_interfaces__rosidl_typesupport_cExport.cmake\n'}
[2.973113] (task_2_interfaces) StdoutLine: {'line': b'-- Up-to-date: /home/me597/ros2/sim_ws/install/task_2_interfaces/share/task_2_interfaces/cmake/task_2_interfaces__rosidl_typesupport_cExport-noconfig.cmake\n'}
[2.973137] (task_2_interfaces) StdoutLine: {'line': b'-- Up-to-date: /home/me597/ros2/sim_ws/install/task_2_interfaces/share/task_2_interfaces/cmake/task_2_interfaces__rosidl_typesupport_introspection_cppExport.cmake\n'}
[2.973160] (task_2_interfaces) StdoutLine: {'line': b'-- Up-to-date: /home/me597/ros2/sim_ws/install/task_2_interfaces/share/task_2_interfaces/cmake/task_2_interfaces__rosidl_typesupport_introspection_cppExport-noconfig.cmake\n'}
[2.973185] (task_2_interfaces) StdoutLine: {'line': b'-- Up-to-date: /home/me597/ros2/sim_ws/install/task_2_interfaces/share/task_2_interfaces/cmake/task_2_interfaces__rosidl_typesupport_cppExport.cmake\n'}
[2.973209] (task_2_interfaces) StdoutLine: {'line': b'-- Up-to-date: /home/me597/ros2/sim_ws/install/task_2_interfaces/share/task_2_interfaces/cmake/task_2_interfaces__rosidl_typesupport_cppExport-noconfig.cmake\n'}
[2.973236] (task_2_interfaces) StdoutLine: {'line': b'-- Up-to-date: /home/me597/ros2/sim_ws/install/task_2_interfaces/share/task_2_interfaces/cmake/export_task_2_interfaces__rosidl_generator_pyExport.cmake\n'}
[2.973260] (task_2_interfaces) StdoutLine: {'line': b'-- Up-to-date: /home/me597/ros2/sim_ws/install/task_2_interfaces/share/task_2_interfaces/cmake/export_task_2_interfaces__rosidl_generator_pyExport-noconfig.cmake\n'}
[2.975534] (task_2_interfaces) CommandEnded: {'returncode': 0}
[2.996830] (sim_utils) Command: {'cmd': ['/usr/bin/python3', '-W', 'ignore:setup.py install is deprecated', 'setup.py', 'develop', '--editable', '--build-directory', '/home/me597/ros2/sim_ws/build/sim_utils/build', '--no-deps', 'symlink_data', '--force'], 'cwd': '/home/me597/ros2/sim_ws/build/sim_utils', 'env': {'GJS_DEBUG_TOPICS': 'JS ERROR;JS LOG', 'LESSOPEN': '| /usr/bin/lesspipe %s', 'USER': 'me597', 'GIO_MODULE_DIR': '/home/me597/snap/code/common/.cache/gio-modules', 'XDG_SESSION_TYPE': 'wayland', 'GIT_ASKPASS': '/snap/code/167/usr/share/code/resources/app/extensions/git/dist/askpass.sh', 'GTK_EXE_PREFIX_VSCODE_SNAP_ORIG': '', 'GDK_BACKEND_VSCODE_SNAP_ORIG': '', 'SHLVL': '1', 'LD_LIBRARY_PATH': '/usr/lib/x86_64-linux-gnu/gazebo-11/plugins:/opt/ros/humble/opt/rviz_ogre_vendor/lib:/opt/ros/humble/lib/x86_64-linux-gnu:/opt/ros/humble/lib', 'HOME': '/home/me597', 'CHROME_DESKTOP': 'code-url-handler.desktop', 'LOCPATH_VSCODE_SNAP_ORIG': '', 'TERM_PROGRAM_VERSION': '1.92.2', 'DESKTOP_SESSION': 'ubuntu', 'GTK_PATH': '/snap/code/167/usr/lib/x86_64-linux-gnu/gtk-3.0', 'GTK_IM_MODULE_FILE': '/home/me597/snap/code/common/.cache/immodules/immodules.cache', 'GIO_LAUNCHED_DESKTOP_FILE': '/var/lib/snapd/desktop/applications/code_code.desktop', 'ROS_PYTHON_VERSION': '3', 'GNOME_SHELL_SESSION_MODE': 'ubuntu', 'GTK_MODULES': 'gail:atk-bridge', 'GSETTINGS_SCHEMA_DIR_VSCODE_SNAP_ORIG': '', 'VSCODE_GIT_ASKPASS_MAIN': '/snap/code/167/usr/share/code/resources/app/extensions/git/dist/askpass-main.js', 'VSCODE_GIT_ASKPASS_NODE': '/snap/code/167/usr/share/code/code', 'MANAGERPID': '1433', 'PYDEVD_DISABLE_FILE_VALIDATION': '1', 'SYSTEMD_EXEC_PID': '1589', 'BUNDLED_DEBUGPY_PATH': '/home/me597/.vscode/extensions/ms-python.debugpy-2026.6.0-linux-x64/bundled/libs/debugpy', 'IM_CONFIG_CHECK_ENV': '1', 'DBUS_SESSION_BUS_ADDRESS': 'unix:path=/run/user/1000/bus', 'COLORTERM': 'truecolor', 'GIO_LAUNCHED_DESKTOP_FILE_PID': '26594', 'IM_CONFIG_PHASE': '1', 'WAYLAND_DISPLAY': 'wayland-0', 'ROS_DISTRO': 'humble', 'LOGNAME': 'me597', 'JOURNAL_STREAM': '8:24741', '_': '/usr/bin/colcon', 'ROS_VERSION': '2', 'XDG_CONFIG_DIRS_VSCODE_SNAP_ORIG': '/etc/xdg/xdg-ubuntu:/etc/xdg', 'XDG_SESSION_CLASS': 'user', 'XDG_DATA_DIRS_VSCODE_SNAP_ORIG': '/usr/share/ubuntu:/usr/local/share/:/usr/share/:/var/lib/snapd/desktop', 'USERNAME': 'me597', 'TERM': 'xterm-256color', 'GNOME_DESKTOP_SESSION_ID': 'this-is-deprecated', 'ROS_LOCALHOST_ONLY': '1', 'PATH': '/opt/ros/humble/bin:/usr/local/sbin:/usr/local/bin:/usr/sbin:/usr/bin:/sbin:/bin:/usr/games:/usr/local/games:/snap/bin:/snap/bin:/home/me597/.vscode/extensions/ms-python.debugpy-2026.6.0-linux-x64/bundled/scripts/noConfigScripts', 'SESSION_MANAGER': 'local/me597:@/tmp/.ICE-unix/1557,unix/me597:/tmp/.ICE-unix/1557', 'GTK_EXE_PREFIX': '/snap/code/167/usr', 'INVOCATION_ID': '7cfc1821308f441bbaf5abc93b853ff0', 'XDG_MENU_PREFIX': 'gnome-', 'GNOME_SETUP_DISPLAY': ':1', 'XDG_RUNTIME_DIR': '/run/user/1000', 'GDK_BACKEND': 'x11', 'DISPLAY': ':0', 'LOCPATH': '/snap/code/167/usr/lib/locale', 'VSCODE_DEBUGPY_ADAPTER_ENDPOINTS': '/home/me597/.vscode/extensions/ms-python.debugpy-2026.6.0-linux-x64/.noConfigDebugAdapterEndpoints/endpoint-a2bb43af5ae14731.txt', 'LANG': 'en_US.UTF-8', 'XDG_CURRENT_DESKTOP': 'Unity', 'GIO_MODULE_DIR_VSCODE_SNAP_ORIG': '', 'XMODIFIERS': '@im=ibus', 'XDG_SESSION_DESKTOP': 'ubuntu', 'XAUTHORITY': '/run/user/1000/.mutter-Xwaylandauth.M84UV3', 'LS_COLORS': 'rs=0:di=01;34:ln=01;36:mh=00:pi=40;33:so=01;35:do=01;35:bd=40;33;01:cd=40;33;01:or=40;31;01:mi=00:su=37;41:sg=30;43:ca=30;41:tw=30;42:ow=34;42:st=37;44:ex=01;32:*.tar=01;31:*.tgz=01;31:*.arc=01;31:*.arj=01;31:*.taz=01;31:*.lha=01;31:*.lz4=01;31:*.lzh=01;31:*.lzma=01;31:*.tlz=01;31:*.txz=01;31:*.tzo=01;31:*.t7z=01;31:*.zip=01;31:*.z=01;31:*.dz=01;31:*.gz=01;31:*.lrz=01;31:*.lz=01;31:*.lzo=01;31:*.xz=01;31:*.zst=01;31:*.tzst=01;31:*.bz2=01;31:*.bz=01;31:*.tbz=01;31:*.tbz2=01;31:*.tz=01;31:*.deb=01;31:*.rpm=01;31:*.jar=01;31:*.war=01;31:*.ear=01;31:*.sar=01;31:*.rar=01;31:*.alz=01;31:*.ace=01;31:*.zoo=01;31:*.cpio=01;31:*.7z=01;31:*.rz=01;31:*.cab=01;31:*.wim=01;31:*.swm=01;31:*.dwm=01;31:*.esd=01;31:*.jpg=01;35:*.jpeg=01;35:*.mjpg=01;35:*.mjpeg=01;35:*.gif=01;35:*.bmp=01;35:*.pbm=01;35:*.pgm=01;35:*.ppm=01;35:*.tga=01;35:*.xbm=01;35:*.xpm=01;35:*.tif=01;35:*.tiff=01;35:*.png=01;35:*.svg=01;35:*.svgz=01;35:*.mng=01;35:*.pcx=01;35:*.mov=01;35:*.mpg=01;35:*.mpeg=01;35:*.m2v=01;35:*.mkv=01;35:*.webm=01;35:*.webp=01;35:*.ogm=01;35:*.mp4=01;35:*.m4v=01;35:*.mp4v=01;35:*.vob=01;35:*.qt=01;35:*.nuv=01;35:*.wmv=01;35:*.asf=01;35:*.rm=01;35:*.rmvb=01;35:*.flc=01;35:*.avi=01;35:*.fli=01;35:*.flv=01;35:*.gl=01;35:*.dl=01;35:*.xcf=01;35:*.xwd=01;35:*.yuv=01;35:*.cgm=01;35:*.emf=01;35:*.ogv=01;35:*.ogx=01;35:*.aac=00;36:*.au=00;36:*.flac=00;36:*.m4a=00;36:*.mid=00;36:*.midi=00;36:*.mka=00;36:*.mp3=00;36:*.mpc=00;36:*.ogg=00;36:*.ra=00;36:*.wav=00;36:*.oga=00;36:*.opus=00;36:*.spx=00;36:*.xspf=00;36:', 'VSCODE_GIT_IPC_HANDLE': '/run/user/1000/vscode-git-5342160831.sock', 'TERM_PROGRAM': 'vscode', 'SSH_AGENT_LAUNCHER': 'gnome-keyring', 'SSH_AUTH_SOCK': '/run/user/1000/keyring/ssh', 'GSETTINGS_SCHEMA_DIR': '/home/me597/snap/code/167/.local/share/glib-2.0/schemas', 'ROS_DOMAIN_ID': '06', 'AMENT_PREFIX_PATH': '/opt/ros/humble', 'ORIGINAL_XDG_CURRENT_DESKTOP': 'ubuntu:GNOME', 'SHELL': '/bin/bash', 'QT_ACCESSIBILITY': '1', 'GDMSESSION': 'ubuntu', 'LESSCLOSE': '/usr/bin/lesspipe %s %s', 'GTK_PATH_VSCODE_SNAP_ORIG': '', 'GTK_IM_MODULE_FILE_VSCODE_SNAP_ORIG': '', 'GJS_DEBUG_OUTPUT': 'stderr', 'VSCODE_GIT_ASKPASS_EXTRA_ARGS': '', 'QT_IM_MODULE': 'ibus', 'PWD': '/home/me597/ros2/sim_ws/build/sim_utils', 'TURTLEBOT3_MODEL': 'waffle', 'LC_ALL': 'en_US.UTF-8', 'XDG_CONFIG_DIRS': '/etc/xdg/xdg-ubuntu:/etc/xdg', 'XDG_DATA_DIRS': '/home/me597/snap/code/167/.local/share:/home/me597/snap/code/167:/snap/code/167/usr/share:/usr/share/ubuntu:/usr/local/share/:/usr/share/:/var/lib/snapd/desktop', 'PYTHONPATH': '/home/me597/ros2/sim_ws/build/sim_utils/prefix_override:/usr/lib/python3/dist-packages/colcon_core/task/python/colcon_distutils_commands:/home/me597/ros2/sim_ws/install/sim_utils/lib/python3.10/site-packages:/opt/ros/humble/lib/python3.10/site-packages:/opt/ros/humble/local/lib/python3.10/dist-packages', 'COLCON': '1'}, 'shell': False}
[3.013245] (-) TimerEvent: {}
[3.125468] (-) TimerEvent: {}
[3.225940] (-) TimerEvent: {}
[3.230803] (task_2_interfaces) JobEnded: {'identifier': 'task_2_interfaces', 'rc': 0}
[3.233388] (task_1) JobStarted: {'identifier': 'task_1'}
[3.326441] (-) TimerEvent: {}
[3.389713] (sim_utils) StdoutLine: {'line': b'running develop\n'}
[3.389892] (sim_utils) StderrLine: {'line': b'/usr/lib/python3/dist-packages/setuptools/command/easy_install.py:158: EasyInstallDeprecationWarning: easy_install command is deprecated. Use build and pip and other standards-based tools.\n'}
[3.389939] (sim_utils) StderrLine: {'line': b'  warnings.warn(\n'}
[3.430693] (-) TimerEvent: {}
[3.534077] (-) TimerEvent: {}
[3.634906] (-) TimerEvent: {}
[3.640591] (sim_utils) StdoutLine: {'line': b'running egg_info\n'}
[3.641069] (sim_utils) StdoutLine: {'line': b'writing sim_utils.egg-info/PKG-INFO\n'}
[3.641651] (sim_utils) StdoutLine: {'line': b'writing dependency_links to sim_utils.egg-info/dependency_links.txt\n'}
[3.642000] (sim_utils) StdoutLine: {'line': b'writing entry points to sim_utils.egg-info/entry_points.txt\n'}
[3.642281] (sim_utils) StdoutLine: {'line': b'writing requirements to sim_utils.egg-info/requires.txt\n'}
[3.642642] (sim_utils) StdoutLine: {'line': b'writing top-level names to sim_utils.egg-info/top_level.txt\n'}
[3.646645] (sim_utils) StdoutLine: {'line': b"reading manifest file 'sim_utils.egg-info/SOURCES.txt'\n"}
[3.646802] (sim_utils) StdoutLine: {'line': b"writing manifest file 'sim_utils.egg-info/SOURCES.txt'\n"}
[3.651800] (sim_utils) StdoutLine: {'line': b'running build_ext\n'}
[3.651898] (sim_utils) StdoutLine: {'line': b'Creating /home/me597/ros2/sim_ws/install/sim_utils/lib/python3.10/site-packages/sim-utils.egg-link (link to .)\n'}
[3.653176] (sim_utils) StdoutLine: {'line': b'Installing red_ball_controller script to /home/me597/ros2/sim_ws/install/sim_utils/lib/sim_utils\n'}
[3.653264] (sim_utils) StdoutLine: {'line': b'\n'}
[3.653298] (sim_utils) StdoutLine: {'line': b'Installed /home/me597/ros2/sim_ws/build/sim_utils\n'}
[3.653325] (sim_utils) StdoutLine: {'line': b'running symlink_data\n'}
[3.653351] (sim_utils) StdoutLine: {'line': b'symbolically linking /home/me597/ros2/sim_ws/build/sim_utils/resource/sim_utils -> /home/me597/ros2/sim_ws/install/sim_utils/share/ament_index/resource_index/packages\n'}
[3.653379] (sim_utils) StdoutLine: {'line': b'symbolically linking /home/me597/ros2/sim_ws/build/sim_utils/package.xml -> /home/me597/ros2/sim_ws/install/sim_utils/share/sim_utils\n'}
[3.707861] (sim_utils) CommandEnded: {'returncode': 0}
[3.716404] (sim_utils) JobEnded: {'identifier': 'sim_utils', 'rc': 0}
[3.716756] (turtlebot3_gazebo) JobStarted: {'identifier': 'turtlebot3_gazebo'}
[3.737558] (turtlebot3_gazebo) JobProgress: {'identifier': 'turtlebot3_gazebo', 'progress': 'cmake'}
[3.737622] (-) TimerEvent: {}
[3.743638] (turtlebot3_gazebo) Command: {'cmd': ['/usr/bin/cmake', '/home/me597/ros2/sim_ws/src/turtlebot3_gazebo', '-DAMENT_CMAKE_SYMLINK_INSTALL=1', '-DCMAKE_INSTALL_PREFIX=/home/me597/ros2/sim_ws/install/turtlebot3_gazebo'], 'cwd': '/home/me597/ros2/sim_ws/build/turtlebot3_gazebo', 'env': OrderedDict([('GJS_DEBUG_TOPICS', 'JS ERROR;JS LOG'), ('LESSOPEN', '| /usr/bin/lesspipe %s'), ('USER', 'me597'), ('GIO_MODULE_DIR', '/home/me597/snap/code/common/.cache/gio-modules'), ('XDG_SESSION_TYPE', 'wayland'), ('GIT_ASKPASS', '/snap/code/167/usr/share/code/resources/app/extensions/git/dist/askpass.sh'), ('GTK_EXE_PREFIX_VSCODE_SNAP_ORIG', ''), ('GDK_BACKEND_VSCODE_SNAP_ORIG', ''), ('SHLVL', '1'), ('LD_LIBRARY_PATH', '/usr/lib/x86_64-linux-gnu/gazebo-11/plugins:/opt/ros/humble/opt/rviz_ogre_vendor/lib:/opt/ros/humble/lib/x86_64-linux-gnu:/opt/ros/humble/lib'), ('HOME', '/home/me597'), ('CHROME_DESKTOP', 'code-url-handler.desktop'), ('LOCPATH_VSCODE_SNAP_ORIG', ''), ('TERM_PROGRAM_VERSION', '1.92.2'), ('DESKTOP_SESSION', 'ubuntu'), ('GTK_PATH', '/snap/code/167/usr/lib/x86_64-linux-gnu/gtk-3.0'), ('GTK_IM_MODULE_FILE', '/home/me597/snap/code/common/.cache/immodules/immodules.cache'), ('GIO_LAUNCHED_DESKTOP_FILE', '/var/lib/snapd/desktop/applications/code_code.desktop'), ('ROS_PYTHON_VERSION', '3'), ('GNOME_SHELL_SESSION_MODE', 'ubuntu'), ('GTK_MODULES', 'gail:atk-bridge'), ('GSETTINGS_SCHEMA_DIR_VSCODE_SNAP_ORIG', ''), ('VSCODE_GIT_ASKPASS_MAIN', '/snap/code/167/usr/share/code/resources/app/extensions/git/dist/askpass-main.js'), ('VSCODE_GIT_ASKPASS_NODE', '/snap/code/167/usr/share/code/code'), ('MANAGERPID', '1433'), ('PYDEVD_DISABLE_FILE_VALIDATION', '1'), ('SYSTEMD_EXEC_PID', '1589'), ('BUNDLED_DEBUGPY_PATH', '/home/me597/.vscode/extensions/ms-python.debugpy-2026.6.0-linux-x64/bundled/libs/debugpy'), ('IM_CONFIG_CHECK_ENV', '1'), ('DBUS_SESSION_BUS_ADDRESS', 'unix:path=/run/user/1000/bus'), ('COLORTERM', 'truecolor'), ('GIO_LAUNCHED_DESKTOP_FILE_PID', '26594'), ('IM_CONFIG_PHASE', '1'), ('WAYLAND_DISPLAY', 'wayland-0'), ('ROS_DISTRO', 'humble'), ('LOGNAME', 'me597'), ('JOURNAL_STREAM', '8:24741'), ('_', '/usr/bin/colcon'), ('ROS_VERSION', '2'), ('XDG_CONFIG_DIRS_VSCODE_SNAP_ORIG', '/etc/xdg/xdg-ubuntu:/etc/xdg'), ('XDG_SESSION_CLASS', 'user'), ('XDG_DATA_DIRS_VSCODE_SNAP_ORIG', '/usr/share/ubuntu:/usr/local/share/:/usr/share/:/var/lib/snapd/desktop'), ('USERNAME', 'me597'), ('TERM', 'xterm-256color'), ('GNOME_DESKTOP_SESSION_ID', 'this-is-deprecated'), ('ROS_LOCALHOST_ONLY', '1'), ('PATH', '/opt/ros/humble/bin:/usr/local/sbin:/usr/local/bin:/usr/sbin:/usr/bin:/sbin:/bin:/usr/games:/usr/local/games:/snap/bin:/snap/bin:/home/me597/.vscode/extensions/ms-python.debugpy-2026.6.0-linux-x64/bundled/scripts/noConfigScripts'), ('SESSION_MANAGER', 'local/me597:@/tmp/.ICE-unix/1557,unix/me597:/tmp/.ICE-unix/1557'), ('GTK_EXE_PREFIX', '/snap/code/167/usr'), ('INVOCATION_ID', '7cfc1821308f441bbaf5abc93b853ff0'), ('XDG_MENU_PREFIX', 'gnome-'), ('GNOME_SETUP_DISPLAY', ':1'), ('XDG_RUNTIME_DIR', '/run/user/1000'), ('GDK_BACKEND', 'x11'), ('DISPLAY', ':0'), ('LOCPATH', '/snap/code/167/usr/lib/locale'), ('VSCODE_DEBUGPY_ADAPTER_ENDPOINTS', '/home/me597/.vscode/extensions/ms-python.debugpy-2026.6.0-linux-x64/.noConfigDebugAdapterEndpoints/endpoint-a2bb43af5ae14731.txt'), ('LANG', 'en_US.UTF-8'), ('XDG_CURRENT_DESKTOP', 'Unity'), ('GIO_MODULE_DIR_VSCODE_SNAP_ORIG', ''), ('XMODIFIERS', '@im=ibus'), ('XDG_SESSION_DESKTOP', 'ubuntu'), ('XAUTHORITY', '/run/user/1000/.mutter-Xwaylandauth.M84UV3'), ('LS_COLORS', 'rs=0:di=01;34:ln=01;36:mh=00:pi=40;33:so=01;35:do=01;35:bd=40;33;01:cd=40;33;01:or=40;31;01:mi=00:su=37;41:sg=30;43:ca=30;41:tw=30;42:ow=34;42:st=37;44:ex=01;32:*.tar=01;31:*.tgz=01;31:*.arc=01;31:*.arj=01;31:*.taz=01;31:*.lha=01;31:*.lz4=01;31:*.lzh=01;31:*.lzma=01;31:*.tlz=01;31:*.txz=01;31:*.tzo=01;31:*.t7z=01;31:*.zip=01;31:*.z=01;31:*.dz=01;31:*.gz=01;31:*.lrz=01;31:*.lz=01;31:*.lzo=01;31:*.xz=01;31:*.zst=01;31:*.tzst=01;31:*.bz2=01;31:*.bz=01;31:*.tbz=01;31:*.tbz2=01;31:*.tz=01;31:*.deb=01;31:*.rpm=01;31:*.jar=01;31:*.war=01;31:*.ear=01;31:*.sar=01;31:*.rar=01;31:*.alz=01;31:*.ace=01;31:*.zoo=01;31:*.cpio=01;31:*.7z=01;31:*.rz=01;31:*.cab=01;31:*.wim=01;31:*.swm=01;31:*.dwm=01;31:*.esd=01;31:*.jpg=01;35:*.jpeg=01;35:*.mjpg=01;35:*.mjpeg=01;35:*.gif=01;35:*.bmp=01;35:*.pbm=01;35:*.pgm=01;35:*.ppm=01;35:*.tga=01;35:*.xbm=01;35:*.xpm=01;35:*.tif=01;35:*.tiff=01;35:*.png=01;35:*.svg=01;35:*.svgz=01;35:*.mng=01;35:*.pcx=01;35:*.mov=01;35:*.mpg=01;35:*.mpeg=01;35:*.m2v=01;35:*.mkv=01;35:*.webm=01;35:*.webp=01;35:*.ogm=01;35:*.mp4=01;35:*.m4v=01;35:*.mp4v=01;35:*.vob=01;35:*.qt=01;35:*.nuv=01;35:*.wmv=01;35:*.asf=01;35:*.rm=01;35:*.rmvb=01;35:*.flc=01;35:*.avi=01;35:*.fli=01;35:*.flv=01;35:*.gl=01;35:*.dl=01;35:*.xcf=01;35:*.xwd=01;35:*.yuv=01;35:*.cgm=01;35:*.emf=01;35:*.ogv=01;35:*.ogx=01;35:*.aac=00;36:*.au=00;36:*.flac=00;36:*.m4a=00;36:*.mid=00;36:*.midi=00;36:*.mka=00;36:*.mp3=00;36:*.mpc=00;36:*.ogg=00;36:*.ra=00;36:*.wav=00;36:*.oga=00;36:*.opus=00;36:*.spx=00;36:*.xspf=00;36:'), ('VSCODE_GIT_IPC_HANDLE', '/run/user/1000/vscode-git-5342160831.sock'), ('TERM_PROGRAM', 'vscode'), ('SSH_AGENT_LAUNCHER', 'gnome-keyring'), ('SSH_AUTH_SOCK', '/run/user/1000/keyring/ssh'), ('GSETTINGS_SCHEMA_DIR', '/home/me597/snap/code/167/.local/share/glib-2.0/schemas'), ('ROS_DOMAIN_ID', '06'), ('AMENT_PREFIX_PATH', '/opt/ros/humble'), ('ORIGINAL_XDG_CURRENT_DESKTOP', 'ubuntu:GNOME'), ('SHELL', '/bin/bash'), ('QT_ACCESSIBILITY', '1'), ('GDMSESSION', 'ubuntu'), ('LESSCLOSE', '/usr/bin/lesspipe %s %s'), ('GTK_PATH_VSCODE_SNAP_ORIG', ''), ('GTK_IM_MODULE_FILE_VSCODE_SNAP_ORIG', ''), ('GJS_DEBUG_OUTPUT', 'stderr'), ('VSCODE_GIT_ASKPASS_EXTRA_ARGS', ''), ('QT_IM_MODULE', 'ibus'), ('PWD', '/home/me597/ros2/sim_ws/build/turtlebot3_gazebo'), ('TURTLEBOT3_MODEL', 'waffle'), ('LC_ALL', 'en_US.UTF-8'), ('XDG_CONFIG_DIRS', '/etc/xdg/xdg-ubuntu:/etc/xdg'), ('XDG_DATA_DIRS', '/home/me597/snap/code/167/.local/share:/home/me597/snap/code/167:/snap/code/167/usr/share:/usr/share/ubuntu:/usr/local/share/:/usr/share/:/var/lib/snapd/desktop'), ('PYTHONPATH', '/opt/ros/humble/lib/python3.10/site-packages:/opt/ros/humble/local/lib/python3.10/dist-packages'), ('COLCON', '1'), ('CMAKE_PREFIX_PATH', '/opt/ros/humble')]), 'shell': False}
[3.773829] (turtlebot3_gazebo) StdoutLine: {'line': b'-- Found ament_cmake: 1.3.10 (/opt/ros/humble/share/ament_cmake/cmake)\n'}
[3.837785] (-) TimerEvent: {}
[3.938918] (-) TimerEvent: {}
[3.950897] (turtlebot3_gazebo) StdoutLine: {'line': b'-- Override CMake install command with custom implementation using symlinks instead of copying resources\n'}
[3.956675] (turtlebot3_gazebo) StderrLine: {'line': b'\x1b[33mCMake Warning (dev) at /usr/share/cmake-3.22/Modules/FindPackageHandleStandardArgs.cmake:438 (message):\n'}
[3.956846] (turtlebot3_gazebo) StderrLine: {'line': b'  The package name passed to `find_package_handle_standard_args` (PkgConfig)\n'}
[3.956885] (turtlebot3_gazebo) StderrLine: {'line': b'  does not match the name of the calling package (gazebo).  This can lead to\n'}
[3.956911] (turtlebot3_gazebo) StderrLine: {'line': b'  problems in calling code that expects `find_package` result variables\n'}
[3.956937] (turtlebot3_gazebo) StderrLine: {'line': b'  (e.g., `_FOUND`) to follow a certain pattern.\n'}
[3.956963] (turtlebot3_gazebo) StderrLine: {'line': b'Call Stack (most recent call first):\n'}
[3.956988] (turtlebot3_gazebo) StderrLine: {'line': b'  /usr/share/cmake-3.22/Modules/FindPkgConfig.cmake:99 (find_package_handle_standard_args)\n'}
[3.957013] (turtlebot3_gazebo) StderrLine: {'line': b'  /usr/lib/x86_64-linux-gnu/cmake/gazebo/gazebo-config.cmake:72 (include)\n'}
[3.957038] (turtlebot3_gazebo) StderrLine: {'line': b'  CMakeLists.txt:23 (find_package)\n'}
[3.957092] (turtlebot3_gazebo) StderrLine: {'line': b'This warning is for project developers.  Use -Wno-dev to suppress it.\n'}
[3.957118] (turtlebot3_gazebo) StderrLine: {'line': b'\x1b[0m\n'}
[3.997099] (turtlebot3_gazebo) StdoutLine: {'line': b'-- Found DART: /usr/include (Required is at least version "6.6") found components: dart \n'}
[4.030625] (turtlebot3_gazebo) StdoutLine: {'line': b'-- Found Protobuf: /usr/lib/x86_64-linux-gnu/libprotobuf.so (found version "3.12.4") \n'}
[4.030805] (turtlebot3_gazebo) StdoutLine: {'line': b'-- Looking for ignition-math6 -- found version 6.15.1\n'}
[4.038819] (turtlebot3_gazebo) StdoutLine: {'line': b'-- Searching for dependencies of ignition-math6\n'}
[4.039012] (-) TimerEvent: {}
[4.039096] (turtlebot3_gazebo) StdoutLine: {'line': b'-- Looking for OGRE...\n'}
[4.052004] (turtlebot3_gazebo) StdoutLine: {'line': b'-- Found Ogre Ghadamon (1.9.0)\n'}
[4.052146] (turtlebot3_gazebo) StdoutLine: {'line': b'-- Found OGRE: optimized;/usr/lib/x86_64-linux-gnu/libOgreMain.so;debug;/usr/lib/x86_64-linux-gnu/libOgreMain.so\n'}
[4.052195] (turtlebot3_gazebo) StdoutLine: {'line': b'-- Looking for OGRE_Paging...\n'}
[4.052224] (turtlebot3_gazebo) StdoutLine: {'line': b'-- Found OGRE_Paging: optimized;/usr/lib/x86_64-linux-gnu/libOgrePaging.so;debug;/usr/lib/x86_64-linux-gnu/libOgrePaging.so\n'}
[4.052256] (turtlebot3_gazebo) StdoutLine: {'line': b'-- Looking for OGRE_Terrain...\n'}
[4.052280] (turtlebot3_gazebo) StdoutLine: {'line': b'-- Found OGRE_Terrain: optimized;/usr/lib/x86_64-linux-gnu/libOgreTerrain.so;debug;/usr/lib/x86_64-linux-gnu/libOgreTerrain.so\n'}
[4.052304] (turtlebot3_gazebo) StdoutLine: {'line': b'-- Looking for OGRE_Property...\n'}
[4.052342] (turtlebot3_gazebo) StdoutLine: {'line': b'-- Found OGRE_Property: optimized;/usr/lib/x86_64-linux-gnu/libOgreProperty.so;debug;/usr/lib/x86_64-linux-gnu/libOgreProperty.so\n'}
[4.052368] (turtlebot3_gazebo) StdoutLine: {'line': b'-- Looking for OGRE_RTShaderSystem...\n'}
[4.052397] (turtlebot3_gazebo) StdoutLine: {'line': b'-- Found OGRE_RTShaderSystem: optimized;/usr/lib/x86_64-linux-gnu/libOgreRTShaderSystem.so;debug;/usr/lib/x86_64-linux-gnu/libOgreRTShaderSystem.so\n'}
[4.052425] (turtlebot3_gazebo) StdoutLine: {'line': b'-- Looking for OGRE_Volume...\n'}
[4.052451] (turtlebot3_gazebo) StdoutLine: {'line': b'-- Found OGRE_Volume: optimized;/usr/lib/x86_64-linux-gnu/libOgreVolume.so;debug;/usr/lib/x86_64-linux-gnu/libOgreVolume.so\n'}
[4.052487] (turtlebot3_gazebo) StdoutLine: {'line': b'-- Looking for OGRE_Overlay...\n'}
[4.052512] (turtlebot3_gazebo) StdoutLine: {'line': b'-- Found OGRE_Overlay: optimized;/usr/lib/x86_64-linux-gnu/libOgreOverlay.so;debug;/usr/lib/x86_64-linux-gnu/libOgreOverlay.so\n'}
[4.151744] (-) TimerEvent: {}
[4.152180] (turtlebot3_gazebo) StdoutLine: {'line': b'-- Looking for ignition-math6 -- found version 6.15.1\n'}
[4.152335] (turtlebot3_gazebo) StdoutLine: {'line': b'-- Looking for ignition-transport8 -- found version 8.2.1\n'}
[4.153343] (turtlebot3_gazebo) StdoutLine: {'line': b'-- Searching for dependencies of ignition-transport8\n'}
[4.175694] (task_1) Command: {'cmd': ['/usr/bin/python3', '-W', 'ignore:setup.py install is deprecated', 'setup.py', 'develop', '--editable', '--build-directory', '/home/me597/ros2/sim_ws/build/task_1/build', '--no-deps', 'symlink_data', '--force'], 'cwd': '/home/me597/ros2/sim_ws/build/task_1', 'env': {'GJS_DEBUG_TOPICS': 'JS ERROR;JS LOG', 'LESSOPEN': '| /usr/bin/lesspipe %s', 'USER': 'me597', 'GIO_MODULE_DIR': '/home/me597/snap/code/common/.cache/gio-modules', 'XDG_SESSION_TYPE': 'wayland', 'GIT_ASKPASS': '/snap/code/167/usr/share/code/resources/app/extensions/git/dist/askpass.sh', 'GTK_EXE_PREFIX_VSCODE_SNAP_ORIG': '', 'GDK_BACKEND_VSCODE_SNAP_ORIG': '', 'SHLVL': '1', 'LD_LIBRARY_PATH': '/usr/lib/x86_64-linux-gnu/gazebo-11/plugins:/opt/ros/humble/opt/rviz_ogre_vendor/lib:/opt/ros/humble/lib/x86_64-linux-gnu:/opt/ros/humble/lib', 'HOME': '/home/me597', 'CHROME_DESKTOP': 'code-url-handler.desktop', 'LOCPATH_VSCODE_SNAP_ORIG': '', 'TERM_PROGRAM_VERSION': '1.92.2', 'DESKTOP_SESSION': 'ubuntu', 'GTK_PATH': '/snap/code/167/usr/lib/x86_64-linux-gnu/gtk-3.0', 'GTK_IM_MODULE_FILE': '/home/me597/snap/code/common/.cache/immodules/immodules.cache', 'GIO_LAUNCHED_DESKTOP_FILE': '/var/lib/snapd/desktop/applications/code_code.desktop', 'ROS_PYTHON_VERSION': '3', 'GNOME_SHELL_SESSION_MODE': 'ubuntu', 'GTK_MODULES': 'gail:atk-bridge', 'GSETTINGS_SCHEMA_DIR_VSCODE_SNAP_ORIG': '', 'VSCODE_GIT_ASKPASS_MAIN': '/snap/code/167/usr/share/code/resources/app/extensions/git/dist/askpass-main.js', 'VSCODE_GIT_ASKPASS_NODE': '/snap/code/167/usr/share/code/code', 'MANAGERPID': '1433', 'PYDEVD_DISABLE_FILE_VALIDATION': '1', 'SYSTEMD_EXEC_PID': '1589', 'BUNDLED_DEBUGPY_PATH': '/home/me597/.vscode/extensions/ms-python.debugpy-2026.6.0-linux-x64/bundled/libs/debugpy', 'IM_CONFIG_CHECK_ENV': '1', 'DBUS_SESSION_BUS_ADDRESS': 'unix:path=/run/user/1000/bus', 'COLORTERM': 'truecolor', 'GIO_LAUNCHED_DESKTOP_FILE_PID': '26594', 'IM_CONFIG_PHASE': '1', 'WAYLAND_DISPLAY': 'wayland-0', 'ROS_DISTRO': 'humble', 'LOGNAME': 'me597', 'JOURNAL_STREAM': '8:24741', '_': '/usr/bin/colcon', 'ROS_VERSION': '2', 'XDG_CONFIG_DIRS_VSCODE_SNAP_ORIG': '/etc/xdg/xdg-ubuntu:/etc/xdg', 'XDG_SESSION_CLASS': 'user', 'XDG_DATA_DIRS_VSCODE_SNAP_ORIG': '/usr/share/ubuntu:/usr/local/share/:/usr/share/:/var/lib/snapd/desktop', 'USERNAME': 'me597', 'TERM': 'xterm-256color', 'GNOME_DESKTOP_SESSION_ID': 'this-is-deprecated', 'ROS_LOCALHOST_ONLY': '1', 'PATH': '/opt/ros/humble/bin:/usr/local/sbin:/usr/local/bin:/usr/sbin:/usr/bin:/sbin:/bin:/usr/games:/usr/local/games:/snap/bin:/snap/bin:/home/me597/.vscode/extensions/ms-python.debugpy-2026.6.0-linux-x64/bundled/scripts/noConfigScripts', 'SESSION_MANAGER': 'local/me597:@/tmp/.ICE-unix/1557,unix/me597:/tmp/.ICE-unix/1557', 'GTK_EXE_PREFIX': '/snap/code/167/usr', 'INVOCATION_ID': '7cfc1821308f441bbaf5abc93b853ff0', 'XDG_MENU_PREFIX': 'gnome-', 'GNOME_SETUP_DISPLAY': ':1', 'XDG_RUNTIME_DIR': '/run/user/1000', 'GDK_BACKEND': 'x11', 'DISPLAY': ':0', 'LOCPATH': '/snap/code/167/usr/lib/locale', 'VSCODE_DEBUGPY_ADAPTER_ENDPOINTS': '/home/me597/.vscode/extensions/ms-python.debugpy-2026.6.0-linux-x64/.noConfigDebugAdapterEndpoints/endpoint-a2bb43af5ae14731.txt', 'LANG': 'en_US.UTF-8', 'XDG_CURRENT_DESKTOP': 'Unity', 'GIO_MODULE_DIR_VSCODE_SNAP_ORIG': '', 'XMODIFIERS': '@im=ibus', 'XDG_SESSION_DESKTOP': 'ubuntu', 'XAUTHORITY': '/run/user/1000/.mutter-Xwaylandauth.M84UV3', 'LS_COLORS': 'rs=0:di=01;34:ln=01;36:mh=00:pi=40;33:so=01;35:do=01;35:bd=40;33;01:cd=40;33;01:or=40;31;01:mi=00:su=37;41:sg=30;43:ca=30;41:tw=30;42:ow=34;42:st=37;44:ex=01;32:*.tar=01;31:*.tgz=01;31:*.arc=01;31:*.arj=01;31:*.taz=01;31:*.lha=01;31:*.lz4=01;31:*.lzh=01;31:*.lzma=01;31:*.tlz=01;31:*.txz=01;31:*.tzo=01;31:*.t7z=01;31:*.zip=01;31:*.z=01;31:*.dz=01;31:*.gz=01;31:*.lrz=01;31:*.lz=01;31:*.lzo=01;31:*.xz=01;31:*.zst=01;31:*.tzst=01;31:*.bz2=01;31:*.bz=01;31:*.tbz=01;31:*.tbz2=01;31:*.tz=01;31:*.deb=01;31:*.rpm=01;31:*.jar=01;31:*.war=01;31:*.ear=01;31:*.sar=01;31:*.rar=01;31:*.alz=01;31:*.ace=01;31:*.zoo=01;31:*.cpio=01;31:*.7z=01;31:*.rz=01;31:*.cab=01;31:*.wim=01;31:*.swm=01;31:*.dwm=01;31:*.esd=01;31:*.jpg=01;35:*.jpeg=01;35:*.mjpg=01;35:*.mjpeg=01;35:*.gif=01;35:*.bmp=01;35:*.pbm=01;35:*.pgm=01;35:*.ppm=01;35:*.tga=01;35:*.xbm=01;35:*.xpm=01;35:*.tif=01;35:*.tiff=01;35:*.png=01;35:*.svg=01;35:*.svgz=01;35:*.mng=01;35:*.pcx=01;35:*.mov=01;35:*.mpg=01;35:*.mpeg=01;35:*.m2v=01;35:*.mkv=01;35:*.webm=01;35:*.webp=01;35:*.ogm=01;35:*.mp4=01;35:*.m4v=01;35:*.mp4v=01;35:*.vob=01;35:*.qt=01;35:*.nuv=01;35:*.wmv=01;35:*.asf=01;35:*.rm=01;35:*.rmvb=01;35:*.flc=01;35:*.avi=01;35:*.fli=01;35:*.flv=01;35:*.gl=01;35:*.dl=01;35:*.xcf=01;35:*.xwd=01;35:*.yuv=01;35:*.cgm=01;35:*.emf=01;35:*.ogv=01;35:*.ogx=01;35:*.aac=00;36:*.au=00;36:*.flac=00;36:*.m4a=00;36:*.mid=00;36:*.midi=00;36:*.mka=00;36:*.mp3=00;36:*.mpc=00;36:*.ogg=00;36:*.ra=00;36:*.wav=00;36:*.oga=00;36:*.opus=00;36:*.spx=00;36:*.xspf=00;36:', 'VSCODE_GIT_IPC_HANDLE': '/run/user/1000/vscode-git-5342160831.sock', 'TERM_PROGRAM': 'vscode', 'SSH_AGENT_LAUNCHER': 'gnome-keyring', 'SSH_AUTH_SOCK': '/run/user/1000/keyring/ssh', 'GSETTINGS_SCHEMA_DIR': '/home/me597/snap/code/167/.local/share/glib-2.0/schemas', 'ROS_DOMAIN_ID': '06', 'AMENT_PREFIX_PATH': '/opt/ros/humble', 'ORIGINAL_XDG_CURRENT_DESKTOP': 'ubuntu:GNOME', 'SHELL': '/bin/bash', 'QT_ACCESSIBILITY': '1', 'GDMSESSION': 'ubuntu', 'LESSCLOSE': '/usr/bin/lesspipe %s %s', 'GTK_PATH_VSCODE_SNAP_ORIG': '', 'GTK_IM_MODULE_FILE_VSCODE_SNAP_ORIG': '', 'GJS_DEBUG_OUTPUT': 'stderr', 'VSCODE_GIT_ASKPASS_EXTRA_ARGS': '', 'QT_IM_MODULE': 'ibus', 'PWD': '/home/me597/ros2/sim_ws/build/task_1', 'TURTLEBOT3_MODEL': 'waffle', 'LC_ALL': 'en_US.UTF-8', 'XDG_CONFIG_DIRS': '/etc/xdg/xdg-ubuntu:/etc/xdg', 'XDG_DATA_DIRS': '/home/me597/snap/code/167/.local/share:/home/me597/snap/code/167:/snap/code/167/usr/share:/usr/share/ubuntu:/usr/local/share/:/usr/share/:/var/lib/snapd/desktop', 'PYTHONPATH': '/home/me597/ros2/sim_ws/build/task_1/prefix_override:/usr/lib/python3/dist-packages/colcon_core/task/python/colcon_distutils_commands:/home/me597/ros2/sim_ws/install/task_1/lib/python3.10/site-packages:/opt/ros/humble/lib/python3.10/site-packages:/opt/ros/humble/local/lib/python3.10/dist-packages', 'COLCON': '1'}, 'shell': False}
[4.192591] (turtlebot3_gazebo) StdoutLine: {'line': b'-- Found Protobuf: /usr/lib/x86_64-linux-gnu/libprotobuf.so (found suitable version "3.12.4", minimum required is "3") \n'}
[4.201274] (turtlebot3_gazebo) StdoutLine: {'line': b'-- Config-file not installed for ZeroMQ -- checking for pkg-config\n'}
[4.206853] (turtlebot3_gazebo) StdoutLine: {'line': b"-- Checking for module 'libzmq >= 4'\n"}
[4.224693] (turtlebot3_gazebo) StdoutLine: {'line': b'--   Found libzmq , version 4.3.4\n'}
[4.261891] (-) TimerEvent: {}
[4.265731] (turtlebot3_gazebo) StdoutLine: {'line': b"-- Checking for module 'uuid'\n"}
[4.290899] (turtlebot3_gazebo) StdoutLine: {'line': b'--   Found uuid, version 2.37.2\n'}
[4.329188] (turtlebot3_gazebo) StdoutLine: {'line': b'-- Looking for ignition-msgs5 -- found version 5.8.1\n'}
[4.329544] (turtlebot3_gazebo) StdoutLine: {'line': b'-- Searching for dependencies of ignition-msgs5\n'}
[4.364934] (-) TimerEvent: {}
[4.366123] (turtlebot3_gazebo) StdoutLine: {'line': b'-- Looking for ignition-math6 -- found version 6.15.1\n'}
[4.366233] (turtlebot3_gazebo) StdoutLine: {'line': b"-- Checking for module 'tinyxml2'\n"}
[4.378957] (turtlebot3_gazebo) StdoutLine: {'line': b'--   Found tinyxml2, version 9.0.0\n'}
[4.440850] (turtlebot3_gazebo) StdoutLine: {'line': b'-- Looking for ignition-msgs5 -- found version 5.8.1\n'}
[4.444046] (turtlebot3_gazebo) StdoutLine: {'line': b'-- Looking for ignition-common3 -- found version 3.14.0\n'}
[4.444157] (turtlebot3_gazebo) StdoutLine: {'line': b'-- Searching for dependencies of ignition-common3\n'}
[4.444193] (turtlebot3_gazebo) StdoutLine: {'line': b'-- Looking for dlfcn.h - found\n'}
[4.444224] (turtlebot3_gazebo) StdoutLine: {'line': b'-- Looking for libdl - found\n'}
[4.467709] (-) TimerEvent: {}
[4.472920] (turtlebot3_gazebo) StdoutLine: {'line': b'-- Searching for <ignition-common3> component [graphics]\n'}
[4.473062] (turtlebot3_gazebo) StdoutLine: {'line': b'-- Looking for ignition-common3-graphics -- found version 3.14.0\n'}
[4.473098] (turtlebot3_gazebo) StdoutLine: {'line': b'-- Searching for dependencies of ignition-common3-graphics\n'}
[4.473135] (turtlebot3_gazebo) StdoutLine: {'line': b'-- Looking for ignition-math6 -- found version 6.15.1\n'}
[4.473163] (turtlebot3_gazebo) StdoutLine: {'line': b'-- Looking for ignition-fuel_tools4 -- found version 4.4.0\n'}
[4.473188] (turtlebot3_gazebo) StdoutLine: {'line': b'-- Searching for dependencies of ignition-fuel_tools4\n'}
[4.495827] (task_1) StdoutLine: {'line': b'running develop\n'}
[4.496006] (task_1) StderrLine: {'line': b'/usr/lib/python3/dist-packages/setuptools/command/easy_install.py:158: EasyInstallDeprecationWarning: easy_install command is deprecated. Use build and pip and other standards-based tools.\n'}
[4.496052] (task_1) StderrLine: {'line': b'  warnings.warn(\n'}
[4.564774] (turtlebot3_gazebo) StdoutLine: {'line': b"-- Checking for module 'jsoncpp'\n"}
[4.568053] (-) TimerEvent: {}
[4.573227] (turtlebot3_gazebo) StdoutLine: {'line': b'--   Found jsoncpp, version 1.9.5\n'}
[4.625372] (turtlebot3_gazebo) StdoutLine: {'line': b"-- Checking for module 'libzip'\n"}
[4.636712] (turtlebot3_gazebo) StdoutLine: {'line': b'--   Found libzip, version 1.7.3\n'}
[4.661597] (task_1) StdoutLine: {'line': b'running egg_info\n'}
[4.661742] (task_1) StdoutLine: {'line': b'writing task_1.egg-info/PKG-INFO\n'}
[4.661780] (task_1) StdoutLine: {'line': b'writing dependency_links to task_1.egg-info/dependency_links.txt\n'}
[4.662790] (task_1) StdoutLine: {'line': b'writing entry points to task_1.egg-info/entry_points.txt\n'}
[4.663259] (task_1) StdoutLine: {'line': b'writing requirements to task_1.egg-info/requires.txt\n'}
[4.666157] (task_1) StdoutLine: {'line': b'writing top-level names to task_1.egg-info/top_level.txt\n'}
[4.668187] (-) TimerEvent: {}
[4.670451] (task_1) StdoutLine: {'line': b"reading manifest file 'task_1.egg-info/SOURCES.txt'\n"}
[4.670551] (task_1) StdoutLine: {'line': b"writing manifest file 'task_1.egg-info/SOURCES.txt'\n"}
[4.674265] (task_1) StdoutLine: {'line': b'running build_ext\n'}
[4.674394] (task_1) StdoutLine: {'line': b'Creating /home/me597/ros2/sim_ws/install/task_1/lib/python3.10/site-packages/task-1.egg-link (link to .)\n'}
[4.674495] (task_1) StdoutLine: {'line': b'Installing listener script to /home/me597/ros2/sim_ws/install/task_1/lib/task_1\n'}
[4.676074] (task_1) StdoutLine: {'line': b'Installing talker script to /home/me597/ros2/sim_ws/install/task_1/lib/task_1\n'}
[4.678647] (task_1) StdoutLine: {'line': b'\n'}
[4.678738] (task_1) StdoutLine: {'line': b'Installed /home/me597/ros2/sim_ws/build/task_1\n'}
[4.678769] (task_1) StdoutLine: {'line': b'running symlink_data\n'}
[4.678796] (task_1) StdoutLine: {'line': b'symbolically linking /home/me597/ros2/sim_ws/build/task_1/resource/task_1 -> /home/me597/ros2/sim_ws/install/task_1/share/ament_index/resource_index/packages\n'}
[4.678826] (task_1) StdoutLine: {'line': b'symbolically linking /home/me597/ros2/sim_ws/build/task_1/package.xml -> /home/me597/ros2/sim_ws/install/task_1/share/task_1\n'}
[4.678851] (task_1) StdoutLine: {'line': b'symbolically linking /home/me597/ros2/sim_ws/build/task_1/launch/pub_sub_launch.py -> /home/me597/ros2/sim_ws/install/task_1/share/task_1/launch\n'}
[4.720572] (task_1) CommandEnded: {'returncode': 0}
[4.721344] (turtlebot3_gazebo) StdoutLine: {'line': b'-- Looking for ignition-common3 -- found version 3.14.0\n'}
[4.721432] (turtlebot3_gazebo) StdoutLine: {'line': b'-- Looking for ignition-math6 -- found version 6.15.1\n'}
[4.721462] (turtlebot3_gazebo) StdoutLine: {'line': b'-- Looking for ignition-msgs5 -- found version 5.8.1\n'}
[4.722426] (turtlebot3_gazebo) StdoutLine: {'line': b'-- Found gazebo_ros_pkgs: 3.7.0 (/opt/ros/humble/share/gazebo_ros_pkgs/cmake)\n'}
[4.741602] (task_1) JobEnded: {'identifier': 'task_1', 'rc': 0}
[4.742096] (task_2) JobStarted: {'identifier': 'task_2'}
[4.771800] (-) TimerEvent: {}
[4.808115] (turtlebot3_gazebo) StdoutLine: {'line': b'-- Configuring done\n'}
[4.811539] (turtlebot3_gazebo) StdoutLine: {'line': b'-- Generating done\n'}
[4.812860] (turtlebot3_gazebo) StdoutLine: {'line': b'-- Build files have been written to: /home/me597/ros2/sim_ws/build/turtlebot3_gazebo\n'}
[4.875071] (-) TimerEvent: {}
[4.976089] (-) TimerEvent: {}
[5.011670] (turtlebot3_gazebo) CommandEnded: {'returncode': 0}
[5.011926] (turtlebot3_gazebo) JobProgress: {'identifier': 'turtlebot3_gazebo', 'progress': 'build'}
[5.011943] (turtlebot3_gazebo) Command: {'cmd': ['/usr/bin/cmake', '--build', '/home/me597/ros2/sim_ws/build/turtlebot3_gazebo', '--', '-j2', '-l2'], 'cwd': '/home/me597/ros2/sim_ws/build/turtlebot3_gazebo', 'env': OrderedDict([('GJS_DEBUG_TOPICS', 'JS ERROR;JS LOG'), ('LESSOPEN', '| /usr/bin/lesspipe %s'), ('USER', 'me597'), ('GIO_MODULE_DIR', '/home/me597/snap/code/common/.cache/gio-modules'), ('XDG_SESSION_TYPE', 'wayland'), ('GIT_ASKPASS', '/snap/code/167/usr/share/code/resources/app/extensions/git/dist/askpass.sh'), ('GTK_EXE_PREFIX_VSCODE_SNAP_ORIG', ''), ('GDK_BACKEND_VSCODE_SNAP_ORIG', ''), ('SHLVL', '1'), ('LD_LIBRARY_PATH', '/usr/lib/x86_64-linux-gnu/gazebo-11/plugins:/opt/ros/humble/opt/rviz_ogre_vendor/lib:/opt/ros/humble/lib/x86_64-linux-gnu:/opt/ros/humble/lib'), ('HOME', '/home/me597'), ('CHROME_DESKTOP', 'code-url-handler.desktop'), ('LOCPATH_VSCODE_SNAP_ORIG', ''), ('TERM_PROGRAM_VERSION', '1.92.2'), ('DESKTOP_SESSION', 'ubuntu'), ('GTK_PATH', '/snap/code/167/usr/lib/x86_64-linux-gnu/gtk-3.0'), ('GTK_IM_MODULE_FILE', '/home/me597/snap/code/common/.cache/immodules/immodules.cache'), ('GIO_LAUNCHED_DESKTOP_FILE', '/var/lib/snapd/desktop/applications/code_code.desktop'), ('ROS_PYTHON_VERSION', '3'), ('GNOME_SHELL_SESSION_MODE', 'ubuntu'), ('GTK_MODULES', 'gail:atk-bridge'), ('GSETTINGS_SCHEMA_DIR_VSCODE_SNAP_ORIG', ''), ('VSCODE_GIT_ASKPASS_MAIN', '/snap/code/167/usr/share/code/resources/app/extensions/git/dist/askpass-main.js'), ('VSCODE_GIT_ASKPASS_NODE', '/snap/code/167/usr/share/code/code'), ('MANAGERPID', '1433'), ('PYDEVD_DISABLE_FILE_VALIDATION', '1'), ('SYSTEMD_EXEC_PID', '1589'), ('BUNDLED_DEBUGPY_PATH', '/home/me597/.vscode/extensions/ms-python.debugpy-2026.6.0-linux-x64/bundled/libs/debugpy'), ('IM_CONFIG_CHECK_ENV', '1'), ('DBUS_SESSION_BUS_ADDRESS', 'unix:path=/run/user/1000/bus'), ('COLORTERM', 'truecolor'), ('GIO_LAUNCHED_DESKTOP_FILE_PID', '26594'), ('IM_CONFIG_PHASE', '1'), ('WAYLAND_DISPLAY', 'wayland-0'), ('ROS_DISTRO', 'humble'), ('LOGNAME', 'me597'), ('JOURNAL_STREAM', '8:24741'), ('_', '/usr/bin/colcon'), ('ROS_VERSION', '2'), ('XDG_CONFIG_DIRS_VSCODE_SNAP_ORIG', '/etc/xdg/xdg-ubuntu:/etc/xdg'), ('XDG_SESSION_CLASS', 'user'), ('XDG_DATA_DIRS_VSCODE_SNAP_ORIG', '/usr/share/ubuntu:/usr/local/share/:/usr/share/:/var/lib/snapd/desktop'), ('USERNAME', 'me597'), ('TERM', 'xterm-256color'), ('GNOME_DESKTOP_SESSION_ID', 'this-is-deprecated'), ('ROS_LOCALHOST_ONLY', '1'), ('PATH', '/opt/ros/humble/bin:/usr/local/sbin:/usr/local/bin:/usr/sbin:/usr/bin:/sbin:/bin:/usr/games:/usr/local/games:/snap/bin:/snap/bin:/home/me597/.vscode/extensions/ms-python.debugpy-2026.6.0-linux-x64/bundled/scripts/noConfigScripts'), ('SESSION_MANAGER', 'local/me597:@/tmp/.ICE-unix/1557,unix/me597:/tmp/.ICE-unix/1557'), ('GTK_EXE_PREFIX', '/snap/code/167/usr'), ('INVOCATION_ID', '7cfc1821308f441bbaf5abc93b853ff0'), ('XDG_MENU_PREFIX', 'gnome-'), ('GNOME_SETUP_DISPLAY', ':1'), ('XDG_RUNTIME_DIR', '/run/user/1000'), ('GDK_BACKEND', 'x11'), ('DISPLAY', ':0'), ('LOCPATH', '/snap/code/167/usr/lib/locale'), ('VSCODE_DEBUGPY_ADAPTER_ENDPOINTS', '/home/me597/.vscode/extensions/ms-python.debugpy-2026.6.0-linux-x64/.noConfigDebugAdapterEndpoints/endpoint-a2bb43af5ae14731.txt'), ('LANG', 'en_US.UTF-8'), ('XDG_CURRENT_DESKTOP', 'Unity'), ('GIO_MODULE_DIR_VSCODE_SNAP_ORIG', ''), ('XMODIFIERS', '@im=ibus'), ('XDG_SESSION_DESKTOP', 'ubuntu'), ('XAUTHORITY', '/run/user/1000/.mutter-Xwaylandauth.M84UV3'), ('LS_COLORS', 'rs=0:di=01;34:ln=01;36:mh=00:pi=40;33:so=01;35:do=01;35:bd=40;33;01:cd=40;33;01:or=40;31;01:mi=00:su=37;41:sg=30;43:ca=30;41:tw=30;42:ow=34;42:st=37;44:ex=01;32:*.tar=01;31:*.tgz=01;31:*.arc=01;31:*.arj=01;31:*.taz=01;31:*.lha=01;31:*.lz4=01;31:*.lzh=01;31:*.lzma=01;31:*.tlz=01;31:*.txz=01;31:*.tzo=01;31:*.t7z=01;31:*.zip=01;31:*.z=01;31:*.dz=01;31:*.gz=01;31:*.lrz=01;31:*.lz=01;31:*.lzo=01;31:*.xz=01;31:*.zst=01;31:*.tzst=01;31:*.bz2=01;31:*.bz=01;31:*.tbz=01;31:*.tbz2=01;31:*.tz=01;31:*.deb=01;31:*.rpm=01;31:*.jar=01;31:*.war=01;31:*.ear=01;31:*.sar=01;31:*.rar=01;31:*.alz=01;31:*.ace=01;31:*.zoo=01;31:*.cpio=01;31:*.7z=01;31:*.rz=01;31:*.cab=01;31:*.wim=01;31:*.swm=01;31:*.dwm=01;31:*.esd=01;31:*.jpg=01;35:*.jpeg=01;35:*.mjpg=01;35:*.mjpeg=01;35:*.gif=01;35:*.bmp=01;35:*.pbm=01;35:*.pgm=01;35:*.ppm=01;35:*.tga=01;35:*.xbm=01;35:*.xpm=01;35:*.tif=01;35:*.tiff=01;35:*.png=01;35:*.svg=01;35:*.svgz=01;35:*.mng=01;35:*.pcx=01;35:*.mov=01;35:*.mpg=01;35:*.mpeg=01;35:*.m2v=01;35:*.mkv=01;35:*.webm=01;35:*.webp=01;35:*.ogm=01;35:*.mp4=01;35:*.m4v=01;35:*.mp4v=01;35:*.vob=01;35:*.qt=01;35:*.nuv=01;35:*.wmv=01;35:*.asf=01;35:*.rm=01;35:*.rmvb=01;35:*.flc=01;35:*.avi=01;35:*.fli=01;35:*.flv=01;35:*.gl=01;35:*.dl=01;35:*.xcf=01;35:*.xwd=01;35:*.yuv=01;35:*.cgm=01;35:*.emf=01;35:*.ogv=01;35:*.ogx=01;35:*.aac=00;36:*.au=00;36:*.flac=00;36:*.m4a=00;36:*.mid=00;36:*.midi=00;36:*.mka=00;36:*.mp3=00;36:*.mpc=00;36:*.ogg=00;36:*.ra=00;36:*.wav=00;36:*.oga=00;36:*.opus=00;36:*.spx=00;36:*.xspf=00;36:'), ('VSCODE_GIT_IPC_HANDLE', '/run/user/1000/vscode-git-5342160831.sock'), ('TERM_PROGRAM', 'vscode'), ('SSH_AGENT_LAUNCHER', 'gnome-keyring'), ('SSH_AUTH_SOCK', '/run/user/1000/keyring/ssh'), ('GSETTINGS_SCHEMA_DIR', '/home/me597/snap/code/167/.local/share/glib-2.0/schemas'), ('ROS_DOMAIN_ID', '06'), ('AMENT_PREFIX_PATH', '/opt/ros/humble'), ('ORIGINAL_XDG_CURRENT_DESKTOP', 'ubuntu:GNOME'), ('SHELL', '/bin/bash'), ('QT_ACCESSIBILITY', '1'), ('GDMSESSION', 'ubuntu'), ('LESSCLOSE', '/usr/bin/lesspipe %s %s'), ('GTK_PATH_VSCODE_SNAP_ORIG', ''), ('GTK_IM_MODULE_FILE_VSCODE_SNAP_ORIG', ''), ('GJS_DEBUG_OUTPUT', 'stderr'), ('VSCODE_GIT_ASKPASS_EXTRA_ARGS', ''), ('QT_IM_MODULE', 'ibus'), ('PWD', '/home/me597/ros2/sim_ws/build/turtlebot3_gazebo'), ('TURTLEBOT3_MODEL', 'waffle'), ('LC_ALL', 'en_US.UTF-8'), ('XDG_CONFIG_DIRS', '/etc/xdg/xdg-ubuntu:/etc/xdg'), ('XDG_DATA_DIRS', '/home/me597/snap/code/167/.local/share:/home/me597/snap/code/167:/snap/code/167/usr/share:/usr/share/ubuntu:/usr/local/share/:/usr/share/:/var/lib/snapd/desktop'), ('PYTHONPATH', '/opt/ros/humble/lib/python3.10/site-packages:/opt/ros/humble/local/lib/python3.10/dist-packages'), ('COLCON', '1'), ('CMAKE_PREFIX_PATH', '/opt/ros/humble')]), 'shell': False}
[5.067891] (turtlebot3_gazebo) CommandEnded: {'returncode': 0}
[5.076343] (-) TimerEvent: {}
[5.117153] (turtlebot3_gazebo) JobProgress: {'identifier': 'turtlebot3_gazebo', 'progress': 'install'}
[5.117275] (turtlebot3_gazebo) Command: {'cmd': ['/usr/bin/cmake', '--install', '/home/me597/ros2/sim_ws/build/turtlebot3_gazebo'], 'cwd': '/home/me597/ros2/sim_ws/build/turtlebot3_gazebo', 'env': OrderedDict([('GJS_DEBUG_TOPICS', 'JS ERROR;JS LOG'), ('LESSOPEN', '| /usr/bin/lesspipe %s'), ('USER', 'me597'), ('GIO_MODULE_DIR', '/home/me597/snap/code/common/.cache/gio-modules'), ('XDG_SESSION_TYPE', 'wayland'), ('GIT_ASKPASS', '/snap/code/167/usr/share/code/resources/app/extensions/git/dist/askpass.sh'), ('GTK_EXE_PREFIX_VSCODE_SNAP_ORIG', ''), ('GDK_BACKEND_VSCODE_SNAP_ORIG', ''), ('SHLVL', '1'), ('LD_LIBRARY_PATH', '/usr/lib/x86_64-linux-gnu/gazebo-11/plugins:/opt/ros/humble/opt/rviz_ogre_vendor/lib:/opt/ros/humble/lib/x86_64-linux-gnu:/opt/ros/humble/lib'), ('HOME', '/home/me597'), ('CHROME_DESKTOP', 'code-url-handler.desktop'), ('LOCPATH_VSCODE_SNAP_ORIG', ''), ('TERM_PROGRAM_VERSION', '1.92.2'), ('DESKTOP_SESSION', 'ubuntu'), ('GTK_PATH', '/snap/code/167/usr/lib/x86_64-linux-gnu/gtk-3.0'), ('GTK_IM_MODULE_FILE', '/home/me597/snap/code/common/.cache/immodules/immodules.cache'), ('GIO_LAUNCHED_DESKTOP_FILE', '/var/lib/snapd/desktop/applications/code_code.desktop'), ('ROS_PYTHON_VERSION', '3'), ('GNOME_SHELL_SESSION_MODE', 'ubuntu'), ('GTK_MODULES', 'gail:atk-bridge'), ('GSETTINGS_SCHEMA_DIR_VSCODE_SNAP_ORIG', ''), ('VSCODE_GIT_ASKPASS_MAIN', '/snap/code/167/usr/share/code/resources/app/extensions/git/dist/askpass-main.js'), ('VSCODE_GIT_ASKPASS_NODE', '/snap/code/167/usr/share/code/code'), ('MANAGERPID', '1433'), ('PYDEVD_DISABLE_FILE_VALIDATION', '1'), ('SYSTEMD_EXEC_PID', '1589'), ('BUNDLED_DEBUGPY_PATH', '/home/me597/.vscode/extensions/ms-python.debugpy-2026.6.0-linux-x64/bundled/libs/debugpy'), ('IM_CONFIG_CHECK_ENV', '1'), ('DBUS_SESSION_BUS_ADDRESS', 'unix:path=/run/user/1000/bus'), ('COLORTERM', 'truecolor'), ('GIO_LAUNCHED_DESKTOP_FILE_PID', '26594'), ('IM_CONFIG_PHASE', '1'), ('WAYLAND_DISPLAY', 'wayland-0'), ('ROS_DISTRO', 'humble'), ('LOGNAME', 'me597'), ('JOURNAL_STREAM', '8:24741'), ('_', '/usr/bin/colcon'), ('ROS_VERSION', '2'), ('XDG_CONFIG_DIRS_VSCODE_SNAP_ORIG', '/etc/xdg/xdg-ubuntu:/etc/xdg'), ('XDG_SESSION_CLASS', 'user'), ('XDG_DATA_DIRS_VSCODE_SNAP_ORIG', '/usr/share/ubuntu:/usr/local/share/:/usr/share/:/var/lib/snapd/desktop'), ('USERNAME', 'me597'), ('TERM', 'xterm-256color'), ('GNOME_DESKTOP_SESSION_ID', 'this-is-deprecated'), ('ROS_LOCALHOST_ONLY', '1'), ('PATH', '/opt/ros/humble/bin:/usr/local/sbin:/usr/local/bin:/usr/sbin:/usr/bin:/sbin:/bin:/usr/games:/usr/local/games:/snap/bin:/snap/bin:/home/me597/.vscode/extensions/ms-python.debugpy-2026.6.0-linux-x64/bundled/scripts/noConfigScripts'), ('SESSION_MANAGER', 'local/me597:@/tmp/.ICE-unix/1557,unix/me597:/tmp/.ICE-unix/1557'), ('GTK_EXE_PREFIX', '/snap/code/167/usr'), ('INVOCATION_ID', '7cfc1821308f441bbaf5abc93b853ff0'), ('XDG_MENU_PREFIX', 'gnome-'), ('GNOME_SETUP_DISPLAY', ':1'), ('XDG_RUNTIME_DIR', '/run/user/1000'), ('GDK_BACKEND', 'x11'), ('DISPLAY', ':0'), ('LOCPATH', '/snap/code/167/usr/lib/locale'), ('VSCODE_DEBUGPY_ADAPTER_ENDPOINTS', '/home/me597/.vscode/extensions/ms-python.debugpy-2026.6.0-linux-x64/.noConfigDebugAdapterEndpoints/endpoint-a2bb43af5ae14731.txt'), ('LANG', 'en_US.UTF-8'), ('XDG_CURRENT_DESKTOP', 'Unity'), ('GIO_MODULE_DIR_VSCODE_SNAP_ORIG', ''), ('XMODIFIERS', '@im=ibus'), ('XDG_SESSION_DESKTOP', 'ubuntu'), ('XAUTHORITY', '/run/user/1000/.mutter-Xwaylandauth.M84UV3'), ('LS_COLORS', 'rs=0:di=01;34:ln=01;36:mh=00:pi=40;33:so=01;35:do=01;35:bd=40;33;01:cd=40;33;01:or=40;31;01:mi=00:su=37;41:sg=30;43:ca=30;41:tw=30;42:ow=34;42:st=37;44:ex=01;32:*.tar=01;31:*.tgz=01;31:*.arc=01;31:*.arj=01;31:*.taz=01;31:*.lha=01;31:*.lz4=01;31:*.lzh=01;31:*.lzma=01;31:*.tlz=01;31:*.txz=01;31:*.tzo=01;31:*.t7z=01;31:*.zip=01;31:*.z=01;31:*.dz=01;31:*.gz=01;31:*.lrz=01;31:*.lz=01;31:*.lzo=01;31:*.xz=01;31:*.zst=01;31:*.tzst=01;31:*.bz2=01;31:*.bz=01;31:*.tbz=01;31:*.tbz2=01;31:*.tz=01;31:*.deb=01;31:*.rpm=01;31:*.jar=01;31:*.war=01;31:*.ear=01;31:*.sar=01;31:*.rar=01;31:*.alz=01;31:*.ace=01;31:*.zoo=01;31:*.cpio=01;31:*.7z=01;31:*.rz=01;31:*.cab=01;31:*.wim=01;31:*.swm=01;31:*.dwm=01;31:*.esd=01;31:*.jpg=01;35:*.jpeg=01;35:*.mjpg=01;35:*.mjpeg=01;35:*.gif=01;35:*.bmp=01;35:*.pbm=01;35:*.pgm=01;35:*.ppm=01;35:*.tga=01;35:*.xbm=01;35:*.xpm=01;35:*.tif=01;35:*.tiff=01;35:*.png=01;35:*.svg=01;35:*.svgz=01;35:*.mng=01;35:*.pcx=01;35:*.mov=01;35:*.mpg=01;35:*.mpeg=01;35:*.m2v=01;35:*.mkv=01;35:*.webm=01;35:*.webp=01;35:*.ogm=01;35:*.mp4=01;35:*.m4v=01;35:*.mp4v=01;35:*.vob=01;35:*.qt=01;35:*.nuv=01;35:*.wmv=01;35:*.asf=01;35:*.rm=01;35:*.rmvb=01;35:*.flc=01;35:*.avi=01;35:*.fli=01;35:*.flv=01;35:*.gl=01;35:*.dl=01;35:*.xcf=01;35:*.xwd=01;35:*.yuv=01;35:*.cgm=01;35:*.emf=01;35:*.ogv=01;35:*.ogx=01;35:*.aac=00;36:*.au=00;36:*.flac=00;36:*.m4a=00;36:*.mid=00;36:*.midi=00;36:*.mka=00;36:*.mp3=00;36:*.mpc=00;36:*.ogg=00;36:*.ra=00;36:*.wav=00;36:*.oga=00;36:*.opus=00;36:*.spx=00;36:*.xspf=00;36:'), ('VSCODE_GIT_IPC_HANDLE', '/run/user/1000/vscode-git-5342160831.sock'), ('TERM_PROGRAM', 'vscode'), ('SSH_AGENT_LAUNCHER', 'gnome-keyring'), ('SSH_AUTH_SOCK', '/run/user/1000/keyring/ssh'), ('GSETTINGS_SCHEMA_DIR', '/home/me597/snap/code/167/.local/share/glib-2.0/schemas'), ('ROS_DOMAIN_ID', '06'), ('AMENT_PREFIX_PATH', '/opt/ros/humble'), ('ORIGINAL_XDG_CURRENT_DESKTOP', 'ubuntu:GNOME'), ('SHELL', '/bin/bash'), ('QT_ACCESSIBILITY', '1'), ('GDMSESSION', 'ubuntu'), ('LESSCLOSE', '/usr/bin/lesspipe %s %s'), ('GTK_PATH_VSCODE_SNAP_ORIG', ''), ('GTK_IM_MODULE_FILE_VSCODE_SNAP_ORIG', ''), ('GJS_DEBUG_OUTPUT', 'stderr'), ('VSCODE_GIT_ASKPASS_EXTRA_ARGS', ''), ('QT_IM_MODULE', 'ibus'), ('PWD', '/home/me597/ros2/sim_ws/build/turtlebot3_gazebo'), ('TURTLEBOT3_MODEL', 'waffle'), ('LC_ALL', 'en_US.UTF-8'), ('XDG_CONFIG_DIRS', '/etc/xdg/xdg-ubuntu:/etc/xdg'), ('XDG_DATA_DIRS', '/home/me597/snap/code/167/.local/share:/home/me597/snap/code/167:/snap/code/167/usr/share:/usr/share/ubuntu:/usr/local/share/:/usr/share/:/var/lib/snapd/desktop'), ('PYTHONPATH', '/opt/ros/humble/lib/python3.10/site-packages:/opt/ros/humble/local/lib/python3.10/dist-packages'), ('COLCON', '1'), ('CMAKE_PREFIX_PATH', '/opt/ros/humble')]), 'shell': False}
[5.135443] (turtlebot3_gazebo) StdoutLine: {'line': b'-- Install configuration: ""\n'}
[5.136955] (turtlebot3_gazebo) StdoutLine: {'line': b'-- Execute custom install script\n'}
[5.140095] (turtlebot3_gazebo) StdoutLine: {'line': b'-- Symlinking: /home/me597/ros2/sim_ws/install/turtlebot3_gazebo/share/turtlebot3_gazebo//launch/amcl.launch.py\n'}
[5.163788] (turtlebot3_gazebo) StdoutLine: {'line': b'-- Symlinking: /home/me597/ros2/sim_ws/install/turtlebot3_gazebo/share/turtlebot3_gazebo//launch/map_loader.launch.py\n'}
[5.188244] (-) TimerEvent: {}
[5.188851] (turtlebot3_gazebo) StdoutLine: {'line': b'-- Symlinking: /home/me597/ros2/sim_ws/install/turtlebot3_gazebo/share/turtlebot3_gazebo//launch/mapper.launch.py\n'}
[5.204034] (turtlebot3_gazebo) StdoutLine: {'line': b'-- Symlinking: /home/me597/ros2/sim_ws/install/turtlebot3_gazebo/share/turtlebot3_gazebo//launch/navigator.launch.py\n'}
[5.212470] (turtlebot3_gazebo) StdoutLine: {'line': b'-- Symlinking: /home/me597/ros2/sim_ws/install/turtlebot3_gazebo/share/turtlebot3_gazebo//launch/robot_state_publisher.launch.py\n'}
[5.218566] (turtlebot3_gazebo) StdoutLine: {'line': b'-- Symlinking: /home/me597/ros2/sim_ws/install/turtlebot3_gazebo/share/turtlebot3_gazebo//launch/spawn_cricketball.launch.py\n'}
[5.237092] (turtlebot3_gazebo) StdoutLine: {'line': b'-- Symlinking: /home/me597/ros2/sim_ws/install/turtlebot3_gazebo/share/turtlebot3_gazebo//launch/spawn_turtlebot3.launch.py\n'}
[5.255229] (turtlebot3_gazebo) StdoutLine: {'line': b'-- Symlinking: /home/me597/ros2/sim_ws/install/turtlebot3_gazebo/share/turtlebot3_gazebo//launch/task_6.launch.py\n'}
[5.283617] (turtlebot3_gazebo) StdoutLine: {'line': b'-- Symlinking: /home/me597/ros2/sim_ws/install/turtlebot3_gazebo/share/turtlebot3_gazebo//launch/turtlebot3_bonus_world.launch.py\n'}
[5.289420] (-) TimerEvent: {}
[5.303414] (turtlebot3_gazebo) StdoutLine: {'line': b'-- Symlinking: /home/me597/ros2/sim_ws/install/turtlebot3_gazebo/share/turtlebot3_gazebo//launch/turtlebot3_house.launch.py\n'}
[5.328710] (turtlebot3_gazebo) StdoutLine: {'line': b'-- Symlinking: /home/me597/ros2/sim_ws/install/turtlebot3_gazebo/share/turtlebot3_gazebo//launch/turtlebot3_house_norviz.launch.py\n'}
[5.350881] (turtlebot3_gazebo) StdoutLine: {'line': b'-- Symlinking: /home/me597/ros2/sim_ws/install/turtlebot3_gazebo/share/turtlebot3_gazebo//models/blue_object/model.config\n'}
[5.370350] (turtlebot3_gazebo) StdoutLine: {'line': b'-- Symlinking: /home/me597/ros2/sim_ws/install/turtlebot3_gazebo/share/turtlebot3_gazebo//models/blue_object/model.rsdf\n'}
[5.388095] (turtlebot3_gazebo) StdoutLine: {'line': b'-- Symlinking: /home/me597/ros2/sim_ws/install/turtlebot3_gazebo/share/turtlebot3_gazebo//models/blue_object/model.sdf\n'}
[5.398910] (-) TimerEvent: {}
[5.399791] (turtlebot3_gazebo) StdoutLine: {'line': b'-- Symlinking: /home/me597/ros2/sim_ws/install/turtlebot3_gazebo/share/turtlebot3_gazebo//models/cricket_ball/model.config\n'}
[5.426274] (turtlebot3_gazebo) StdoutLine: {'line': b'-- Symlinking: /home/me597/ros2/sim_ws/install/turtlebot3_gazebo/share/turtlebot3_gazebo//models/cricket_ball/model.rsdf\n'}
[5.442392] (turtlebot3_gazebo) StdoutLine: {'line': b'-- Symlinking: /home/me597/ros2/sim_ws/install/turtlebot3_gazebo/share/turtlebot3_gazebo//models/cricket_ball/model.sdf\n'}
[5.460873] (turtlebot3_gazebo) StdoutLine: {'line': b'-- Symlinking: /home/me597/ros2/sim_ws/install/turtlebot3_gazebo/share/turtlebot3_gazebo//models/green_object/model.config\n'}
[5.472352] (turtlebot3_gazebo) StdoutLine: {'line': b'-- Symlinking: /home/me597/ros2/sim_ws/install/turtlebot3_gazebo/share/turtlebot3_gazebo//models/green_object/model.rsdf\n'}
[5.483893] (turtlebot3_gazebo) StdoutLine: {'line': b'-- Symlinking: /home/me597/ros2/sim_ws/install/turtlebot3_gazebo/share/turtlebot3_gazebo//models/green_object/model.sdf\n'}
[5.501405] (-) TimerEvent: {}
[5.503303] (turtlebot3_gazebo) StdoutLine: {'line': b'-- Symlinking: /home/me597/ros2/sim_ws/install/turtlebot3_gazebo/share/turtlebot3_gazebo//models/red_object/model.config\n'}
[5.512851] (task_2) Command: {'cmd': ['/usr/bin/python3', '-W', 'ignore:setup.py install is deprecated', 'setup.py', 'develop', '--editable', '--build-directory', '/home/me597/ros2/sim_ws/build/task_2/build', '--no-deps', 'symlink_data', '--force'], 'cwd': '/home/me597/ros2/sim_ws/build/task_2', 'env': {'GJS_DEBUG_TOPICS': 'JS ERROR;JS LOG', 'LESSOPEN': '| /usr/bin/lesspipe %s', 'USER': 'me597', 'GIO_MODULE_DIR': '/home/me597/snap/code/common/.cache/gio-modules', 'XDG_SESSION_TYPE': 'wayland', 'GIT_ASKPASS': '/snap/code/167/usr/share/code/resources/app/extensions/git/dist/askpass.sh', 'GTK_EXE_PREFIX_VSCODE_SNAP_ORIG': '', 'GDK_BACKEND_VSCODE_SNAP_ORIG': '', 'SHLVL': '1', 'LD_LIBRARY_PATH': '/home/me597/ros2/sim_ws/install/task_2_interfaces/lib:/usr/lib/x86_64-linux-gnu/gazebo-11/plugins:/opt/ros/humble/opt/rviz_ogre_vendor/lib:/opt/ros/humble/lib/x86_64-linux-gnu:/opt/ros/humble/lib', 'HOME': '/home/me597', 'CHROME_DESKTOP': 'code-url-handler.desktop', 'LOCPATH_VSCODE_SNAP_ORIG': '', 'TERM_PROGRAM_VERSION': '1.92.2', 'DESKTOP_SESSION': 'ubuntu', 'GTK_PATH': '/snap/code/167/usr/lib/x86_64-linux-gnu/gtk-3.0', 'GTK_IM_MODULE_FILE': '/home/me597/snap/code/common/.cache/immodules/immodules.cache', 'GIO_LAUNCHED_DESKTOP_FILE': '/var/lib/snapd/desktop/applications/code_code.desktop', 'ROS_PYTHON_VERSION': '3', 'GNOME_SHELL_SESSION_MODE': 'ubuntu', 'GTK_MODULES': 'gail:atk-bridge', 'GSETTINGS_SCHEMA_DIR_VSCODE_SNAP_ORIG': '', 'VSCODE_GIT_ASKPASS_MAIN': '/snap/code/167/usr/share/code/resources/app/extensions/git/dist/askpass-main.js', 'VSCODE_GIT_ASKPASS_NODE': '/snap/code/167/usr/share/code/code', 'MANAGERPID': '1433', 'PYDEVD_DISABLE_FILE_VALIDATION': '1', 'SYSTEMD_EXEC_PID': '1589', 'BUNDLED_DEBUGPY_PATH': '/home/me597/.vscode/extensions/ms-python.debugpy-2026.6.0-linux-x64/bundled/libs/debugpy', 'IM_CONFIG_CHECK_ENV': '1', 'DBUS_SESSION_BUS_ADDRESS': 'unix:path=/run/user/1000/bus', 'COLORTERM': 'truecolor', 'GIO_LAUNCHED_DESKTOP_FILE_PID': '26594', 'IM_CONFIG_PHASE': '1', 'WAYLAND_DISPLAY': 'wayland-0', 'ROS_DISTRO': 'humble', 'LOGNAME': 'me597', 'JOURNAL_STREAM': '8:24741', '_': '/usr/bin/colcon', 'ROS_VERSION': '2', 'XDG_CONFIG_DIRS_VSCODE_SNAP_ORIG': '/etc/xdg/xdg-ubuntu:/etc/xdg', 'XDG_SESSION_CLASS': 'user', 'XDG_DATA_DIRS_VSCODE_SNAP_ORIG': '/usr/share/ubuntu:/usr/local/share/:/usr/share/:/var/lib/snapd/desktop', 'USERNAME': 'me597', 'TERM': 'xterm-256color', 'GNOME_DESKTOP_SESSION_ID': 'this-is-deprecated', 'ROS_LOCALHOST_ONLY': '1', 'PATH': '/opt/ros/humble/bin:/usr/local/sbin:/usr/local/bin:/usr/sbin:/usr/bin:/sbin:/bin:/usr/games:/usr/local/games:/snap/bin:/snap/bin:/home/me597/.vscode/extensions/ms-python.debugpy-2026.6.0-linux-x64/bundled/scripts/noConfigScripts', 'SESSION_MANAGER': 'local/me597:@/tmp/.ICE-unix/1557,unix/me597:/tmp/.ICE-unix/1557', 'GTK_EXE_PREFIX': '/snap/code/167/usr', 'INVOCATION_ID': '7cfc1821308f441bbaf5abc93b853ff0', 'XDG_MENU_PREFIX': 'gnome-', 'GNOME_SETUP_DISPLAY': ':1', 'XDG_RUNTIME_DIR': '/run/user/1000', 'GDK_BACKEND': 'x11', 'DISPLAY': ':0', 'LOCPATH': '/snap/code/167/usr/lib/locale', 'VSCODE_DEBUGPY_ADAPTER_ENDPOINTS': '/home/me597/.vscode/extensions/ms-python.debugpy-2026.6.0-linux-x64/.noConfigDebugAdapterEndpoints/endpoint-a2bb43af5ae14731.txt', 'LANG': 'en_US.UTF-8', 'XDG_CURRENT_DESKTOP': 'Unity', 'GIO_MODULE_DIR_VSCODE_SNAP_ORIG': '', 'XMODIFIERS': '@im=ibus', 'XDG_SESSION_DESKTOP': 'ubuntu', 'XAUTHORITY': '/run/user/1000/.mutter-Xwaylandauth.M84UV3', 'LS_COLORS': 'rs=0:di=01;34:ln=01;36:mh=00:pi=40;33:so=01;35:do=01;35:bd=40;33;01:cd=40;33;01:or=40;31;01:mi=00:su=37;41:sg=30;43:ca=30;41:tw=30;42:ow=34;42:st=37;44:ex=01;32:*.tar=01;31:*.tgz=01;31:*.arc=01;31:*.arj=01;31:*.taz=01;31:*.lha=01;31:*.lz4=01;31:*.lzh=01;31:*.lzma=01;31:*.tlz=01;31:*.txz=01;31:*.tzo=01;31:*.t7z=01;31:*.zip=01;31:*.z=01;31:*.dz=01;31:*.gz=01;31:*.lrz=01;31:*.lz=01;31:*.lzo=01;31:*.xz=01;31:*.zst=01;31:*.tzst=01;31:*.bz2=01;31:*.bz=01;31:*.tbz=01;31:*.tbz2=01;31:*.tz=01;31:*.deb=01;31:*.rpm=01;31:*.jar=01;31:*.war=01;31:*.ear=01;31:*.sar=01;31:*.rar=01;31:*.alz=01;31:*.ace=01;31:*.zoo=01;31:*.cpio=01;31:*.7z=01;31:*.rz=01;31:*.cab=01;31:*.wim=01;31:*.swm=01;31:*.dwm=01;31:*.esd=01;31:*.jpg=01;35:*.jpeg=01;35:*.mjpg=01;35:*.mjpeg=01;35:*.gif=01;35:*.bmp=01;35:*.pbm=01;35:*.pgm=01;35:*.ppm=01;35:*.tga=01;35:*.xbm=01;35:*.xpm=01;35:*.tif=01;35:*.tiff=01;35:*.png=01;35:*.svg=01;35:*.svgz=01;35:*.mng=01;35:*.pcx=01;35:*.mov=01;35:*.mpg=01;35:*.mpeg=01;35:*.m2v=01;35:*.mkv=01;35:*.webm=01;35:*.webp=01;35:*.ogm=01;35:*.mp4=01;35:*.m4v=01;35:*.mp4v=01;35:*.vob=01;35:*.qt=01;35:*.nuv=01;35:*.wmv=01;35:*.asf=01;35:*.rm=01;35:*.rmvb=01;35:*.flc=01;35:*.avi=01;35:*.fli=01;35:*.flv=01;35:*.gl=01;35:*.dl=01;35:*.xcf=01;35:*.xwd=01;35:*.yuv=01;35:*.cgm=01;35:*.emf=01;35:*.ogv=01;35:*.ogx=01;35:*.aac=00;36:*.au=00;36:*.flac=00;36:*.m4a=00;36:*.mid=00;36:*.midi=00;36:*.mka=00;36:*.mp3=00;36:*.mpc=00;36:*.ogg=00;36:*.ra=00;36:*.wav=00;36:*.oga=00;36:*.opus=00;36:*.spx=00;36:*.xspf=00;36:', 'VSCODE_GIT_IPC_HANDLE': '/run/user/1000/vscode-git-5342160831.sock', 'TERM_PROGRAM': 'vscode', 'SSH_AGENT_LAUNCHER': 'gnome-keyring', 'SSH_AUTH_SOCK': '/run/user/1000/keyring/ssh', 'GSETTINGS_SCHEMA_DIR': '/home/me597/snap/code/167/.local/share/glib-2.0/schemas', 'ROS_DOMAIN_ID': '06', 'AMENT_PREFIX_PATH': '/home/me597/ros2/sim_ws/install/task_2_interfaces:/opt/ros/humble', 'ORIGINAL_XDG_CURRENT_DESKTOP': 'ubuntu:GNOME', 'SHELL': '/bin/bash', 'QT_ACCESSIBILITY': '1', 'GDMSESSION': 'ubuntu', 'LESSCLOSE': '/usr/bin/lesspipe %s %s', 'GTK_PATH_VSCODE_SNAP_ORIG': '', 'GTK_IM_MODULE_FILE_VSCODE_SNAP_ORIG': '', 'GJS_DEBUG_OUTPUT': 'stderr', 'VSCODE_GIT_ASKPASS_EXTRA_ARGS': '', 'QT_IM_MODULE': 'ibus', 'PWD': '/home/me597/ros2/sim_ws/build/task_2', 'TURTLEBOT3_MODEL': 'waffle', 'LC_ALL': 'en_US.UTF-8', 'XDG_CONFIG_DIRS': '/etc/xdg/xdg-ubuntu:/etc/xdg', 'XDG_DATA_DIRS': '/home/me597/snap/code/167/.local/share:/home/me597/snap/code/167:/snap/code/167/usr/share:/usr/share/ubuntu:/usr/local/share/:/usr/share/:/var/lib/snapd/desktop', 'PYTHONPATH': '/home/me597/ros2/sim_ws/build/task_2/prefix_override:/usr/lib/python3/dist-packages/colcon_core/task/python/colcon_distutils_commands:/home/me597/ros2/sim_ws/install/task_2/lib/python3.10/site-packages:/home/me597/ros2/sim_ws/install/task_2_interfaces/local/lib/python3.10/dist-packages:/opt/ros/humble/lib/python3.10/site-packages:/opt/ros/humble/local/lib/python3.10/dist-packages', 'COLCON': '1', 'CMAKE_PREFIX_PATH': '/home/me597/ros2/sim_ws/install/task_2_interfaces'}, 'shell': False}
[5.519327] (turtlebot3_gazebo) StdoutLine: {'line': b'-- Symlinking: /home/me597/ros2/sim_ws/install/turtlebot3_gazebo/share/turtlebot3_gazebo//models/red_object/model.rsdf\n'}
[5.535716] (turtlebot3_gazebo) StdoutLine: {'line': b'-- Symlinking: /home/me597/ros2/sim_ws/install/turtlebot3_gazebo/share/turtlebot3_gazebo//models/red_object/model.sdf\n'}
[5.554614] (turtlebot3_gazebo) StdoutLine: {'line': b'-- Symlinking: /home/me597/ros2/sim_ws/install/turtlebot3_gazebo/share/turtlebot3_gazebo//models/trash_can/meshes/trash_can.dae\n'}
[5.571574] (turtlebot3_gazebo) StdoutLine: {'line': b'-- Symlinking: /home/me597/ros2/sim_ws/install/turtlebot3_gazebo/share/turtlebot3_gazebo//models/trash_can/model.config\n'}
[5.590579] (turtlebot3_gazebo) StdoutLine: {'line': b'-- Symlinking: /home/me597/ros2/sim_ws/install/turtlebot3_gazebo/share/turtlebot3_gazebo//models/trash_can/model.sdf\n'}
[5.609567] (-) TimerEvent: {}
[5.614425] (turtlebot3_gazebo) StdoutLine: {'line': b'-- Symlinking: /home/me597/ros2/sim_ws/install/turtlebot3_gazebo/share/turtlebot3_gazebo//models/turtlebot3_common/meshes/burger_base.dae\n'}
[5.633328] (turtlebot3_gazebo) StdoutLine: {'line': b'-- Symlinking: /home/me597/ros2/sim_ws/install/turtlebot3_gazebo/share/turtlebot3_gazebo//models/turtlebot3_common/meshes/lds.dae\n'}
[5.657771] (turtlebot3_gazebo) StdoutLine: {'line': b'-- Symlinking: /home/me597/ros2/sim_ws/install/turtlebot3_gazebo/share/turtlebot3_gazebo//models/turtlebot3_common/meshes/r200.dae\n'}
[5.675633] (turtlebot3_gazebo) StdoutLine: {'line': b'-- Symlinking: /home/me597/ros2/sim_ws/install/turtlebot3_gazebo/share/turtlebot3_gazebo//models/turtlebot3_common/meshes/tire.dae\n'}
[5.689860] (turtlebot3_gazebo) StdoutLine: {'line': b'-- Symlinking: /home/me597/ros2/sim_ws/install/turtlebot3_gazebo/share/turtlebot3_gazebo//models/turtlebot3_common/meshes/waffle_base.dae\n'}
[5.705689] (turtlebot3_gazebo) StdoutLine: {'line': b'-- Symlinking: /home/me597/ros2/sim_ws/install/turtlebot3_gazebo/share/turtlebot3_gazebo//models/turtlebot3_common/model.config\n'}
[5.708172] (turtlebot3_gazebo) StdoutLine: {'line': b'-- Symlinking: /home/me597/ros2/sim_ws/install/turtlebot3_gazebo/share/turtlebot3_gazebo//models/turtlebot3_house/model.config\n'}
[5.714811] (-) TimerEvent: {}
[5.732994] (turtlebot3_gazebo) StdoutLine: {'line': b'-- Symlinking: /home/me597/ros2/sim_ws/install/turtlebot3_gazebo/share/turtlebot3_gazebo//models/turtlebot3_house/model.sdf\n'}
[5.748133] (turtlebot3_gazebo) StdoutLine: {'line': b'-- Symlinking: /home/me597/ros2/sim_ws/install/turtlebot3_gazebo/share/turtlebot3_gazebo//models/turtlebot3_waffle/model.config\n'}
[5.775541] (turtlebot3_gazebo) StdoutLine: {'line': b'-- Symlinking: /home/me597/ros2/sim_ws/install/turtlebot3_gazebo/share/turtlebot3_gazebo//models/turtlebot3_waffle/model.sdf\n'}
[5.794199] (turtlebot3_gazebo) StdoutLine: {'line': b'-- Symlinking: /home/me597/ros2/sim_ws/install/turtlebot3_gazebo/share/turtlebot3_gazebo//rviz/tb3_gazebo.rviz\n'}
[5.815024] (-) TimerEvent: {}
[5.816400] (turtlebot3_gazebo) StdoutLine: {'line': b'-- Symlinking: /home/me597/ros2/sim_ws/install/turtlebot3_gazebo/share/turtlebot3_gazebo//urdf/turtlebot3_waffle.urdf\n'}
[5.833381] (turtlebot3_gazebo) StdoutLine: {'line': b'-- Symlinking: /home/me597/ros2/sim_ws/install/turtlebot3_gazebo/share/turtlebot3_gazebo//worlds/Bonus\n'}
[5.869709] (turtlebot3_gazebo) StdoutLine: {'line': b'-- Symlinking: /home/me597/ros2/sim_ws/install/turtlebot3_gazebo/share/turtlebot3_gazebo//worlds/empty_world.world\n'}
[5.874738] (turtlebot3_gazebo) StdoutLine: {'line': b'-- Symlinking: /home/me597/ros2/sim_ws/install/turtlebot3_gazebo/share/turtlebot3_gazebo//worlds/house_closed.world\n'}
[5.903804] (turtlebot3_gazebo) StdoutLine: {'line': b'-- Symlinking: /home/me597/ros2/sim_ws/install/turtlebot3_gazebo/share/turtlebot3_gazebo//worlds/turtlebot3_house.world\n'}
[5.917966] (-) TimerEvent: {}
[5.937470] (turtlebot3_gazebo) StdoutLine: {'line': b'-- Symlinking: /home/me597/ros2/sim_ws/install/turtlebot3_gazebo/share/turtlebot3_gazebo//maps/map.pgm\n'}
[5.937681] (task_2) StderrLine: {'line': b'/usr/lib/python3/dist-packages/setuptools/command/easy_install.py:158: EasyInstallDeprecationWarning: easy_install command is deprecated. Use build and pip and other standards-based tools.\n'}
[5.937755] (task_2) StderrLine: {'line': b'  warnings.warn(\n'}
[5.937788] (task_2) StdoutLine: {'line': b'running develop\n'}
[5.951336] (turtlebot3_gazebo) StdoutLine: {'line': b'-- Symlinking: /home/me597/ros2/sim_ws/install/turtlebot3_gazebo/share/turtlebot3_gazebo//maps/map.yaml\n'}
[5.967732] (turtlebot3_gazebo) StdoutLine: {'line': b'-- Symlinking: /home/me597/ros2/sim_ws/install/turtlebot3_gazebo/share/turtlebot3_gazebo//maps/sync_classroom_map.pgm\n'}
[5.992207] (turtlebot3_gazebo) StdoutLine: {'line': b'-- Symlinking: /home/me597/ros2/sim_ws/install/turtlebot3_gazebo/share/turtlebot3_gazebo//maps/sync_classroom_map.yaml\n'}
[6.007414] (turtlebot3_gazebo) StdoutLine: {'line': b'-- Symlinking: /home/me597/ros2/sim_ws/install/turtlebot3_gazebo/share/turtlebot3_gazebo//params/amcl.yaml\n'}
[6.021662] (-) TimerEvent: {}
[6.030309] (turtlebot3_gazebo) StdoutLine: {'line': b'-- Symlinking: /home/me597/ros2/sim_ws/install/turtlebot3_gazebo/share/turtlebot3_gazebo//params/map_server.yaml\n'}
[6.053471] (turtlebot3_gazebo) StdoutLine: {'line': b'-- Symlinking: /home/me597/ros2/sim_ws/install/turtlebot3_gazebo/share/turtlebot3_gazebo//params/mapper_params_online_async.yaml\n'}
[6.068928] (turtlebot3_gazebo) StdoutLine: {'line': b'-- Symlinking: /home/me597/ros2/sim_ws/install/turtlebot3_gazebo/share/ament_index/resource_index/package_run_dependencies/turtlebot3_gazebo\n'}
[6.081113] (turtlebot3_gazebo) StdoutLine: {'line': b'-- Symlinking: /home/me597/ros2/sim_ws/install/turtlebot3_gazebo/share/ament_index/resource_index/parent_prefix_path/turtlebot3_gazebo\n'}
[6.102064] (turtlebot3_gazebo) StdoutLine: {'line': b'-- Symlinking: /home/me597/ros2/sim_ws/install/turtlebot3_gazebo/share/turtlebot3_gazebo/environment/ament_prefix_path.sh\n'}
[6.124830] (-) TimerEvent: {}
[6.128165] (turtlebot3_gazebo) StdoutLine: {'line': b'-- Symlinking: /home/me597/ros2/sim_ws/install/turtlebot3_gazebo/share/turtlebot3_gazebo/environment/ament_prefix_path.dsv\n'}
[6.149862] (task_2) StdoutLine: {'line': b'running egg_info\n'}
[6.149989] (task_2) StdoutLine: {'line': b'writing task_2.egg-info/PKG-INFO\n'}
[6.150021] (task_2) StdoutLine: {'line': b'writing dependency_links to task_2.egg-info/dependency_links.txt\n'}
[6.150046] (task_2) StdoutLine: {'line': b'writing entry points to task_2.egg-info/entry_points.txt\n'}
[6.150442] (turtlebot3_gazebo) StdoutLine: {'line': b'-- Symlinking: /home/me597/ros2/sim_ws/install/turtlebot3_gazebo/share/turtlebot3_gazebo/environment/path.sh\n'}
[6.154326] (task_2) StdoutLine: {'line': b'writing requirements to task_2.egg-info/requires.txt\n'}
[6.154450] (task_2) StdoutLine: {'line': b'writing top-level names to task_2.egg-info/top_level.txt\n'}
[6.166290] (task_2) StdoutLine: {'line': b"reading manifest file 'task_2.egg-info/SOURCES.txt'\n"}
[6.166450] (task_2) StdoutLine: {'line': b"writing manifest file 'task_2.egg-info/SOURCES.txt'\n"}
[6.170316] (task_2) StdoutLine: {'line': b'running build_ext\n'}
[6.170819] (task_2) StdoutLine: {'line': b'Creating /home/me597/ros2/sim_ws/install/task_2/lib/python3.10/site-packages/task-2.egg-link (link to .)\n'}
[6.170859] (task_2) StdoutLine: {'line': b'Installing client script to /home/me597/ros2/sim_ws/install/task_2/lib/task_2\n'}
[6.170888] (task_2) StdoutLine: {'line': b'Installing service script to /home/me597/ros2/sim_ws/install/task_2/lib/task_2\n'}
[6.170926] (task_2) StdoutLine: {'line': b'Installing talker script to /home/me597/ros2/sim_ws/install/task_2/lib/task_2\n'}
[6.171254] (task_2) StdoutLine: {'line': b'\n'}
[6.171340] (task_2) StdoutLine: {'line': b'Installed /home/me597/ros2/sim_ws/build/task_2\n'}
[6.172041] (turtlebot3_gazebo) StdoutLine: {'line': b'-- Symlinking: /home/me597/ros2/sim_ws/install/turtlebot3_gazebo/share/turtlebot3_gazebo/environment/path.dsv\n'}
[6.178392] (task_2) StdoutLine: {'line': b'running symlink_data\n'}
[6.178545] (task_2) StdoutLine: {'line': b'symbolically linking /home/me597/ros2/sim_ws/build/task_2/resource/task_2 -> /home/me597/ros2/sim_ws/install/task_2/share/ament_index/resource_index/packages\n'}
[6.178584] (task_2) StdoutLine: {'line': b'symbolically linking /home/me597/ros2/sim_ws/build/task_2/package.xml -> /home/me597/ros2/sim_ws/install/task_2/share/task_2\n'}
[6.201192] (turtlebot3_gazebo) StdoutLine: {'line': b'-- Symlinking: /home/me597/ros2/sim_ws/install/turtlebot3_gazebo/share/turtlebot3_gazebo/local_setup.bash\n'}
[6.223980] (task_2) CommandEnded: {'returncode': 0}
[6.225658] (-) TimerEvent: {}
[6.225753] (turtlebot3_gazebo) StdoutLine: {'line': b'-- Symlinking: /home/me597/ros2/sim_ws/install/turtlebot3_gazebo/share/turtlebot3_gazebo/local_setup.sh\n'}
[6.242385] (task_2) JobEnded: {'identifier': 'task_2', 'rc': 0}
[6.244847] (turtlebot3_gazebo) StdoutLine: {'line': b'-- Symlinking: /home/me597/ros2/sim_ws/install/turtlebot3_gazebo/share/turtlebot3_gazebo/local_setup.zsh\n'}
[6.259608] (turtlebot3_gazebo) StdoutLine: {'line': b'-- Symlinking: /home/me597/ros2/sim_ws/install/turtlebot3_gazebo/share/turtlebot3_gazebo/local_setup.dsv\n'}
[6.269695] (turtlebot3_gazebo) StdoutLine: {'line': b'-- Symlinking: /home/me597/ros2/sim_ws/install/turtlebot3_gazebo/share/turtlebot3_gazebo/package.dsv\n'}
[6.279781] (turtlebot3_gazebo) StdoutLine: {'line': b'-- Symlinking: /home/me597/ros2/sim_ws/install/turtlebot3_gazebo/share/ament_index/resource_index/packages/turtlebot3_gazebo\n'}
[6.291198] (turtlebot3_gazebo) StdoutLine: {'line': b'-- Symlinking: /home/me597/ros2/sim_ws/install/turtlebot3_gazebo/share/turtlebot3_gazebo/cmake/ament_cmake_export_include_directories-extras.cmake\n'}
[6.299948] (turtlebot3_gazebo) StdoutLine: {'line': b'-- Symlinking: /home/me597/ros2/sim_ws/install/turtlebot3_gazebo/share/turtlebot3_gazebo/cmake/ament_cmake_export_dependencies-extras.cmake\n'}
[6.309687] (turtlebot3_gazebo) StdoutLine: {'line': b'-- Symlinking: /home/me597/ros2/sim_ws/install/turtlebot3_gazebo/share/turtlebot3_gazebo/cmake/turtlebot3_gazeboConfig.cmake\n'}
[6.329203] (-) TimerEvent: {}
[6.331276] (turtlebot3_gazebo) StdoutLine: {'line': b'-- Symlinking: /home/me597/ros2/sim_ws/install/turtlebot3_gazebo/share/turtlebot3_gazebo/cmake/turtlebot3_gazeboConfig-version.cmake\n'}
[6.336994] (turtlebot3_gazebo) StdoutLine: {'line': b'-- Symlinking: /home/me597/ros2/sim_ws/install/turtlebot3_gazebo/share/turtlebot3_gazebo/package.xml\n'}
[6.356066] (turtlebot3_gazebo) StdoutLine: {'line': b'-- Up-to-date: /home/me597/ros2/sim_ws/install/turtlebot3_gazebo/lib/turtlebot3_gazebo/task1\n'}
[6.356248] (turtlebot3_gazebo) StdoutLine: {'line': b'-- Up-to-date: /home/me597/ros2/sim_ws/install/turtlebot3_gazebo/lib/turtlebot3_gazebo/task2\n'}
[6.356285] (turtlebot3_gazebo) StdoutLine: {'line': b'-- Up-to-date: /home/me597/ros2/sim_ws/install/turtlebot3_gazebo/lib/turtlebot3_gazebo/task3\n'}
[6.356323] (turtlebot3_gazebo) StdoutLine: {'line': b'-- Up-to-date: /home/me597/ros2/sim_ws/install/turtlebot3_gazebo/lib/turtlebot3_gazebo/spawn_objects\n'}
[6.356353] (turtlebot3_gazebo) StdoutLine: {'line': b'-- Up-to-date: /home/me597/ros2/sim_ws/install/turtlebot3_gazebo/lib/turtlebot3_gazebo/task2_bonus\n'}
[6.356380] (turtlebot3_gazebo) StdoutLine: {'line': b'-- Up-to-date: /home/me597/ros2/sim_ws/install/turtlebot3_gazebo/lib/turtlebot3_gazebo/static_obstacles\n'}
[6.367489] (turtlebot3_gazebo) CommandEnded: {'returncode': 0}
[6.430880] (-) TimerEvent: {}
[6.445829] (turtlebot3_gazebo) JobEnded: {'identifier': 'turtlebot3_gazebo', 'rc': 0}
[6.446610] (-) EventReactorShutdown: {}
